HIERARCHY
ROOT __0
{
	OFFSET 0.0 0.0 0.0
	CHANNELS 0
	JOINT Hips
	{
		OFFSET 0.000000 -0.003050 0.105335
		CHANNELS 6 Xposition Yposition Zposition Xrotation Yrotation Zrotation
		JOINT LHipJoint
		{
			OFFSET 0.000000 0.000000 0.000000
			CHANNELS 6 Xposition Yposition Zposition Xrotation Yrotation Zrotation
			JOINT LeftUpLeg
			{
				OFFSET 0.108498 0.010680 -0.004987
				CHANNELS 6 Xposition Yposition Zposition Xrotation Yrotation Zrotation
				JOINT LeftLeg
				{
					OFFSET 0.042813 -0.034513 -0.413943
					CHANNELS 6 Xposition Yposition Zposition Xrotation Yrotation Zrotation
					JOINT LeftFoot
					{
						OFFSET 0.046451 0.011673 -0.433565
						CHANNELS 6 Xposition Yposition Zposition Xrotation Yrotation Zrotation
						JOINT LeftToeBase
						{
							OFFSET 0.014582 -0.140202 -0.044665
							CHANNELS 6 Xposition Yposition Zposition Xrotation Yrotation Zrotation
							End Site
							{
								OFFSET 0.000453 -0.020470 -0.002421
							}
						}
					}
				}
			}
		}
		JOINT LowerBack
		{
			OFFSET -0.000000 0.031892 0.087417
			CHANNELS 6 Xposition Yposition Zposition Xrotation Yrotation Zrotation
			JOINT Spine
			{
				OFFSET 0.000000 -0.000295 0.129738
				CHANNELS 6 Xposition Yposition Zposition Xrotation Yrotation Zrotation
				JOINT Spine1
				{
					OFFSET 0.000000 0.021603 0.135532
					CHANNELS 6 Xposition Yposition Zposition Xrotation Yrotation Zrotation
					JOINT LeftShoulder
					{
						OFFSET 0.022776 -0.072500 0.132876
						CHANNELS 6 Xposition Yposition Zposition Xrotation Yrotation Zrotation
						JOINT LeftArm
						{
							OFFSET 0.163716 0.004516 -0.030142
							CHANNELS 6 Xposition Yposition Zposition Xrotation Yrotation Zrotation
							JOINT LeftForeArm
							{
								OFFSET 0.165715 0.002195 -0.189845
								CHANNELS 6 Xposition Yposition Zposition Xrotation Yrotation Zrotation
								JOINT LeftHand
								{
									OFFSET 0.134640 -0.191983 -0.128679
									CHANNELS 6 Xposition Yposition Zposition Xrotation Yrotation Zrotation
									JOINT LThumb
									{
										OFFSET 0.001148 -0.048713 -0.006655
										CHANNELS 6 Xposition Yposition Zposition Xrotation Yrotation Zrotation
										End Site
										{
											OFFSET -0.022792 -0.023319 -0.008550
										}
									}
									JOINT LeftFingerBase
									{
										OFFSET 0.011701 -0.029588 -0.016302
										CHANNELS 6 Xposition Yposition Zposition Xrotation Yrotation Zrotation
										JOINT LeftHandFinger1
										{
											OFFSET 0.018464 -0.075698 -0.024375
											CHANNELS 6 Xposition Yposition Zposition Xrotation Yrotation Zrotation
											End Site
											{
												OFFSET 0.003628 -0.023358 -0.015690
											}
										}
									}
								}
							}
						}
					}
					JOINT Neck
					{
						OFFSET 0.000000 -0.061697 0.207353
						CHANNELS 6 Xposition Yposition Zposition Xrotation Yrotation Zrotation
						JOINT Neck1
						{
							OFFSET 0.000000 -0.018035 0.048318
							CHANNELS 6 Xposition Yposition Zposition Xrotation Yrotation Zrotation
							JOINT Head
							{
								OFFSET 0.000000 -0.018035 0.048318
								CHANNELS 6 Xposition Yposition Zposition Xrotation Yrotation Zrotation
								End Site
								{
									OFFSET 0.000000 0.006522 0.155782
								}
							}
						}
					}
					JOINT RightShoulder
					{
						OFFSET -0.022776 -0.072500 0.132876
						CHANNELS 6 Xposition Yposition Zposition Xrotation Yrotation Zrotation
						JOINT RightArm
						{
							OFFSET -0.163716 0.004516 -0.030142
							CHANNELS 6 Xposition Yposition Zposition Xrotation Yrotation Zrotation
							JOINT RightForeArm
							{
								OFFSET -0.165715 0.002195 -0.189845
								CHANNELS 6 Xposition Yposition Zposition Xrotation Yrotation Zrotation
								JOINT RightHand
								{
									OFFSET -0.134640 -0.191983 -0.128679
									CHANNELS 6 Xposition Yposition Zposition Xrotation Yrotation Zrotation
									JOINT RThumb
									{
										OFFSET -0.001148 -0.048713 -0.006655
										CHANNELS 6 Xposition Yposition Zposition Xrotation Yrotation Zrotation
										End Site
										{
											OFFSET 0.022792 -0.023319 -0.008550
										}
									}
									JOINT RightFingerBase
									{
										OFFSET -0.011701 -0.029588 -0.016302
										CHANNELS 6 Xposition Yposition Zposition Xrotation Yrotation Zrotation
										JOINT RightHandFinger1
										{
											OFFSET -0.018464 -0.075698 -0.024375
											CHANNELS 6 Xposition Yposition Zposition Xrotation Yrotation Zrotation
											End Site
											{
												OFFSET -0.003628 -0.023358 -0.015690
											}
										}
									}
								}
							}
						}
					}
				}
			}
		}
		JOINT RHipJoint
		{
			OFFSET 0.000000 0.000000 0.000000
			CHANNELS 6 Xposition Yposition Zposition Xrotation Yrotation Zrotation
			JOINT RightUpLeg
			{
				OFFSET -0.108498 0.010680 -0.004987
				CHANNELS 6 Xposition Yposition Zposition Xrotation Yrotation Zrotation
				JOINT RightLeg
				{
					OFFSET -0.042813 -0.034513 -0.413943
					CHANNELS 6 Xposition Yposition Zposition Xrotation Yrotation Zrotation
					JOINT RightFoot
					{
						OFFSET -0.046451 0.011673 -0.433565
						CHANNELS 6 Xposition Yposition Zposition Xrotation Yrotation Zrotation
						JOINT RightToeBase
						{
							OFFSET -0.014582 -0.140202 -0.044665
							CHANNELS 6 Xposition Yposition Zposition Xrotation Yrotation Zrotation
							End Site
							{
								OFFSET -0.000453 -0.020470 -0.002421
							}
						}
					}
				}
			}
		}
	}
	JOINT elbow.ik.L
	{
		OFFSET 0.352207 -0.062555 0.370911
		CHANNELS 6 Xposition Yposition Zposition Xrotation Yrotation Zrotation
		End Site
		{
			OFFSET 0.000000 -0.062555 0.000000
		}
	}
	JOINT hand.ik.L
	{
		OFFSET 0.486847 -0.207622 0.242231
		CHANNELS 6 Xposition Yposition Zposition Xrotation Yrotation Zrotation
		End Site
		{
			OFFSET 0.011701 -0.029588 -0.016302
		}
	}
	JOINT elbow.ik.R
	{
		OFFSET -0.352207 -0.062555 0.370911
		CHANNELS 6 Xposition Yposition Zposition Xrotation Yrotation Zrotation
		End Site
		{
			OFFSET 0.000000 -0.062555 0.000000
		}
	}
	JOINT hand.ik.R
	{
		OFFSET -0.486847 -0.207622 0.242231
		CHANNELS 6 Xposition Yposition Zposition Xrotation Yrotation Zrotation
		End Site
		{
			OFFSET -0.011701 -0.029588 -0.016302
		}
	}
	JOINT knee.ik.L
	{
		OFFSET 0.151311 -0.268834 -0.313595
		CHANNELS 6 Xposition Yposition Zposition Xrotation Yrotation Zrotation
		End Site
		{
			OFFSET 0.000000 -0.134417 0.000000
		}
	}
	JOINT foot.ik.L
	{
		OFFSET 0.197762 -0.015211 -0.747160
		CHANNELS 6 Xposition Yposition Zposition Xrotation Yrotation Zrotation
		End Site
		{
			OFFSET 0.014582 -0.140202 -0.044665
		}
	}
	JOINT knee.ik.R
	{
		OFFSET -0.151311 -0.268834 -0.313595
		CHANNELS 6 Xposition Yposition Zposition Xrotation Yrotation Zrotation
		End Site
		{
			OFFSET 0.000000 -0.134417 0.000000
		}
	}
	JOINT foot.ik.R
	{
		OFFSET -0.197762 -0.015211 -0.747160
		CHANNELS 6 Xposition Yposition Zposition Xrotation Yrotation Zrotation
		End Site
		{
			OFFSET -0.014582 -0.140202 -0.044665
		}
	}
}
MOTION
Frames: 250
Frame Time: 0.041667
0.000000 -0.210014 0.052218 9.577158 0.000000 -0.000000 0.000000 -0.000000 -0.000000 -0.000001 0.000000 -0.000001 0.108498 0.010680 -0.004987 -51.910513 3.233828 -2.754348 0.042686 -0.033397 -0.412863 36.706249 4.702672 2.347132 0.051757 0.026022 -0.434841 -6.906977 -5.816532 -8.145475 0.014582 -0.140203 -0.041002 -0.000002 0.000001 0.000000 0.000000 0.031892 0.087417 -0.000003 0.000000 -0.000000 0.000000 -0.000295 0.129738 -0.000000 0.000000 -0.000000 0.000000 0.021603 0.135532 0.000003 0.000000 -0.000000 0.022776 -0.072500 0.132876 0.000001 0.000000 -0.000000 0.163716 0.004516 -0.030142 29.330304 23.861013 -1.254537 0.165715 0.002195 -0.189845 17.766840 8.169188 -9.106849 0.134640 -0.191983 -0.128679 -20.422447 16.986858 7.569700 0.001147 -0.048713 -0.006655 -0.000001 -0.000000 0.000003 0.011701 -0.029588 -0.016302 -0.000004 -0.000002 0.000000 0.018464 -0.075698 -0.024375 -0.000002 0.000004 0.000000 0.000000 -0.061697 0.207353 -0.000002 0.000000 -0.000000 0.000000 -0.018035 0.048318 -0.000003 0.000000 -0.000000 0.000000 -0.018035 0.048318 -0.000002 0.000000 -0.000000 -0.022776 -0.072500 0.132876 0.000001 -0.000000 0.000000 -0.163716 0.004516 -0.030142 -0.522852 -27.323214 8.756569 -0.165715 0.002195 -0.189845 5.220011 -5.584096 6.860060 -0.134640 -0.191983 -0.128679 -14.431765 -3.399414 -9.908349 -0.011509 -0.048713 0.001674 -0.000002 0.000000 0.000000 -0.011701 -0.029588 -0.016302 -0.000001 0.000003 -0.000001 -0.018463 -0.075698 -0.024375 -0.000004 0.000003 -0.000000 -0.000000 -0.000000 -0.000000 -0.000001 -0.000000 0.000001 -0.108498 0.010680 -0.004987 -8.950229 -6.381049 1.215893 -0.042813 -0.034513 -0.413943 27.175482 -2.238431 -2.406865 -0.057838 0.011271 -0.433514 -28.096943 7.245561 2.043135 -0.014582 -0.140202 -0.044665 -0.000002 0.000001 -0.000000 0.352207 -0.331174 0.370911 -0.000000 0.000000 -0.000000 0.253490 -0.139412 0.043517 38.570300 51.595071 -0.000012 -0.275499 -0.250273 0.370911 -0.000000 0.000000 -0.000000 -0.232716 -0.461183 0.053609 -0.000001 -38.791356 0.000007 0.125668 -0.265692 -0.313595 -0.000000 0.000000 -0.000000 0.130146 -0.534334 -0.668620 -12.382659 0.000001 -9.258735 -0.113330 -0.268834 -0.313595 -0.000000 0.000000 -0.000000 -0.095191 -0.015211 -0.747160 -0.000001 -0.000001 -0.000000 
0.000000 -0.210014 0.052218 9.577158 0.000000 -0.000000 0.000000 -0.000000 -0.000000 -0.000001 0.000000 -0.000001 0.108498 0.010680 -0.004987 -51.910513 3.233828 -2.754348 0.042686 -0.033397 -0.412863 36.706249 4.702672 2.347132 0.051757 0.026022 -0.434841 -6.906977 -5.816532 -8.145475 0.014582 -0.140203 -0.041002 -0.000002 0.000001 0.000000 0.000000 0.031892 0.087417 -0.000003 0.000000 -0.000000 0.000000 -0.000295 0.129738 -0.000000 0.000000 -0.000000 0.000000 0.021603 0.135532 0.000003 0.000000 -0.000000 0.022776 -0.072500 0.132876 0.000001 0.000000 -0.000000 0.163716 0.004516 -0.030142 29.330304 23.861013 -1.254537 0.165715 0.002195 -0.189845 17.766840 8.169188 -9.106849 0.134640 -0.191983 -0.128679 -20.422447 16.986858 7.569700 0.001147 -0.048713 -0.006655 -0.000001 -0.000000 0.000003 0.011701 -0.029588 -0.016302 -0.000004 -0.000002 0.000000 0.018464 -0.075698 -0.024375 -0.000002 0.000004 0.000000 0.000000 -0.061697 0.207353 -0.000002 0.000000 -0.000000 0.000000 -0.018035 0.048318 -0.000003 0.000000 -0.000000 0.000000 -0.018035 0.048318 -0.000002 0.000000 -0.000000 -0.022776 -0.072500 0.132876 0.000001 -0.000000 0.000000 -0.163716 0.004516 -0.030142 -0.522852 -27.323214 8.756569 -0.165715 0.002195 -0.189845 5.220011 -5.584096 6.860060 -0.134640 -0.191983 -0.128679 -14.431765 -3.399414 -9.908349 -0.011509 -0.048713 0.001674 -0.000002 0.000000 0.000000 -0.011701 -0.029588 -0.016302 -0.000001 0.000003 -0.000001 -0.018463 -0.075698 -0.024375 -0.000004 0.000003 -0.000000 -0.000000 -0.000000 -0.000000 -0.000001 -0.000000 0.000001 -0.108498 0.010680 -0.004987 -8.950229 -6.381049 1.215893 -0.042813 -0.034513 -0.413943 27.175482 -2.238431 -2.406865 -0.057838 0.011271 -0.433514 -28.096943 7.245561 2.043135 -0.014582 -0.140202 -0.044665 -0.000002 0.000001 -0.000000 0.352207 -0.331174 0.370911 -0.000000 0.000000 -0.000000 0.253490 -0.139412 0.043517 38.570300 51.595071 -0.000012 -0.275499 -0.250273 0.370911 -0.000000 0.000000 -0.000000 -0.232716 -0.461183 0.053609 -0.000001 -38.791356 0.000007 0.125668 -0.265692 -0.313595 -0.000000 0.000000 -0.000000 0.130146 -0.534334 -0.668620 -12.382659 0.000001 -9.258735 -0.113330 -0.268834 -0.313595 -0.000000 0.000000 -0.000000 -0.095191 -0.015211 -0.747160 -0.000001 -0.000001 -0.000000 
0.000000 -0.210014 0.052218 9.577158 0.000000 -0.000000 0.000000 -0.000000 -0.000000 -0.000001 0.000000 -0.000001 0.108498 0.010680 -0.004987 -51.910513 3.233828 -2.754348 0.042686 -0.033397 -0.412863 36.706249 4.702672 2.347132 0.051757 0.026022 -0.434841 -6.906977 -5.816532 -8.145475 0.014582 -0.140203 -0.041002 -0.000002 0.000001 0.000000 0.000000 0.031892 0.087417 -0.000003 0.000000 -0.000000 0.000000 -0.000295 0.129738 -0.000000 0.000000 -0.000000 0.000000 0.021603 0.135532 0.000003 0.000000 -0.000000 0.022776 -0.072500 0.132876 0.000001 0.000000 -0.000000 0.163716 0.004516 -0.030142 29.330304 23.861013 -1.254537 0.165715 0.002195 -0.189845 17.766840 8.169188 -9.106849 0.134640 -0.191983 -0.128679 -20.422447 16.986858 7.569700 0.001147 -0.048713 -0.006655 -0.000001 -0.000000 0.000003 0.011701 -0.029588 -0.016302 -0.000004 -0.000002 0.000000 0.018464 -0.075698 -0.024375 -0.000002 0.000004 0.000000 0.000000 -0.061697 0.207353 -0.000002 0.000000 -0.000000 0.000000 -0.018035 0.048318 -0.000003 0.000000 -0.000000 0.000000 -0.018035 0.048318 -0.000002 0.000000 -0.000000 -0.022776 -0.072500 0.132876 0.000001 -0.000000 0.000000 -0.163716 0.004516 -0.030142 -0.522852 -27.323214 8.756569 -0.165715 0.002195 -0.189845 5.220011 -5.584096 6.860060 -0.134640 -0.191983 -0.128679 -14.431765 -3.399414 -9.908349 -0.011509 -0.048713 0.001674 -0.000002 0.000000 0.000000 -0.011701 -0.029588 -0.016302 -0.000001 0.000003 -0.000001 -0.018463 -0.075698 -0.024375 -0.000004 0.000003 -0.000000 -0.000000 -0.000000 -0.000000 -0.000001 -0.000000 0.000001 -0.108498 0.010680 -0.004987 -8.950229 -6.381049 1.215893 -0.042813 -0.034513 -0.413943 27.175482 -2.238431 -2.406865 -0.057838 0.011271 -0.433514 -28.096943 7.245561 2.043135 -0.014582 -0.140202 -0.044665 -0.000002 0.000001 -0.000000 0.352207 -0.331174 0.370911 -0.000000 0.000000 -0.000000 0.253490 -0.139412 0.043517 38.570300 51.595071 -0.000012 -0.275499 -0.250273 0.370911 -0.000000 0.000000 -0.000000 -0.232716 -0.461183 0.053609 -0.000001 -38.791356 0.000007 0.125668 -0.265692 -0.313595 -0.000000 0.000000 -0.000000 0.130146 -0.534334 -0.668620 -12.382659 0.000001 -9.258735 -0.113330 -0.268834 -0.313595 -0.000000 0.000000 -0.000000 -0.095191 -0.015211 -0.747160 -0.000001 -0.000001 -0.000000 
0.000000 -0.210014 0.052218 9.577158 0.000000 -0.000000 0.000000 -0.000000 -0.000000 -0.000001 0.000000 -0.000001 0.108498 0.010680 -0.004987 -51.910513 3.233828 -2.754348 0.042686 -0.033397 -0.412863 36.706249 4.702672 2.347132 0.051757 0.026022 -0.434841 -6.906977 -5.816532 -8.145475 0.014582 -0.140203 -0.041002 -0.000002 0.000001 0.000000 0.000000 0.031892 0.087417 -0.000003 0.000000 -0.000000 0.000000 -0.000295 0.129738 -0.000000 0.000000 -0.000000 0.000000 0.021603 0.135532 0.000003 0.000000 -0.000000 0.022776 -0.072500 0.132876 0.000001 0.000000 -0.000000 0.163716 0.004516 -0.030142 29.330304 23.861013 -1.254537 0.165715 0.002195 -0.189845 17.766840 8.169188 -9.106849 0.134640 -0.191983 -0.128679 -20.422447 16.986858 7.569700 0.001147 -0.048713 -0.006655 -0.000001 -0.000000 0.000003 0.011701 -0.029588 -0.016302 -0.000004 -0.000002 0.000000 0.018464 -0.075698 -0.024375 -0.000002 0.000004 0.000000 0.000000 -0.061697 0.207353 -0.000002 0.000000 -0.000000 0.000000 -0.018035 0.048318 -0.000003 0.000000 -0.000000 0.000000 -0.018035 0.048318 -0.000002 0.000000 -0.000000 -0.022776 -0.072500 0.132876 0.000001 -0.000000 0.000000 -0.163716 0.004516 -0.030142 -0.522852 -27.323214 8.756569 -0.165715 0.002195 -0.189845 5.220011 -5.584096 6.860060 -0.134640 -0.191983 -0.128679 -14.431765 -3.399414 -9.908349 -0.011509 -0.048713 0.001674 -0.000002 0.000000 0.000000 -0.011701 -0.029588 -0.016302 -0.000001 0.000003 -0.000001 -0.018463 -0.075698 -0.024375 -0.000004 0.000003 -0.000000 -0.000000 -0.000000 -0.000000 -0.000001 -0.000000 0.000001 -0.108498 0.010680 -0.004987 -8.950229 -6.381049 1.215893 -0.042813 -0.034513 -0.413943 27.175482 -2.238431 -2.406865 -0.057838 0.011271 -0.433514 -28.096943 7.245561 2.043135 -0.014582 -0.140202 -0.044665 -0.000002 0.000001 -0.000000 0.352207 -0.331174 0.370911 -0.000000 0.000000 -0.000000 0.253490 -0.139412 0.043517 38.570300 51.595071 -0.000012 -0.275499 -0.250273 0.370911 -0.000000 0.000000 -0.000000 -0.232716 -0.461183 0.053609 -0.000001 -38.791356 0.000007 0.125668 -0.265692 -0.313595 -0.000000 0.000000 -0.000000 0.130146 -0.534334 -0.668620 -12.382659 0.000001 -9.258735 -0.113330 -0.268834 -0.313595 -0.000000 0.000000 -0.000000 -0.095191 -0.015211 -0.747160 -0.000001 -0.000001 -0.000000 
0.000000 -0.210014 0.052218 9.577158 0.000000 -0.000000 0.000000 -0.000000 -0.000000 -0.000001 0.000000 -0.000001 0.108498 0.010680 -0.004987 -51.910513 3.233828 -2.754348 0.042686 -0.033397 -0.412863 36.706249 4.702672 2.347132 0.051757 0.026022 -0.434841 -6.906977 -5.816532 -8.145475 0.014582 -0.140203 -0.041002 -0.000002 0.000001 0.000000 0.000000 0.031892 0.087417 -0.000003 0.000000 -0.000000 0.000000 -0.000295 0.129738 -0.000000 0.000000 -0.000000 0.000000 0.021603 0.135532 0.000003 0.000000 -0.000000 0.022776 -0.072500 0.132876 0.000001 0.000000 -0.000000 0.163716 0.004516 -0.030142 29.330304 23.861013 -1.254537 0.165715 0.002195 -0.189845 17.766840 8.169188 -9.106849 0.134640 -0.191983 -0.128679 -20.422447 16.986858 7.569700 0.001147 -0.048713 -0.006655 -0.000001 -0.000000 0.000003 0.011701 -0.029588 -0.016302 -0.000004 -0.000002 0.000000 0.018464 -0.075698 -0.024375 -0.000002 0.000004 0.000000 0.000000 -0.061697 0.207353 -0.000002 0.000000 -0.000000 0.000000 -0.018035 0.048318 -0.000003 0.000000 -0.000000 0.000000 -0.018035 0.048318 -0.000002 0.000000 -0.000000 -0.022776 -0.072500 0.132876 0.000001 -0.000000 0.000000 -0.163716 0.004516 -0.030142 -0.522852 -27.323214 8.756569 -0.165715 0.002195 -0.189845 5.220011 -5.584096 6.860060 -0.134640 -0.191983 -0.128679 -14.431765 -3.399414 -9.908349 -0.011509 -0.048713 0.001674 -0.000002 0.000000 0.000000 -0.011701 -0.029588 -0.016302 -0.000001 0.000003 -0.000001 -0.018463 -0.075698 -0.024375 -0.000004 0.000003 -0.000000 -0.000000 -0.000000 -0.000000 -0.000001 -0.000000 0.000001 -0.108498 0.010680 -0.004987 -8.950229 -6.381049 1.215893 -0.042813 -0.034513 -0.413943 27.175482 -2.238431 -2.406865 -0.057838 0.011271 -0.433514 -28.096943 7.245561 2.043135 -0.014582 -0.140202 -0.044665 -0.000002 0.000001 -0.000000 0.352207 -0.331174 0.370911 -0.000000 0.000000 -0.000000 0.253490 -0.139412 0.043517 38.570300 51.595071 -0.000012 -0.275499 -0.250273 0.370911 -0.000000 0.000000 -0.000000 -0.232716 -0.461183 0.053609 -0.000001 -38.791356 0.000007 0.125668 -0.265692 -0.313595 -0.000000 0.000000 -0.000000 0.130146 -0.534334 -0.668620 -12.382659 0.000001 -9.258735 -0.113330 -0.268834 -0.313595 -0.000000 0.000000 -0.000000 -0.095191 -0.015211 -0.747160 -0.000001 -0.000001 -0.000000 
0.000000 -0.210014 0.052218 9.577158 0.000000 -0.000000 0.000000 -0.000000 -0.000000 -0.000001 0.000000 -0.000001 0.108498 0.010680 -0.004987 -51.910513 3.233828 -2.754348 0.042686 -0.033397 -0.412863 36.706249 4.702672 2.347132 0.051757 0.026022 -0.434841 -6.906977 -5.816532 -8.145475 0.014582 -0.140203 -0.041002 -0.000002 0.000001 0.000000 0.000000 0.031892 0.087417 -0.000003 0.000000 -0.000000 0.000000 -0.000295 0.129738 -0.000000 0.000000 -0.000000 0.000000 0.021603 0.135532 0.000003 0.000000 -0.000000 0.022776 -0.072500 0.132876 0.000001 0.000000 -0.000000 0.163716 0.004516 -0.030142 29.330304 23.861013 -1.254537 0.165715 0.002195 -0.189845 17.766840 8.169188 -9.106849 0.134640 -0.191983 -0.128679 -20.422447 16.986858 7.569700 0.001147 -0.048713 -0.006655 -0.000001 -0.000000 0.000003 0.011701 -0.029588 -0.016302 -0.000004 -0.000002 0.000000 0.018464 -0.075698 -0.024375 -0.000002 0.000004 0.000000 0.000000 -0.061697 0.207353 -0.000002 0.000000 -0.000000 0.000000 -0.018035 0.048318 -0.000003 0.000000 -0.000000 0.000000 -0.018035 0.048318 -0.000002 0.000000 -0.000000 -0.022776 -0.072500 0.132876 0.000001 -0.000000 0.000000 -0.163716 0.004516 -0.030142 -0.522852 -27.323214 8.756569 -0.165715 0.002195 -0.189845 5.220011 -5.584096 6.860060 -0.134640 -0.191983 -0.128679 -14.431765 -3.399414 -9.908349 -0.011509 -0.048713 0.001674 -0.000002 0.000000 0.000000 -0.011701 -0.029588 -0.016302 -0.000001 0.000003 -0.000001 -0.018463 -0.075698 -0.024375 -0.000004 0.000003 -0.000000 -0.000000 -0.000000 -0.000000 -0.000001 -0.000000 0.000001 -0.108498 0.010680 -0.004987 -8.950229 -6.381049 1.215893 -0.042813 -0.034513 -0.413943 27.175482 -2.238431 -2.406865 -0.057838 0.011271 -0.433514 -28.096943 7.245561 2.043135 -0.014582 -0.140202 -0.044665 -0.000002 0.000001 -0.000000 0.352207 -0.331174 0.370911 -0.000000 0.000000 -0.000000 0.253490 -0.139412 0.043517 38.570300 51.595071 -0.000012 -0.275499 -0.250273 0.370911 -0.000000 0.000000 -0.000000 -0.232716 -0.461183 0.053609 -0.000001 -38.791356 0.000007 0.125668 -0.265692 -0.313595 -0.000000 0.000000 -0.000000 0.130146 -0.534334 -0.668620 -12.382659 0.000001 -9.258735 -0.113330 -0.268834 -0.313595 -0.000000 0.000000 -0.000000 -0.095191 -0.015211 -0.747160 -0.000001 -0.000001 -0.000000 
0.000000 -0.210014 0.052218 9.577158 0.000000 -0.000000 0.000000 -0.000000 -0.000000 -0.000001 0.000000 -0.000001 0.108498 0.010680 -0.004987 -51.910513 3.233828 -2.754348 0.042686 -0.033397 -0.412863 36.706249 4.702672 2.347132 0.051757 0.026022 -0.434841 -6.906977 -5.816532 -8.145475 0.014582 -0.140203 -0.041002 -0.000002 0.000001 0.000000 0.000000 0.031892 0.087417 -0.000003 0.000000 -0.000000 0.000000 -0.000295 0.129738 -0.000000 0.000000 -0.000000 0.000000 0.021603 0.135532 0.000003 0.000000 -0.000000 0.022776 -0.072500 0.132876 0.000001 0.000000 -0.000000 0.163716 0.004516 -0.030142 29.330304 23.861013 -1.254537 0.165715 0.002195 -0.189845 17.766840 8.169188 -9.106849 0.134640 -0.191983 -0.128679 -20.422447 16.986858 7.569700 0.001147 -0.048713 -0.006655 -0.000001 -0.000000 0.000003 0.011701 -0.029588 -0.016302 -0.000004 -0.000002 0.000000 0.018464 -0.075698 -0.024375 -0.000002 0.000004 0.000000 0.000000 -0.061697 0.207353 -0.000002 0.000000 -0.000000 0.000000 -0.018035 0.048318 -0.000003 0.000000 -0.000000 0.000000 -0.018035 0.048318 -0.000002 0.000000 -0.000000 -0.022776 -0.072500 0.132876 0.000001 -0.000000 0.000000 -0.163716 0.004516 -0.030142 -0.522852 -27.323214 8.756569 -0.165715 0.002195 -0.189845 5.220011 -5.584096 6.860060 -0.134640 -0.191983 -0.128679 -14.431765 -3.399414 -9.908349 -0.011509 -0.048713 0.001674 -0.000002 0.000000 0.000000 -0.011701 -0.029588 -0.016302 -0.000001 0.000003 -0.000001 -0.018463 -0.075698 -0.024375 -0.000004 0.000003 -0.000000 -0.000000 -0.000000 -0.000000 -0.000001 -0.000000 0.000001 -0.108498 0.010680 -0.004987 -8.950229 -6.381049 1.215893 -0.042813 -0.034513 -0.413943 27.175482 -2.238431 -2.406865 -0.057838 0.011271 -0.433514 -28.096943 7.245561 2.043135 -0.014582 -0.140202 -0.044665 -0.000002 0.000001 -0.000000 0.352207 -0.331174 0.370911 -0.000000 0.000000 -0.000000 0.253490 -0.139412 0.043517 38.570300 51.595071 -0.000012 -0.275499 -0.250273 0.370911 -0.000000 0.000000 -0.000000 -0.232716 -0.461183 0.053609 -0.000001 -38.791356 0.000007 0.125668 -0.265692 -0.313595 -0.000000 0.000000 -0.000000 0.130146 -0.534334 -0.668620 -12.382659 0.000001 -9.258735 -0.113330 -0.268834 -0.313595 -0.000000 0.000000 -0.000000 -0.095191 -0.015211 -0.747160 -0.000001 -0.000001 -0.000000 
0.000000 -0.210014 0.052218 9.577158 0.000000 -0.000000 0.000000 -0.000000 -0.000000 -0.000001 0.000000 -0.000001 0.108498 0.010680 -0.004987 -51.910513 3.233828 -2.754348 0.042686 -0.033397 -0.412863 36.706249 4.702672 2.347132 0.051757 0.026022 -0.434841 -6.906977 -5.816532 -8.145475 0.014582 -0.140203 -0.041002 -0.000002 0.000001 0.000000 0.000000 0.031892 0.087417 -0.000003 0.000000 -0.000000 0.000000 -0.000295 0.129738 -0.000000 0.000000 -0.000000 0.000000 0.021603 0.135532 0.000003 0.000000 -0.000000 0.022776 -0.072500 0.132876 0.000001 0.000000 -0.000000 0.163716 0.004516 -0.030142 29.330304 23.861013 -1.254537 0.165715 0.002195 -0.189845 17.766840 8.169188 -9.106849 0.134640 -0.191983 -0.128679 -20.422447 16.986858 7.569700 0.001147 -0.048713 -0.006655 -0.000001 -0.000000 0.000003 0.011701 -0.029588 -0.016302 -0.000004 -0.000002 0.000000 0.018464 -0.075698 -0.024375 -0.000002 0.000004 0.000000 0.000000 -0.061697 0.207353 -0.000002 0.000000 -0.000000 0.000000 -0.018035 0.048318 -0.000003 0.000000 -0.000000 0.000000 -0.018035 0.048318 -0.000002 0.000000 -0.000000 -0.022776 -0.072500 0.132876 0.000001 -0.000000 0.000000 -0.163716 0.004516 -0.030142 -0.522852 -27.323214 8.756569 -0.165715 0.002195 -0.189845 5.220011 -5.584096 6.860060 -0.134640 -0.191983 -0.128679 -14.431765 -3.399414 -9.908349 -0.011509 -0.048713 0.001674 -0.000002 0.000000 0.000000 -0.011701 -0.029588 -0.016302 -0.000001 0.000003 -0.000001 -0.018463 -0.075698 -0.024375 -0.000004 0.000003 -0.000000 -0.000000 -0.000000 -0.000000 -0.000001 -0.000000 0.000001 -0.108498 0.010680 -0.004987 -8.950229 -6.381049 1.215893 -0.042813 -0.034513 -0.413943 27.175482 -2.238431 -2.406865 -0.057838 0.011271 -0.433514 -28.096943 7.245561 2.043135 -0.014582 -0.140202 -0.044665 -0.000002 0.000001 -0.000000 0.352207 -0.331174 0.370911 -0.000000 0.000000 -0.000000 0.253490 -0.139412 0.043517 38.570300 51.595071 -0.000012 -0.275499 -0.250273 0.370911 -0.000000 0.000000 -0.000000 -0.232716 -0.461183 0.053609 -0.000001 -38.791356 0.000007 0.125668 -0.265692 -0.313595 -0.000000 0.000000 -0.000000 0.130146 -0.534334 -0.668620 -12.382659 0.000001 -9.258735 -0.113330 -0.268834 -0.313595 -0.000000 0.000000 -0.000000 -0.095191 -0.015211 -0.747160 -0.000001 -0.000001 -0.000000 
0.000000 -0.210014 0.052218 9.577158 0.000000 -0.000000 0.000000 -0.000000 -0.000000 -0.000001 0.000000 -0.000001 0.108498 0.010680 -0.004987 -51.910513 3.233828 -2.754348 0.042686 -0.033397 -0.412863 36.706249 4.702672 2.347132 0.051757 0.026022 -0.434841 -6.906977 -5.816532 -8.145475 0.014582 -0.140203 -0.041002 -0.000002 0.000001 0.000000 0.000000 0.031892 0.087417 -0.000003 0.000000 -0.000000 0.000000 -0.000295 0.129738 -0.000000 0.000000 -0.000000 0.000000 0.021603 0.135532 0.000003 0.000000 -0.000000 0.022776 -0.072500 0.132876 0.000001 0.000000 -0.000000 0.163716 0.004516 -0.030142 29.330304 23.861013 -1.254537 0.165715 0.002195 -0.189845 17.766840 8.169188 -9.106849 0.134640 -0.191983 -0.128679 -20.422447 16.986858 7.569700 0.001147 -0.048713 -0.006655 -0.000001 -0.000000 0.000003 0.011701 -0.029588 -0.016302 -0.000004 -0.000002 0.000000 0.018464 -0.075698 -0.024375 -0.000002 0.000004 0.000000 0.000000 -0.061697 0.207353 -0.000002 0.000000 -0.000000 0.000000 -0.018035 0.048318 -0.000003 0.000000 -0.000000 0.000000 -0.018035 0.048318 -0.000002 0.000000 -0.000000 -0.022776 -0.072500 0.132876 0.000001 -0.000000 0.000000 -0.163716 0.004516 -0.030142 -0.522852 -27.323214 8.756569 -0.165715 0.002195 -0.189845 5.220011 -5.584096 6.860060 -0.134640 -0.191983 -0.128679 -14.431765 -3.399414 -9.908349 -0.011509 -0.048713 0.001674 -0.000002 0.000000 0.000000 -0.011701 -0.029588 -0.016302 -0.000001 0.000003 -0.000001 -0.018463 -0.075698 -0.024375 -0.000004 0.000003 -0.000000 -0.000000 -0.000000 -0.000000 -0.000001 -0.000000 0.000001 -0.108498 0.010680 -0.004987 -8.950229 -6.381049 1.215893 -0.042813 -0.034513 -0.413943 27.175482 -2.238431 -2.406865 -0.057838 0.011271 -0.433514 -28.096943 7.245561 2.043135 -0.014582 -0.140202 -0.044665 -0.000002 0.000001 -0.000000 0.352207 -0.331174 0.370911 -0.000000 0.000000 -0.000000 0.253490 -0.139412 0.043517 38.570300 51.595071 -0.000012 -0.275499 -0.250273 0.370911 -0.000000 0.000000 -0.000000 -0.232716 -0.461183 0.053609 -0.000001 -38.791356 0.000007 0.125668 -0.265692 -0.313595 -0.000000 0.000000 -0.000000 0.130146 -0.534334 -0.668620 -12.382659 0.000001 -9.258735 -0.113330 -0.268834 -0.313595 -0.000000 0.000000 -0.000000 -0.095191 -0.015211 -0.747160 -0.000001 -0.000001 -0.000000 
0.000000 -0.210014 0.052218 9.577158 0.000000 -0.000000 0.000000 -0.000000 -0.000000 -0.000001 0.000000 -0.000001 0.108498 0.010680 -0.004987 -51.910513 3.233828 -2.754348 0.042686 -0.033397 -0.412863 36.706249 4.702672 2.347132 0.051757 0.026022 -0.434841 -6.906977 -5.816532 -8.145475 0.014582 -0.140203 -0.041002 -0.000002 0.000001 0.000000 0.000000 0.031892 0.087417 -0.000003 0.000000 -0.000000 0.000000 -0.000295 0.129738 -0.000000 0.000000 -0.000000 0.000000 0.021603 0.135532 0.000003 0.000000 -0.000000 0.022776 -0.072500 0.132876 0.000001 0.000000 -0.000000 0.163716 0.004516 -0.030142 29.330304 23.861013 -1.254537 0.165715 0.002195 -0.189845 17.766840 8.169188 -9.106849 0.134640 -0.191983 -0.128679 -20.422447 16.986858 7.569700 0.001147 -0.048713 -0.006655 -0.000001 -0.000000 0.000003 0.011701 -0.029588 -0.016302 -0.000004 -0.000002 0.000000 0.018464 -0.075698 -0.024375 -0.000002 0.000004 0.000000 0.000000 -0.061697 0.207353 -0.000002 0.000000 -0.000000 0.000000 -0.018035 0.048318 -0.000003 0.000000 -0.000000 0.000000 -0.018035 0.048318 -0.000002 0.000000 -0.000000 -0.022776 -0.072500 0.132876 0.000001 -0.000000 0.000000 -0.163716 0.004516 -0.030142 -0.522852 -27.323214 8.756569 -0.165715 0.002195 -0.189845 5.220011 -5.584096 6.860060 -0.134640 -0.191983 -0.128679 -14.431765 -3.399414 -9.908349 -0.011509 -0.048713 0.001674 -0.000002 0.000000 0.000000 -0.011701 -0.029588 -0.016302 -0.000001 0.000003 -0.000001 -0.018463 -0.075698 -0.024375 -0.000004 0.000003 -0.000000 -0.000000 -0.000000 -0.000000 -0.000001 -0.000000 0.000001 -0.108498 0.010680 -0.004987 -8.950229 -6.381049 1.215893 -0.042813 -0.034513 -0.413943 27.175482 -2.238431 -2.406865 -0.057838 0.011271 -0.433514 -28.096943 7.245561 2.043135 -0.014582 -0.140202 -0.044665 -0.000002 0.000001 -0.000000 0.352207 -0.331174 0.370911 -0.000000 0.000000 -0.000000 0.253490 -0.139412 0.043517 38.570300 51.595071 -0.000012 -0.275499 -0.250273 0.370911 -0.000000 0.000000 -0.000000 -0.232716 -0.461183 0.053609 -0.000001 -38.791356 0.000007 0.125668 -0.265692 -0.313595 -0.000000 0.000000 -0.000000 0.130146 -0.534334 -0.668620 -12.382659 0.000001 -9.258735 -0.113330 -0.268834 -0.313595 -0.000000 0.000000 -0.000000 -0.095191 -0.015211 -0.747160 -0.000001 -0.000001 -0.000000 
0.000000 -0.210014 0.052218 9.577158 0.000000 -0.000000 0.000000 -0.000000 -0.000000 -0.000001 0.000000 -0.000001 0.108498 0.010680 -0.004987 -51.910513 3.233828 -2.754348 0.042686 -0.033397 -0.412863 36.706249 4.702672 2.347132 0.051757 0.026022 -0.434841 -6.906977 -5.816532 -8.145475 0.014582 -0.140203 -0.041002 -0.000002 0.000001 0.000000 0.000000 0.031892 0.087417 -0.000003 0.000000 -0.000000 0.000000 -0.000295 0.129738 -0.000000 0.000000 -0.000000 0.000000 0.021603 0.135532 0.000003 0.000000 -0.000000 0.022776 -0.072500 0.132876 0.000001 0.000000 -0.000000 0.163716 0.004516 -0.030142 29.330304 23.861013 -1.254537 0.165715 0.002195 -0.189845 17.766840 8.169188 -9.106849 0.134640 -0.191983 -0.128679 -20.422447 16.986858 7.569700 0.001147 -0.048713 -0.006655 -0.000001 -0.000000 0.000003 0.011701 -0.029588 -0.016302 -0.000004 -0.000002 0.000000 0.018464 -0.075698 -0.024375 -0.000002 0.000004 0.000000 0.000000 -0.061697 0.207353 -0.000002 0.000000 -0.000000 0.000000 -0.018035 0.048318 -0.000003 0.000000 -0.000000 0.000000 -0.018035 0.048318 -0.000002 0.000000 -0.000000 -0.022776 -0.072500 0.132876 0.000001 -0.000000 0.000000 -0.163716 0.004516 -0.030142 -0.522852 -27.323214 8.756569 -0.165715 0.002195 -0.189845 5.220011 -5.584096 6.860060 -0.134640 -0.191983 -0.128679 -14.431765 -3.399414 -9.908349 -0.011509 -0.048713 0.001674 -0.000002 0.000000 0.000000 -0.011701 -0.029588 -0.016302 -0.000001 0.000003 -0.000001 -0.018463 -0.075698 -0.024375 -0.000004 0.000003 -0.000000 -0.000000 -0.000000 -0.000000 -0.000001 -0.000000 0.000001 -0.108498 0.010680 -0.004987 -8.950229 -6.381049 1.215893 -0.042813 -0.034513 -0.413943 27.175482 -2.238431 -2.406865 -0.057838 0.011271 -0.433514 -28.096943 7.245561 2.043135 -0.014582 -0.140202 -0.044665 -0.000002 0.000001 -0.000000 0.352207 -0.331174 0.370911 -0.000000 0.000000 -0.000000 0.253490 -0.139412 0.043517 38.570300 51.595071 -0.000012 -0.275499 -0.250273 0.370911 -0.000000 0.000000 -0.000000 -0.232716 -0.461183 0.053609 -0.000001 -38.791356 0.000007 0.125668 -0.265692 -0.313595 -0.000000 0.000000 -0.000000 0.130146 -0.534334 -0.668620 -12.382659 0.000001 -9.258735 -0.113330 -0.268834 -0.313595 -0.000000 0.000000 -0.000000 -0.095191 -0.015211 -0.747160 -0.000001 -0.000001 -0.000000 
0.000000 -0.210014 0.052218 9.577158 0.000000 -0.000000 0.000000 -0.000000 -0.000000 -0.000001 0.000000 -0.000001 0.108498 0.010680 -0.004987 -51.910513 3.233828 -2.754348 0.042686 -0.033397 -0.412863 36.706249 4.702672 2.347132 0.051757 0.026022 -0.434841 -6.906977 -5.816532 -8.145475 0.014582 -0.140203 -0.041002 -0.000002 0.000001 0.000000 0.000000 0.031892 0.087417 -0.000003 0.000000 -0.000000 0.000000 -0.000295 0.129738 -0.000000 0.000000 -0.000000 0.000000 0.021603 0.135532 0.000003 0.000000 -0.000000 0.022776 -0.072500 0.132876 0.000001 0.000000 -0.000000 0.163716 0.004516 -0.030142 29.330304 23.861013 -1.254537 0.165715 0.002195 -0.189845 17.766840 8.169188 -9.106849 0.134640 -0.191983 -0.128679 -20.422447 16.986858 7.569700 0.001147 -0.048713 -0.006655 -0.000001 -0.000000 0.000003 0.011701 -0.029588 -0.016302 -0.000004 -0.000002 0.000000 0.018464 -0.075698 -0.024375 -0.000002 0.000004 0.000000 0.000000 -0.061697 0.207353 -0.000002 0.000000 -0.000000 0.000000 -0.018035 0.048318 -0.000003 0.000000 -0.000000 0.000000 -0.018035 0.048318 -0.000002 0.000000 -0.000000 -0.022776 -0.072500 0.132876 0.000001 -0.000000 0.000000 -0.163716 0.004516 -0.030142 -0.522852 -27.323214 8.756569 -0.165715 0.002195 -0.189845 5.220011 -5.584096 6.860060 -0.134640 -0.191983 -0.128679 -14.431765 -3.399414 -9.908349 -0.011509 -0.048713 0.001674 -0.000002 0.000000 0.000000 -0.011701 -0.029588 -0.016302 -0.000001 0.000003 -0.000001 -0.018463 -0.075698 -0.024375 -0.000004 0.000003 -0.000000 -0.000000 -0.000000 -0.000000 -0.000001 -0.000000 0.000001 -0.108498 0.010680 -0.004987 -8.950229 -6.381049 1.215893 -0.042813 -0.034513 -0.413943 27.175482 -2.238431 -2.406865 -0.057838 0.011271 -0.433514 -28.096943 7.245561 2.043135 -0.014582 -0.140202 -0.044665 -0.000002 0.000001 -0.000000 0.352207 -0.331174 0.370911 -0.000000 0.000000 -0.000000 0.253490 -0.139412 0.043517 38.570300 51.595071 -0.000012 -0.275499 -0.250273 0.370911 -0.000000 0.000000 -0.000000 -0.232716 -0.461183 0.053609 -0.000001 -38.791356 0.000007 0.125668 -0.265692 -0.313595 -0.000000 0.000000 -0.000000 0.130146 -0.534334 -0.668620 -12.382659 0.000001 -9.258735 -0.113330 -0.268834 -0.313595 -0.000000 0.000000 -0.000000 -0.095191 -0.015211 -0.747160 -0.000001 -0.000001 -0.000000 
0.000000 -0.210014 0.052218 9.577158 0.000000 -0.000000 0.000000 -0.000000 -0.000000 -0.000001 0.000000 -0.000001 0.108498 0.010680 -0.004987 -51.910513 3.233828 -2.754348 0.042686 -0.033397 -0.412863 36.706249 4.702672 2.347132 0.051757 0.026022 -0.434841 -6.906977 -5.816532 -8.145475 0.014582 -0.140203 -0.041002 -0.000002 0.000001 0.000000 0.000000 0.031892 0.087417 -0.000003 0.000000 -0.000000 0.000000 -0.000295 0.129738 -0.000000 0.000000 -0.000000 0.000000 0.021603 0.135532 0.000003 0.000000 -0.000000 0.022776 -0.072500 0.132876 0.000001 0.000000 -0.000000 0.163716 0.004516 -0.030142 29.330304 23.861013 -1.254537 0.165715 0.002195 -0.189845 17.766840 8.169188 -9.106849 0.134640 -0.191983 -0.128679 -20.422447 16.986858 7.569700 0.001147 -0.048713 -0.006655 -0.000001 -0.000000 0.000003 0.011701 -0.029588 -0.016302 -0.000004 -0.000002 0.000000 0.018464 -0.075698 -0.024375 -0.000002 0.000004 0.000000 0.000000 -0.061697 0.207353 -0.000002 0.000000 -0.000000 0.000000 -0.018035 0.048318 -0.000003 0.000000 -0.000000 0.000000 -0.018035 0.048318 -0.000002 0.000000 -0.000000 -0.022776 -0.072500 0.132876 0.000001 -0.000000 0.000000 -0.163716 0.004516 -0.030142 -0.522852 -27.323214 8.756569 -0.165715 0.002195 -0.189845 5.220011 -5.584096 6.860060 -0.134640 -0.191983 -0.128679 -14.431765 -3.399414 -9.908349 -0.011509 -0.048713 0.001674 -0.000002 0.000000 0.000000 -0.011701 -0.029588 -0.016302 -0.000001 0.000003 -0.000001 -0.018463 -0.075698 -0.024375 -0.000004 0.000003 -0.000000 -0.000000 -0.000000 -0.000000 -0.000001 -0.000000 0.000001 -0.108498 0.010680 -0.004987 -8.950229 -6.381049 1.215893 -0.042813 -0.034513 -0.413943 27.175482 -2.238431 -2.406865 -0.057838 0.011271 -0.433514 -28.096943 7.245561 2.043135 -0.014582 -0.140202 -0.044665 -0.000002 0.000001 -0.000000 0.352207 -0.331174 0.370911 -0.000000 0.000000 -0.000000 0.253490 -0.139412 0.043517 38.570300 51.595071 -0.000012 -0.275499 -0.250273 0.370911 -0.000000 0.000000 -0.000000 -0.232716 -0.461183 0.053609 -0.000001 -38.791356 0.000007 0.125668 -0.265692 -0.313595 -0.000000 0.000000 -0.000000 0.130146 -0.534334 -0.668620 -12.382659 0.000001 -9.258735 -0.113330 -0.268834 -0.313595 -0.000000 0.000000 -0.000000 -0.095191 -0.015211 -0.747160 -0.000001 -0.000001 -0.000000 
0.000000 -0.210014 0.052218 9.577158 0.000000 -0.000000 0.000000 -0.000000 -0.000000 -0.000001 0.000000 -0.000001 0.108498 0.010680 -0.004987 -51.910513 3.233828 -2.754348 0.042686 -0.033397 -0.412863 36.706249 4.702672 2.347132 0.051757 0.026022 -0.434841 -6.906977 -5.816532 -8.145475 0.014582 -0.140203 -0.041002 -0.000002 0.000001 0.000000 0.000000 0.031892 0.087417 -0.000003 0.000000 -0.000000 0.000000 -0.000295 0.129738 -0.000000 0.000000 -0.000000 0.000000 0.021603 0.135532 0.000003 0.000000 -0.000000 0.022776 -0.072500 0.132876 0.000001 0.000000 -0.000000 0.163716 0.004516 -0.030142 29.330304 23.861013 -1.254537 0.165715 0.002195 -0.189845 17.766840 8.169188 -9.106849 0.134640 -0.191983 -0.128679 -20.422447 16.986858 7.569700 0.001147 -0.048713 -0.006655 -0.000001 -0.000000 0.000003 0.011701 -0.029588 -0.016302 -0.000004 -0.000002 0.000000 0.018464 -0.075698 -0.024375 -0.000002 0.000004 0.000000 0.000000 -0.061697 0.207353 -0.000002 0.000000 -0.000000 0.000000 -0.018035 0.048318 -0.000003 0.000000 -0.000000 0.000000 -0.018035 0.048318 -0.000002 0.000000 -0.000000 -0.022776 -0.072500 0.132876 0.000001 -0.000000 0.000000 -0.163716 0.004516 -0.030142 -0.522852 -27.323214 8.756569 -0.165715 0.002195 -0.189845 5.220011 -5.584096 6.860060 -0.134640 -0.191983 -0.128679 -14.431765 -3.399414 -9.908349 -0.011509 -0.048713 0.001674 -0.000002 0.000000 0.000000 -0.011701 -0.029588 -0.016302 -0.000001 0.000003 -0.000001 -0.018463 -0.075698 -0.024375 -0.000004 0.000003 -0.000000 -0.000000 -0.000000 -0.000000 -0.000001 -0.000000 0.000001 -0.108498 0.010680 -0.004987 -8.950229 -6.381049 1.215893 -0.042813 -0.034513 -0.413943 27.175482 -2.238431 -2.406865 -0.057838 0.011271 -0.433514 -28.096943 7.245561 2.043135 -0.014582 -0.140202 -0.044665 -0.000002 0.000001 -0.000000 0.352207 -0.331174 0.370911 -0.000000 0.000000 -0.000000 0.253490 -0.139412 0.043517 38.570300 51.595071 -0.000012 -0.275499 -0.250273 0.370911 -0.000000 0.000000 -0.000000 -0.232716 -0.461183 0.053609 -0.000001 -38.791356 0.000007 0.125668 -0.265692 -0.313595 -0.000000 0.000000 -0.000000 0.130146 -0.534334 -0.668620 -12.382659 0.000001 -9.258735 -0.113330 -0.268834 -0.313595 -0.000000 0.000000 -0.000000 -0.095191 -0.015211 -0.747160 -0.000001 -0.000001 -0.000000 
0.000000 -0.210014 0.052218 9.577158 0.000000 -0.000000 0.000000 -0.000000 -0.000000 -0.000001 0.000000 -0.000001 0.108498 0.010680 -0.004987 -51.910513 3.233828 -2.754348 0.042686 -0.033397 -0.412863 36.706249 4.702672 2.347132 0.051757 0.026022 -0.434841 -6.906977 -5.816532 -8.145475 0.014582 -0.140203 -0.041002 -0.000002 0.000001 0.000000 0.000000 0.031892 0.087417 -0.000003 0.000000 -0.000000 0.000000 -0.000295 0.129738 -0.000000 0.000000 -0.000000 0.000000 0.021603 0.135532 0.000003 0.000000 -0.000000 0.022776 -0.072500 0.132876 0.000001 0.000000 -0.000000 0.163716 0.004516 -0.030142 29.330304 23.861013 -1.254537 0.165715 0.002195 -0.189845 17.766840 8.169188 -9.106849 0.134640 -0.191983 -0.128679 -20.422447 16.986858 7.569700 0.001147 -0.048713 -0.006655 -0.000001 -0.000000 0.000003 0.011701 -0.029588 -0.016302 -0.000004 -0.000002 0.000000 0.018464 -0.075698 -0.024375 -0.000002 0.000004 0.000000 0.000000 -0.061697 0.207353 -0.000002 0.000000 -0.000000 0.000000 -0.018035 0.048318 -0.000003 0.000000 -0.000000 0.000000 -0.018035 0.048318 -0.000002 0.000000 -0.000000 -0.022776 -0.072500 0.132876 0.000001 -0.000000 0.000000 -0.163716 0.004516 -0.030142 -0.522852 -27.323214 8.756569 -0.165715 0.002195 -0.189845 5.220011 -5.584096 6.860060 -0.134640 -0.191983 -0.128679 -14.431765 -3.399414 -9.908349 -0.011509 -0.048713 0.001674 -0.000002 0.000000 0.000000 -0.011701 -0.029588 -0.016302 -0.000001 0.000003 -0.000001 -0.018463 -0.075698 -0.024375 -0.000004 0.000003 -0.000000 -0.000000 -0.000000 -0.000000 -0.000001 -0.000000 0.000001 -0.108498 0.010680 -0.004987 -8.950229 -6.381049 1.215893 -0.042813 -0.034513 -0.413943 27.175482 -2.238431 -2.406865 -0.057838 0.011271 -0.433514 -28.096943 7.245561 2.043135 -0.014582 -0.140202 -0.044665 -0.000002 0.000001 -0.000000 0.352207 -0.331174 0.370911 -0.000000 0.000000 -0.000000 0.253490 -0.139412 0.043517 38.570300 51.595071 -0.000012 -0.275499 -0.250273 0.370911 -0.000000 0.000000 -0.000000 -0.232716 -0.461183 0.053609 -0.000001 -38.791356 0.000007 0.125668 -0.265692 -0.313595 -0.000000 0.000000 -0.000000 0.130146 -0.534334 -0.668620 -12.382659 0.000001 -9.258735 -0.113330 -0.268834 -0.313595 -0.000000 0.000000 -0.000000 -0.095191 -0.015211 -0.747160 -0.000001 -0.000001 -0.000000 
0.000000 -0.210014 0.052218 9.577158 0.000000 -0.000000 0.000000 -0.000000 -0.000000 -0.000001 0.000000 -0.000001 0.108498 0.010680 -0.004987 -51.910513 3.233828 -2.754348 0.042686 -0.033397 -0.412863 36.706249 4.702672 2.347132 0.051757 0.026022 -0.434841 -6.906977 -5.816532 -8.145475 0.014582 -0.140203 -0.041002 -0.000002 0.000001 0.000000 0.000000 0.031892 0.087417 -0.000003 0.000000 -0.000000 0.000000 -0.000295 0.129738 -0.000000 0.000000 -0.000000 0.000000 0.021603 0.135532 0.000003 0.000000 -0.000000 0.022776 -0.072500 0.132876 0.000001 0.000000 -0.000000 0.163716 0.004516 -0.030142 29.330304 23.861013 -1.254537 0.165715 0.002195 -0.189845 17.766840 8.169188 -9.106849 0.134640 -0.191983 -0.128679 -20.422447 16.986858 7.569700 0.001147 -0.048713 -0.006655 -0.000001 -0.000000 0.000003 0.011701 -0.029588 -0.016302 -0.000004 -0.000002 0.000000 0.018464 -0.075698 -0.024375 -0.000002 0.000004 0.000000 0.000000 -0.061697 0.207353 -0.000002 0.000000 -0.000000 0.000000 -0.018035 0.048318 -0.000003 0.000000 -0.000000 0.000000 -0.018035 0.048318 -0.000002 0.000000 -0.000000 -0.022776 -0.072500 0.132876 0.000001 -0.000000 0.000000 -0.163716 0.004516 -0.030142 -0.522852 -27.323214 8.756569 -0.165715 0.002195 -0.189845 5.220011 -5.584096 6.860060 -0.134640 -0.191983 -0.128679 -14.431765 -3.399414 -9.908349 -0.011509 -0.048713 0.001674 -0.000002 0.000000 0.000000 -0.011701 -0.029588 -0.016302 -0.000001 0.000003 -0.000001 -0.018463 -0.075698 -0.024375 -0.000004 0.000003 -0.000000 -0.000000 -0.000000 -0.000000 -0.000001 -0.000000 0.000001 -0.108498 0.010680 -0.004987 -8.950229 -6.381049 1.215893 -0.042813 -0.034513 -0.413943 27.175482 -2.238431 -2.406865 -0.057838 0.011271 -0.433514 -28.096943 7.245561 2.043135 -0.014582 -0.140202 -0.044665 -0.000002 0.000001 -0.000000 0.352207 -0.331174 0.370911 -0.000000 0.000000 -0.000000 0.253490 -0.139412 0.043517 38.570300 51.595071 -0.000012 -0.275499 -0.250273 0.370911 -0.000000 0.000000 -0.000000 -0.232716 -0.461183 0.053609 -0.000001 -38.791356 0.000007 0.125668 -0.265692 -0.313595 -0.000000 0.000000 -0.000000 0.130146 -0.534334 -0.668620 -12.382659 0.000001 -9.258735 -0.113330 -0.268834 -0.313595 -0.000000 0.000000 -0.000000 -0.095191 -0.015211 -0.747160 -0.000001 -0.000001 -0.000000 
0.000000 -0.210014 0.052218 9.577158 0.000000 -0.000000 0.000000 -0.000000 -0.000000 -0.000001 0.000000 -0.000001 0.108498 0.010680 -0.004987 -51.910513 3.233828 -2.754348 0.042686 -0.033397 -0.412863 36.706249 4.702672 2.347132 0.051757 0.026022 -0.434841 -6.906977 -5.816532 -8.145475 0.014582 -0.140203 -0.041002 -0.000002 0.000001 0.000000 0.000000 0.031892 0.087417 -0.000003 0.000000 -0.000000 0.000000 -0.000295 0.129738 -0.000000 0.000000 -0.000000 0.000000 0.021603 0.135532 0.000003 0.000000 -0.000000 0.022776 -0.072500 0.132876 0.000001 0.000000 -0.000000 0.163716 0.004516 -0.030142 29.330304 23.861013 -1.254537 0.165715 0.002195 -0.189845 17.766840 8.169188 -9.106849 0.134640 -0.191983 -0.128679 -20.422447 16.986858 7.569700 0.001147 -0.048713 -0.006655 -0.000001 -0.000000 0.000003 0.011701 -0.029588 -0.016302 -0.000004 -0.000002 0.000000 0.018464 -0.075698 -0.024375 -0.000002 0.000004 0.000000 0.000000 -0.061697 0.207353 -0.000002 0.000000 -0.000000 0.000000 -0.018035 0.048318 -0.000003 0.000000 -0.000000 0.000000 -0.018035 0.048318 -0.000002 0.000000 -0.000000 -0.022776 -0.072500 0.132876 0.000001 -0.000000 0.000000 -0.163716 0.004516 -0.030142 -0.522852 -27.323214 8.756569 -0.165715 0.002195 -0.189845 5.220011 -5.584096 6.860060 -0.134640 -0.191983 -0.128679 -14.431765 -3.399414 -9.908349 -0.011509 -0.048713 0.001674 -0.000002 0.000000 0.000000 -0.011701 -0.029588 -0.016302 -0.000001 0.000003 -0.000001 -0.018463 -0.075698 -0.024375 -0.000004 0.000003 -0.000000 -0.000000 -0.000000 -0.000000 -0.000001 -0.000000 0.000001 -0.108498 0.010680 -0.004987 -8.950229 -6.381049 1.215893 -0.042813 -0.034513 -0.413943 27.175482 -2.238431 -2.406865 -0.057838 0.011271 -0.433514 -28.096943 7.245561 2.043135 -0.014582 -0.140202 -0.044665 -0.000002 0.000001 -0.000000 0.352207 -0.331174 0.370911 -0.000000 0.000000 -0.000000 0.253490 -0.139412 0.043517 38.570300 51.595071 -0.000012 -0.275499 -0.250273 0.370911 -0.000000 0.000000 -0.000000 -0.232716 -0.461183 0.053609 -0.000001 -38.791356 0.000007 0.125668 -0.265692 -0.313595 -0.000000 0.000000 -0.000000 0.130146 -0.534334 -0.668620 -12.382659 0.000001 -9.258735 -0.113330 -0.268834 -0.313595 -0.000000 0.000000 -0.000000 -0.095191 -0.015211 -0.747160 -0.000001 -0.000001 -0.000000 
0.000000 -0.210014 0.052218 9.577158 0.000000 -0.000000 0.000000 -0.000000 -0.000000 -0.000001 0.000000 -0.000001 0.108498 0.010680 -0.004987 -51.910513 3.233828 -2.754348 0.042686 -0.033397 -0.412863 36.706249 4.702672 2.347132 0.051757 0.026022 -0.434841 -6.906977 -5.816532 -8.145475 0.014582 -0.140203 -0.041002 -0.000002 0.000001 0.000000 0.000000 0.031892 0.087417 -0.000003 0.000000 -0.000000 0.000000 -0.000295 0.129738 -0.000000 0.000000 -0.000000 0.000000 0.021603 0.135532 0.000003 0.000000 -0.000000 0.022776 -0.072500 0.132876 0.000001 0.000000 -0.000000 0.163716 0.004516 -0.030142 29.330304 23.861013 -1.254537 0.165715 0.002195 -0.189845 17.766840 8.169188 -9.106849 0.134640 -0.191983 -0.128679 -20.422447 16.986858 7.569700 0.001147 -0.048713 -0.006655 -0.000001 -0.000000 0.000003 0.011701 -0.029588 -0.016302 -0.000004 -0.000002 0.000000 0.018464 -0.075698 -0.024375 -0.000002 0.000004 0.000000 0.000000 -0.061697 0.207353 -0.000002 0.000000 -0.000000 0.000000 -0.018035 0.048318 -0.000003 0.000000 -0.000000 0.000000 -0.018035 0.048318 -0.000002 0.000000 -0.000000 -0.022776 -0.072500 0.132876 0.000001 -0.000000 0.000000 -0.163716 0.004516 -0.030142 -0.522852 -27.323214 8.756569 -0.165715 0.002195 -0.189845 5.220011 -5.584096 6.860060 -0.134640 -0.191983 -0.128679 -14.431765 -3.399414 -9.908349 -0.011509 -0.048713 0.001674 -0.000002 0.000000 0.000000 -0.011701 -0.029588 -0.016302 -0.000001 0.000003 -0.000001 -0.018463 -0.075698 -0.024375 -0.000004 0.000003 -0.000000 -0.000000 -0.000000 -0.000000 -0.000001 -0.000000 0.000001 -0.108498 0.010680 -0.004987 -8.950229 -6.381049 1.215893 -0.042813 -0.034513 -0.413943 27.175482 -2.238431 -2.406865 -0.057838 0.011271 -0.433514 -28.096943 7.245561 2.043135 -0.014582 -0.140202 -0.044665 -0.000002 0.000001 -0.000000 0.352207 -0.331174 0.370911 -0.000000 0.000000 -0.000000 0.253490 -0.139412 0.043517 38.570300 51.595071 -0.000012 -0.275499 -0.250273 0.370911 -0.000000 0.000000 -0.000000 -0.232716 -0.461183 0.053609 -0.000001 -38.791356 0.000007 0.125668 -0.265692 -0.313595 -0.000000 0.000000 -0.000000 0.130146 -0.534334 -0.668620 -12.382659 0.000001 -9.258735 -0.113330 -0.268834 -0.313595 -0.000000 0.000000 -0.000000 -0.095191 -0.015211 -0.747160 -0.000001 -0.000001 -0.000000 
0.000000 -0.210014 0.052218 9.577158 0.000000 -0.000000 0.000000 -0.000000 -0.000000 -0.000001 0.000000 -0.000001 0.108498 0.010680 -0.004987 -51.910513 3.233828 -2.754348 0.042686 -0.033397 -0.412863 36.706249 4.702672 2.347132 0.051757 0.026022 -0.434841 -6.906977 -5.816532 -8.145475 0.014582 -0.140203 -0.041002 -0.000002 0.000001 0.000000 0.000000 0.031892 0.087417 -0.000003 0.000000 -0.000000 0.000000 -0.000295 0.129738 -0.000000 0.000000 -0.000000 0.000000 0.021603 0.135532 0.000003 0.000000 -0.000000 0.022776 -0.072500 0.132876 0.000001 0.000000 -0.000000 0.163716 0.004516 -0.030142 29.330304 23.861013 -1.254537 0.165715 0.002195 -0.189845 17.766840 8.169188 -9.106849 0.134640 -0.191983 -0.128679 -20.422447 16.986858 7.569700 0.001147 -0.048713 -0.006655 -0.000001 -0.000000 0.000003 0.011701 -0.029588 -0.016302 -0.000004 -0.000002 0.000000 0.018464 -0.075698 -0.024375 -0.000002 0.000004 0.000000 0.000000 -0.061697 0.207353 -0.000002 0.000000 -0.000000 0.000000 -0.018035 0.048318 -0.000003 0.000000 -0.000000 0.000000 -0.018035 0.048318 -0.000002 0.000000 -0.000000 -0.022776 -0.072500 0.132876 0.000001 -0.000000 0.000000 -0.163716 0.004516 -0.030142 -0.522852 -27.323214 8.756569 -0.165715 0.002195 -0.189845 5.220011 -5.584096 6.860060 -0.134640 -0.191983 -0.128679 -14.431765 -3.399414 -9.908349 -0.011509 -0.048713 0.001674 -0.000002 0.000000 0.000000 -0.011701 -0.029588 -0.016302 -0.000001 0.000003 -0.000001 -0.018463 -0.075698 -0.024375 -0.000004 0.000003 -0.000000 -0.000000 -0.000000 -0.000000 -0.000001 -0.000000 0.000001 -0.108498 0.010680 -0.004987 -8.950229 -6.381049 1.215893 -0.042813 -0.034513 -0.413943 27.175482 -2.238431 -2.406865 -0.057838 0.011271 -0.433514 -28.096943 7.245561 2.043135 -0.014582 -0.140202 -0.044665 -0.000002 0.000001 -0.000000 0.352207 -0.331174 0.370911 -0.000000 0.000000 -0.000000 0.253490 -0.139412 0.043517 38.570300 51.595071 -0.000012 -0.275499 -0.250273 0.370911 -0.000000 0.000000 -0.000000 -0.232716 -0.461183 0.053609 -0.000001 -38.791356 0.000007 0.125668 -0.265692 -0.313595 -0.000000 0.000000 -0.000000 0.130146 -0.534334 -0.668620 -12.382659 0.000001 -9.258735 -0.113330 -0.268834 -0.313595 -0.000000 0.000000 -0.000000 -0.095191 -0.015211 -0.747160 -0.000001 -0.000001 -0.000000 
0.000000 -0.210014 0.052218 9.577158 0.000000 -0.000000 0.000000 -0.000000 -0.000000 -0.000001 0.000000 -0.000001 0.108498 0.010680 -0.004987 -51.910513 3.233828 -2.754348 0.042686 -0.033397 -0.412863 36.706249 4.702672 2.347132 0.051757 0.026022 -0.434841 -6.906977 -5.816532 -8.145475 0.014582 -0.140203 -0.041002 -0.000002 0.000001 0.000000 0.000000 0.031892 0.087417 -0.000003 0.000000 -0.000000 0.000000 -0.000295 0.129738 -0.000000 0.000000 -0.000000 0.000000 0.021603 0.135532 0.000003 0.000000 -0.000000 0.022776 -0.072500 0.132876 0.000001 0.000000 -0.000000 0.163716 0.004516 -0.030142 29.330304 23.861013 -1.254537 0.165715 0.002195 -0.189845 17.766840 8.169188 -9.106849 0.134640 -0.191983 -0.128679 -20.422447 16.986858 7.569700 0.001147 -0.048713 -0.006655 -0.000001 -0.000000 0.000003 0.011701 -0.029588 -0.016302 -0.000004 -0.000002 0.000000 0.018464 -0.075698 -0.024375 -0.000002 0.000004 0.000000 0.000000 -0.061697 0.207353 -0.000002 0.000000 -0.000000 0.000000 -0.018035 0.048318 -0.000003 0.000000 -0.000000 0.000000 -0.018035 0.048318 -0.000002 0.000000 -0.000000 -0.022776 -0.072500 0.132876 0.000001 -0.000000 0.000000 -0.163716 0.004516 -0.030142 -0.522852 -27.323214 8.756569 -0.165715 0.002195 -0.189845 5.220011 -5.584096 6.860060 -0.134640 -0.191983 -0.128679 -14.431765 -3.399414 -9.908349 -0.011509 -0.048713 0.001674 -0.000002 0.000000 0.000000 -0.011701 -0.029588 -0.016302 -0.000001 0.000003 -0.000001 -0.018463 -0.075698 -0.024375 -0.000004 0.000003 -0.000000 -0.000000 -0.000000 -0.000000 -0.000001 -0.000000 0.000001 -0.108498 0.010680 -0.004987 -8.950229 -6.381049 1.215893 -0.042813 -0.034513 -0.413943 27.175482 -2.238431 -2.406865 -0.057838 0.011271 -0.433514 -28.096943 7.245561 2.043135 -0.014582 -0.140202 -0.044665 -0.000002 0.000001 -0.000000 0.352207 -0.331174 0.370911 -0.000000 0.000000 -0.000000 0.253490 -0.139412 0.043517 38.570300 51.595071 -0.000012 -0.275499 -0.250273 0.370911 -0.000000 0.000000 -0.000000 -0.232716 -0.461183 0.053609 -0.000001 -38.791356 0.000007 0.125668 -0.265692 -0.313595 -0.000000 0.000000 -0.000000 0.130146 -0.534334 -0.668620 -12.382659 0.000001 -9.258735 -0.113330 -0.268834 -0.313595 -0.000000 0.000000 -0.000000 -0.095191 -0.015211 -0.747160 -0.000001 -0.000001 -0.000000 
0.000000 -0.210014 0.052218 9.577158 0.000000 -0.000000 0.000000 -0.000000 -0.000000 -0.000001 0.000000 -0.000001 0.108498 0.010680 -0.004987 -51.910513 3.233828 -2.754348 0.042686 -0.033397 -0.412863 36.706249 4.702672 2.347132 0.051757 0.026022 -0.434841 -6.906977 -5.816532 -8.145475 0.014582 -0.140203 -0.041002 -0.000002 0.000001 0.000000 0.000000 0.031892 0.087417 -0.000003 0.000000 -0.000000 0.000000 -0.000295 0.129738 -0.000000 0.000000 -0.000000 0.000000 0.021603 0.135532 0.000003 0.000000 -0.000000 0.022776 -0.072500 0.132876 0.000001 0.000000 -0.000000 0.163716 0.004516 -0.030142 29.330304 23.861013 -1.254537 0.165715 0.002195 -0.189845 17.766840 8.169188 -9.106849 0.134640 -0.191983 -0.128679 -20.422447 16.986858 7.569700 0.001147 -0.048713 -0.006655 -0.000001 -0.000000 0.000003 0.011701 -0.029588 -0.016302 -0.000004 -0.000002 0.000000 0.018464 -0.075698 -0.024375 -0.000002 0.000004 0.000000 0.000000 -0.061697 0.207353 -0.000002 0.000000 -0.000000 0.000000 -0.018035 0.048318 -0.000003 0.000000 -0.000000 0.000000 -0.018035 0.048318 -0.000002 0.000000 -0.000000 -0.022776 -0.072500 0.132876 0.000001 -0.000000 0.000000 -0.163716 0.004516 -0.030142 -0.522852 -27.323214 8.756569 -0.165715 0.002195 -0.189845 5.220011 -5.584096 6.860060 -0.134640 -0.191983 -0.128679 -14.431765 -3.399414 -9.908349 -0.011509 -0.048713 0.001674 -0.000002 0.000000 0.000000 -0.011701 -0.029588 -0.016302 -0.000001 0.000003 -0.000001 -0.018463 -0.075698 -0.024375 -0.000004 0.000003 -0.000000 -0.000000 -0.000000 -0.000000 -0.000001 -0.000000 0.000001 -0.108498 0.010680 -0.004987 -8.950229 -6.381049 1.215893 -0.042813 -0.034513 -0.413943 27.175482 -2.238431 -2.406865 -0.057838 0.011271 -0.433514 -28.096943 7.245561 2.043135 -0.014582 -0.140202 -0.044665 -0.000002 0.000001 -0.000000 0.352207 -0.331174 0.370911 -0.000000 0.000000 -0.000000 0.253490 -0.139412 0.043517 38.570300 51.595071 -0.000012 -0.275499 -0.250273 0.370911 -0.000000 0.000000 -0.000000 -0.232716 -0.461183 0.053609 -0.000001 -38.791356 0.000007 0.125668 -0.265692 -0.313595 -0.000000 0.000000 -0.000000 0.130146 -0.534334 -0.668620 -12.382659 0.000001 -9.258735 -0.113330 -0.268834 -0.313595 -0.000000 0.000000 -0.000000 -0.095191 -0.015211 -0.747160 -0.000001 -0.000001 -0.000000 
0.000000 -0.210014 0.052218 9.577158 0.000000 -0.000000 0.000000 -0.000000 -0.000000 -0.000001 0.000000 -0.000001 0.108498 0.010680 -0.004987 -51.910513 3.233828 -2.754348 0.042686 -0.033397 -0.412863 36.706249 4.702672 2.347132 0.051757 0.026022 -0.434841 -6.906977 -5.816532 -8.145475 0.014582 -0.140203 -0.041002 -0.000002 0.000001 0.000000 0.000000 0.031892 0.087417 -0.000003 0.000000 -0.000000 0.000000 -0.000295 0.129738 -0.000000 0.000000 -0.000000 0.000000 0.021603 0.135532 0.000003 0.000000 -0.000000 0.022776 -0.072500 0.132876 0.000001 0.000000 -0.000000 0.163716 0.004516 -0.030142 29.330304 23.861013 -1.254537 0.165715 0.002195 -0.189845 17.766840 8.169188 -9.106849 0.134640 -0.191983 -0.128679 -20.422447 16.986858 7.569700 0.001147 -0.048713 -0.006655 -0.000001 -0.000000 0.000003 0.011701 -0.029588 -0.016302 -0.000004 -0.000002 0.000000 0.018464 -0.075698 -0.024375 -0.000002 0.000004 0.000000 0.000000 -0.061697 0.207353 -0.000002 0.000000 -0.000000 0.000000 -0.018035 0.048318 -0.000003 0.000000 -0.000000 0.000000 -0.018035 0.048318 -0.000002 0.000000 -0.000000 -0.022776 -0.072500 0.132876 0.000001 -0.000000 0.000000 -0.163716 0.004516 -0.030142 -0.522852 -27.323214 8.756569 -0.165715 0.002195 -0.189845 5.220011 -5.584096 6.860060 -0.134640 -0.191983 -0.128679 -14.431765 -3.399414 -9.908349 -0.011509 -0.048713 0.001674 -0.000002 0.000000 0.000000 -0.011701 -0.029588 -0.016302 -0.000001 0.000003 -0.000001 -0.018463 -0.075698 -0.024375 -0.000004 0.000003 -0.000000 -0.000000 -0.000000 -0.000000 -0.000001 -0.000000 0.000001 -0.108498 0.010680 -0.004987 -8.950229 -6.381049 1.215893 -0.042813 -0.034513 -0.413943 27.175482 -2.238431 -2.406865 -0.057838 0.011271 -0.433514 -28.096943 7.245561 2.043135 -0.014582 -0.140202 -0.044665 -0.000002 0.000001 -0.000000 0.352207 -0.331174 0.370911 -0.000000 0.000000 -0.000000 0.253490 -0.139412 0.043517 38.570300 51.595071 -0.000012 -0.275499 -0.250273 0.370911 -0.000000 0.000000 -0.000000 -0.232716 -0.461183 0.053609 -0.000001 -38.791356 0.000007 0.125668 -0.265692 -0.313595 -0.000000 0.000000 -0.000000 0.130146 -0.534334 -0.668620 -12.382659 0.000001 -9.258735 -0.113330 -0.268834 -0.313595 -0.000000 0.000000 -0.000000 -0.095191 -0.015211 -0.747160 -0.000001 -0.000001 -0.000000 
0.000000 -0.210014 0.052218 9.577158 0.000000 -0.000000 0.000000 -0.000000 -0.000000 -0.000001 0.000000 -0.000001 0.108498 0.010680 -0.004987 -51.910513 3.233828 -2.754348 0.042686 -0.033397 -0.412863 36.706249 4.702672 2.347132 0.051757 0.026022 -0.434841 -6.906977 -5.816532 -8.145475 0.014582 -0.140203 -0.041002 -0.000002 0.000001 0.000000 0.000000 0.031892 0.087417 -0.000003 0.000000 -0.000000 0.000000 -0.000295 0.129738 -0.000000 0.000000 -0.000000 0.000000 0.021603 0.135532 0.000003 0.000000 -0.000000 0.022776 -0.072500 0.132876 0.000001 0.000000 -0.000000 0.163716 0.004516 -0.030142 29.330304 23.861013 -1.254537 0.165715 0.002195 -0.189845 17.766840 8.169188 -9.106849 0.134640 -0.191983 -0.128679 -20.422447 16.986858 7.569700 0.001147 -0.048713 -0.006655 -0.000001 -0.000000 0.000003 0.011701 -0.029588 -0.016302 -0.000004 -0.000002 0.000000 0.018464 -0.075698 -0.024375 -0.000002 0.000004 0.000000 0.000000 -0.061697 0.207353 -0.000002 0.000000 -0.000000 0.000000 -0.018035 0.048318 -0.000003 0.000000 -0.000000 0.000000 -0.018035 0.048318 -0.000002 0.000000 -0.000000 -0.022776 -0.072500 0.132876 0.000001 -0.000000 0.000000 -0.163716 0.004516 -0.030142 -0.522852 -27.323214 8.756569 -0.165715 0.002195 -0.189845 5.220011 -5.584096 6.860060 -0.134640 -0.191983 -0.128679 -14.431765 -3.399414 -9.908349 -0.011509 -0.048713 0.001674 -0.000002 0.000000 0.000000 -0.011701 -0.029588 -0.016302 -0.000001 0.000003 -0.000001 -0.018463 -0.075698 -0.024375 -0.000004 0.000003 -0.000000 -0.000000 -0.000000 -0.000000 -0.000001 -0.000000 0.000001 -0.108498 0.010680 -0.004987 -8.950229 -6.381049 1.215893 -0.042813 -0.034513 -0.413943 27.175482 -2.238431 -2.406865 -0.057838 0.011271 -0.433514 -28.096943 7.245561 2.043135 -0.014582 -0.140202 -0.044665 -0.000002 0.000001 -0.000000 0.352207 -0.331174 0.370911 -0.000000 0.000000 -0.000000 0.253490 -0.139412 0.043517 38.570300 51.595071 -0.000012 -0.275499 -0.250273 0.370911 -0.000000 0.000000 -0.000000 -0.232716 -0.461183 0.053609 -0.000001 -38.791356 0.000007 0.125668 -0.265692 -0.313595 -0.000000 0.000000 -0.000000 0.130146 -0.534334 -0.668620 -12.382659 0.000001 -9.258735 -0.113330 -0.268834 -0.313595 -0.000000 0.000000 -0.000000 -0.095191 -0.015211 -0.747160 -0.000001 -0.000001 -0.000000 
0.000000 -0.210014 0.052218 9.577158 0.000000 -0.000000 0.000000 -0.000000 -0.000000 -0.000001 0.000000 -0.000001 0.108498 0.010680 -0.004987 -51.910513 3.233828 -2.754348 0.042686 -0.033397 -0.412863 36.706249 4.702672 2.347132 0.051757 0.026022 -0.434841 -6.906977 -5.816532 -8.145475 0.014582 -0.140203 -0.041002 -0.000002 0.000001 0.000000 0.000000 0.031892 0.087417 -0.000003 0.000000 -0.000000 0.000000 -0.000295 0.129738 -0.000000 0.000000 -0.000000 0.000000 0.021603 0.135532 0.000003 0.000000 -0.000000 0.022776 -0.072500 0.132876 0.000001 0.000000 -0.000000 0.163716 0.004516 -0.030142 29.330304 23.861013 -1.254537 0.165715 0.002195 -0.189845 17.766840 8.169188 -9.106849 0.134640 -0.191983 -0.128679 -20.422447 16.986858 7.569700 0.001147 -0.048713 -0.006655 -0.000001 -0.000000 0.000003 0.011701 -0.029588 -0.016302 -0.000004 -0.000002 0.000000 0.018464 -0.075698 -0.024375 -0.000002 0.000004 0.000000 0.000000 -0.061697 0.207353 -0.000002 0.000000 -0.000000 0.000000 -0.018035 0.048318 -0.000003 0.000000 -0.000000 0.000000 -0.018035 0.048318 -0.000002 0.000000 -0.000000 -0.022776 -0.072500 0.132876 0.000001 -0.000000 0.000000 -0.163716 0.004516 -0.030142 -0.522852 -27.323214 8.756569 -0.165715 0.002195 -0.189845 5.220011 -5.584096 6.860060 -0.134640 -0.191983 -0.128679 -14.431765 -3.399414 -9.908349 -0.011509 -0.048713 0.001674 -0.000002 0.000000 0.000000 -0.011701 -0.029588 -0.016302 -0.000001 0.000003 -0.000001 -0.018463 -0.075698 -0.024375 -0.000004 0.000003 -0.000000 -0.000000 -0.000000 -0.000000 -0.000001 -0.000000 0.000001 -0.108498 0.010680 -0.004987 -8.950229 -6.381049 1.215893 -0.042813 -0.034513 -0.413943 27.175482 -2.238431 -2.406865 -0.057838 0.011271 -0.433514 -28.096943 7.245561 2.043135 -0.014582 -0.140202 -0.044665 -0.000002 0.000001 -0.000000 0.352207 -0.331174 0.370911 -0.000000 0.000000 -0.000000 0.253490 -0.139412 0.043517 38.570300 51.595071 -0.000012 -0.275499 -0.250273 0.370911 -0.000000 0.000000 -0.000000 -0.232716 -0.461183 0.053609 -0.000001 -38.791356 0.000007 0.125668 -0.265692 -0.313595 -0.000000 0.000000 -0.000000 0.130146 -0.534334 -0.668620 -12.382659 0.000001 -9.258735 -0.113330 -0.268834 -0.313595 -0.000000 0.000000 -0.000000 -0.095191 -0.015211 -0.747160 -0.000001 -0.000001 -0.000000 
0.000000 -0.210014 0.052218 9.577158 0.000000 -0.000000 0.000000 -0.000000 -0.000000 -0.000001 0.000000 -0.000001 0.108498 0.010680 -0.004987 -51.910513 3.233828 -2.754348 0.042686 -0.033397 -0.412863 36.706249 4.702672 2.347132 0.051757 0.026022 -0.434841 -6.906977 -5.816532 -8.145475 0.014582 -0.140203 -0.041002 -0.000002 0.000001 0.000000 0.000000 0.031892 0.087417 -0.000003 0.000000 -0.000000 0.000000 -0.000295 0.129738 -0.000000 0.000000 -0.000000 0.000000 0.021603 0.135532 0.000003 0.000000 -0.000000 0.022776 -0.072500 0.132876 0.000001 0.000000 -0.000000 0.163716 0.004516 -0.030142 29.330304 23.861013 -1.254537 0.165715 0.002195 -0.189845 17.766840 8.169188 -9.106849 0.134640 -0.191983 -0.128679 -20.422447 16.986858 7.569700 0.001147 -0.048713 -0.006655 -0.000001 -0.000000 0.000003 0.011701 -0.029588 -0.016302 -0.000004 -0.000002 0.000000 0.018464 -0.075698 -0.024375 -0.000002 0.000004 0.000000 0.000000 -0.061697 0.207353 -0.000002 0.000000 -0.000000 0.000000 -0.018035 0.048318 -0.000003 0.000000 -0.000000 0.000000 -0.018035 0.048318 -0.000002 0.000000 -0.000000 -0.022776 -0.072500 0.132876 0.000001 -0.000000 0.000000 -0.163716 0.004516 -0.030142 -0.522852 -27.323214 8.756569 -0.165715 0.002195 -0.189845 5.220011 -5.584096 6.860060 -0.134640 -0.191983 -0.128679 -14.431765 -3.399414 -9.908349 -0.011509 -0.048713 0.001674 -0.000002 0.000000 0.000000 -0.011701 -0.029588 -0.016302 -0.000001 0.000003 -0.000001 -0.018463 -0.075698 -0.024375 -0.000004 0.000003 -0.000000 -0.000000 -0.000000 -0.000000 -0.000001 -0.000000 0.000001 -0.108498 0.010680 -0.004987 -8.950229 -6.381049 1.215893 -0.042813 -0.034513 -0.413943 27.175482 -2.238431 -2.406865 -0.057838 0.011271 -0.433514 -28.096943 7.245561 2.043135 -0.014582 -0.140202 -0.044665 -0.000002 0.000001 -0.000000 0.352207 -0.331174 0.370911 -0.000000 0.000000 -0.000000 0.253490 -0.139412 0.043517 38.570300 51.595071 -0.000012 -0.275499 -0.250273 0.370911 -0.000000 0.000000 -0.000000 -0.232716 -0.461183 0.053609 -0.000001 -38.791356 0.000007 0.125668 -0.265692 -0.313595 -0.000000 0.000000 -0.000000 0.130146 -0.534334 -0.668620 -12.382659 0.000001 -9.258735 -0.113330 -0.268834 -0.313595 -0.000000 0.000000 -0.000000 -0.095191 -0.015211 -0.747160 -0.000001 -0.000001 -0.000000 
0.000000 -0.210014 0.052218 9.577158 0.000000 -0.000000 0.000000 -0.000000 -0.000000 -0.000001 0.000000 -0.000001 0.108498 0.010680 -0.004987 -51.910513 3.233828 -2.754348 0.042686 -0.033397 -0.412863 36.706249 4.702672 2.347132 0.051757 0.026022 -0.434841 -6.906977 -5.816532 -8.145475 0.014582 -0.140203 -0.041002 -0.000002 0.000001 0.000000 0.000000 0.031892 0.087417 -0.000003 0.000000 -0.000000 0.000000 -0.000295 0.129738 -0.000000 0.000000 -0.000000 0.000000 0.021603 0.135532 0.000003 0.000000 -0.000000 0.022776 -0.072500 0.132876 0.000001 0.000000 -0.000000 0.163716 0.004516 -0.030142 29.330304 23.861013 -1.254537 0.165715 0.002195 -0.189845 17.766840 8.169188 -9.106849 0.134640 -0.191983 -0.128679 -20.422447 16.986858 7.569700 0.001147 -0.048713 -0.006655 -0.000001 -0.000000 0.000003 0.011701 -0.029588 -0.016302 -0.000004 -0.000002 0.000000 0.018464 -0.075698 -0.024375 -0.000002 0.000004 0.000000 0.000000 -0.061697 0.207353 -0.000002 0.000000 -0.000000 0.000000 -0.018035 0.048318 -0.000003 0.000000 -0.000000 0.000000 -0.018035 0.048318 -0.000002 0.000000 -0.000000 -0.022776 -0.072500 0.132876 0.000001 -0.000000 0.000000 -0.163716 0.004516 -0.030142 -0.522852 -27.323214 8.756569 -0.165715 0.002195 -0.189845 5.220011 -5.584096 6.860060 -0.134640 -0.191983 -0.128679 -14.431765 -3.399414 -9.908349 -0.011509 -0.048713 0.001674 -0.000002 0.000000 0.000000 -0.011701 -0.029588 -0.016302 -0.000001 0.000003 -0.000001 -0.018463 -0.075698 -0.024375 -0.000004 0.000003 -0.000000 -0.000000 -0.000000 -0.000000 -0.000001 -0.000000 0.000001 -0.108498 0.010680 -0.004987 -8.950229 -6.381049 1.215893 -0.042813 -0.034513 -0.413943 27.175482 -2.238431 -2.406865 -0.057838 0.011271 -0.433514 -28.096943 7.245561 2.043135 -0.014582 -0.140202 -0.044665 -0.000002 0.000001 -0.000000 0.352207 -0.331174 0.370911 -0.000000 0.000000 -0.000000 0.253490 -0.139412 0.043517 38.570300 51.595071 -0.000012 -0.275499 -0.250273 0.370911 -0.000000 0.000000 -0.000000 -0.232716 -0.461183 0.053609 -0.000001 -38.791356 0.000007 0.125668 -0.265692 -0.313595 -0.000000 0.000000 -0.000000 0.130146 -0.534334 -0.668620 -12.382659 0.000001 -9.258735 -0.113330 -0.268834 -0.313595 -0.000000 0.000000 -0.000000 -0.095191 -0.015211 -0.747160 -0.000001 -0.000001 -0.000000 
0.000000 -0.210014 0.052218 9.577158 0.000000 -0.000000 0.000000 -0.000000 -0.000000 -0.000001 0.000000 -0.000001 0.108498 0.010680 -0.004987 -51.910513 3.233828 -2.754348 0.042686 -0.033397 -0.412863 36.706249 4.702672 2.347132 0.051757 0.026022 -0.434841 -6.906977 -5.816532 -8.145475 0.014582 -0.140203 -0.041002 -0.000002 0.000001 0.000000 0.000000 0.031892 0.087417 -0.000003 0.000000 -0.000000 0.000000 -0.000295 0.129738 -0.000000 0.000000 -0.000000 0.000000 0.021603 0.135532 0.000003 0.000000 -0.000000 0.022776 -0.072500 0.132876 0.000001 0.000000 -0.000000 0.163716 0.004516 -0.030142 29.330304 23.861013 -1.254537 0.165715 0.002195 -0.189845 17.766840 8.169188 -9.106849 0.134640 -0.191983 -0.128679 -20.422447 16.986858 7.569700 0.001147 -0.048713 -0.006655 -0.000001 -0.000000 0.000003 0.011701 -0.029588 -0.016302 -0.000004 -0.000002 0.000000 0.018464 -0.075698 -0.024375 -0.000002 0.000004 0.000000 0.000000 -0.061697 0.207353 -0.000002 0.000000 -0.000000 0.000000 -0.018035 0.048318 -0.000003 0.000000 -0.000000 0.000000 -0.018035 0.048318 -0.000002 0.000000 -0.000000 -0.022776 -0.072500 0.132876 0.000001 -0.000000 0.000000 -0.163716 0.004516 -0.030142 -0.522852 -27.323214 8.756569 -0.165715 0.002195 -0.189845 5.220011 -5.584096 6.860060 -0.134640 -0.191983 -0.128679 -14.431765 -3.399414 -9.908349 -0.011509 -0.048713 0.001674 -0.000002 0.000000 0.000000 -0.011701 -0.029588 -0.016302 -0.000001 0.000003 -0.000001 -0.018463 -0.075698 -0.024375 -0.000004 0.000003 -0.000000 -0.000000 -0.000000 -0.000000 -0.000001 -0.000000 0.000001 -0.108498 0.010680 -0.004987 -8.950229 -6.381049 1.215893 -0.042813 -0.034513 -0.413943 27.175482 -2.238431 -2.406865 -0.057838 0.011271 -0.433514 -28.096943 7.245561 2.043135 -0.014582 -0.140202 -0.044665 -0.000002 0.000001 -0.000000 0.352207 -0.331174 0.370911 -0.000000 0.000000 -0.000000 0.253490 -0.139412 0.043517 38.570300 51.595071 -0.000012 -0.275499 -0.250273 0.370911 -0.000000 0.000000 -0.000000 -0.232716 -0.461183 0.053609 -0.000001 -38.791356 0.000007 0.125668 -0.265692 -0.313595 -0.000000 0.000000 -0.000000 0.130146 -0.534334 -0.668620 -12.382659 0.000001 -9.258735 -0.113330 -0.268834 -0.313595 -0.000000 0.000000 -0.000000 -0.095191 -0.015211 -0.747160 -0.000001 -0.000001 -0.000000 
0.000000 -0.210014 0.052218 9.577158 0.000000 -0.000000 0.000000 -0.000000 -0.000000 -0.000001 0.000000 -0.000001 0.108498 0.010680 -0.004987 -51.910513 3.233828 -2.754348 0.042686 -0.033397 -0.412863 36.706249 4.702672 2.347132 0.051757 0.026022 -0.434841 -6.906977 -5.816532 -8.145475 0.014582 -0.140203 -0.041002 -0.000002 0.000001 0.000000 0.000000 0.031892 0.087417 -0.000003 0.000000 -0.000000 0.000000 -0.000295 0.129738 -0.000000 0.000000 -0.000000 0.000000 0.021603 0.135532 0.000003 0.000000 -0.000000 0.022776 -0.072500 0.132876 0.000001 0.000000 -0.000000 0.163716 0.004516 -0.030142 29.330304 23.861013 -1.254537 0.165715 0.002195 -0.189845 17.766840 8.169188 -9.106849 0.134640 -0.191983 -0.128679 -20.422447 16.986858 7.569700 0.001147 -0.048713 -0.006655 -0.000001 -0.000000 0.000003 0.011701 -0.029588 -0.016302 -0.000004 -0.000002 0.000000 0.018464 -0.075698 -0.024375 -0.000002 0.000004 0.000000 0.000000 -0.061697 0.207353 -0.000002 0.000000 -0.000000 0.000000 -0.018035 0.048318 -0.000003 0.000000 -0.000000 0.000000 -0.018035 0.048318 -0.000002 0.000000 -0.000000 -0.022776 -0.072500 0.132876 0.000001 -0.000000 0.000000 -0.163716 0.004516 -0.030142 -0.522852 -27.323214 8.756569 -0.165715 0.002195 -0.189845 5.220011 -5.584096 6.860060 -0.134640 -0.191983 -0.128679 -14.431765 -3.399414 -9.908349 -0.011509 -0.048713 0.001674 -0.000002 0.000000 0.000000 -0.011701 -0.029588 -0.016302 -0.000001 0.000003 -0.000001 -0.018463 -0.075698 -0.024375 -0.000004 0.000003 -0.000000 -0.000000 -0.000000 -0.000000 -0.000001 -0.000000 0.000001 -0.108498 0.010680 -0.004987 -8.950229 -6.381049 1.215893 -0.042813 -0.034513 -0.413943 27.175482 -2.238431 -2.406865 -0.057838 0.011271 -0.433514 -28.096943 7.245561 2.043135 -0.014582 -0.140202 -0.044665 -0.000002 0.000001 -0.000000 0.352207 -0.331174 0.370911 -0.000000 0.000000 -0.000000 0.253490 -0.139412 0.043517 38.570300 51.595071 -0.000012 -0.275499 -0.250273 0.370911 -0.000000 0.000000 -0.000000 -0.232716 -0.461183 0.053609 -0.000001 -38.791356 0.000007 0.125668 -0.265692 -0.313595 -0.000000 0.000000 -0.000000 0.130146 -0.534334 -0.668620 -12.382659 0.000001 -9.258735 -0.113330 -0.268834 -0.313595 -0.000000 0.000000 -0.000000 -0.095191 -0.015211 -0.747160 -0.000001 -0.000001 -0.000000 
0.000000 -0.210014 0.052218 9.577158 0.000000 -0.000000 0.000000 -0.000000 -0.000000 -0.000001 0.000000 -0.000001 0.108498 0.010680 -0.004987 -51.910513 3.233828 -2.754348 0.042686 -0.033397 -0.412863 36.706249 4.702672 2.347132 0.051757 0.026022 -0.434841 -6.906977 -5.816532 -8.145475 0.014582 -0.140203 -0.041002 -0.000002 0.000001 0.000000 0.000000 0.031892 0.087417 -0.000003 0.000000 -0.000000 0.000000 -0.000295 0.129738 -0.000000 0.000000 -0.000000 0.000000 0.021603 0.135532 0.000003 0.000000 -0.000000 0.022776 -0.072500 0.132876 0.000001 0.000000 -0.000000 0.163716 0.004516 -0.030142 29.330304 23.861013 -1.254537 0.165715 0.002195 -0.189845 17.766840 8.169188 -9.106849 0.134640 -0.191983 -0.128679 -20.422447 16.986858 7.569700 0.001147 -0.048713 -0.006655 -0.000001 -0.000000 0.000003 0.011701 -0.029588 -0.016302 -0.000004 -0.000002 0.000000 0.018464 -0.075698 -0.024375 -0.000002 0.000004 0.000000 0.000000 -0.061697 0.207353 -0.000002 0.000000 -0.000000 0.000000 -0.018035 0.048318 -0.000003 0.000000 -0.000000 0.000000 -0.018035 0.048318 -0.000002 0.000000 -0.000000 -0.022776 -0.072500 0.132876 0.000001 -0.000000 0.000000 -0.163716 0.004516 -0.030142 -0.522852 -27.323214 8.756569 -0.165715 0.002195 -0.189845 5.220011 -5.584096 6.860060 -0.134640 -0.191983 -0.128679 -14.431765 -3.399414 -9.908349 -0.011509 -0.048713 0.001674 -0.000002 0.000000 0.000000 -0.011701 -0.029588 -0.016302 -0.000001 0.000003 -0.000001 -0.018463 -0.075698 -0.024375 -0.000004 0.000003 -0.000000 -0.000000 -0.000000 -0.000000 -0.000001 -0.000000 0.000001 -0.108498 0.010680 -0.004987 -8.950229 -6.381049 1.215893 -0.042813 -0.034513 -0.413943 27.175482 -2.238431 -2.406865 -0.057838 0.011271 -0.433514 -28.096943 7.245561 2.043135 -0.014582 -0.140202 -0.044665 -0.000002 0.000001 -0.000000 0.352207 -0.331174 0.370911 -0.000000 0.000000 -0.000000 0.253490 -0.139412 0.043517 38.570300 51.595071 -0.000012 -0.275499 -0.250273 0.370911 -0.000000 0.000000 -0.000000 -0.232716 -0.461183 0.053609 -0.000001 -38.791356 0.000007 0.125668 -0.265692 -0.313595 -0.000000 0.000000 -0.000000 0.130146 -0.534334 -0.668620 -12.382659 0.000001 -9.258735 -0.113330 -0.268834 -0.313595 -0.000000 0.000000 -0.000000 -0.095191 -0.015211 -0.747160 -0.000001 -0.000001 -0.000000 
0.000000 -0.210014 0.052218 9.577158 0.000000 -0.000000 0.000000 -0.000000 -0.000000 -0.000001 0.000000 -0.000001 0.108498 0.010680 -0.004987 -51.910513 3.233828 -2.754348 0.042686 -0.033397 -0.412863 36.706249 4.702672 2.347132 0.051757 0.026022 -0.434841 -6.906977 -5.816532 -8.145475 0.014582 -0.140203 -0.041002 -0.000002 0.000001 0.000000 0.000000 0.031892 0.087417 -0.000003 0.000000 -0.000000 0.000000 -0.000295 0.129738 -0.000000 0.000000 -0.000000 0.000000 0.021603 0.135532 0.000003 0.000000 -0.000000 0.022776 -0.072500 0.132876 0.000001 0.000000 -0.000000 0.163716 0.004516 -0.030142 29.330304 23.861013 -1.254537 0.165715 0.002195 -0.189845 17.766840 8.169188 -9.106849 0.134640 -0.191983 -0.128679 -20.422447 16.986858 7.569700 0.001147 -0.048713 -0.006655 -0.000001 -0.000000 0.000003 0.011701 -0.029588 -0.016302 -0.000004 -0.000002 0.000000 0.018464 -0.075698 -0.024375 -0.000002 0.000004 0.000000 0.000000 -0.061697 0.207353 -0.000002 0.000000 -0.000000 0.000000 -0.018035 0.048318 -0.000003 0.000000 -0.000000 0.000000 -0.018035 0.048318 -0.000002 0.000000 -0.000000 -0.022776 -0.072500 0.132876 0.000001 -0.000000 0.000000 -0.163716 0.004516 -0.030142 -0.522852 -27.323214 8.756569 -0.165715 0.002195 -0.189845 5.220011 -5.584096 6.860060 -0.134640 -0.191983 -0.128679 -14.431765 -3.399414 -9.908349 -0.011509 -0.048713 0.001674 -0.000002 0.000000 0.000000 -0.011701 -0.029588 -0.016302 -0.000001 0.000003 -0.000001 -0.018463 -0.075698 -0.024375 -0.000004 0.000003 -0.000000 -0.000000 -0.000000 -0.000000 -0.000001 -0.000000 0.000001 -0.108498 0.010680 -0.004987 -8.950229 -6.381049 1.215893 -0.042813 -0.034513 -0.413943 27.175482 -2.238431 -2.406865 -0.057838 0.011271 -0.433514 -28.096943 7.245561 2.043135 -0.014582 -0.140202 -0.044665 -0.000002 0.000001 -0.000000 0.352207 -0.331174 0.370911 -0.000000 0.000000 -0.000000 0.253490 -0.139412 0.043517 38.570300 51.595071 -0.000012 -0.275499 -0.250273 0.370911 -0.000000 0.000000 -0.000000 -0.232716 -0.461183 0.053609 -0.000001 -38.791356 0.000007 0.125668 -0.265692 -0.313595 -0.000000 0.000000 -0.000000 0.130146 -0.534334 -0.668620 -12.382659 0.000001 -9.258735 -0.113330 -0.268834 -0.313595 -0.000000 0.000000 -0.000000 -0.095191 -0.015211 -0.747160 -0.000001 -0.000001 -0.000000 
0.000000 -0.210014 0.052218 9.577158 0.000000 -0.000000 0.000000 -0.000000 -0.000000 -0.000001 0.000000 -0.000001 0.108498 0.010680 -0.004987 -51.910513 3.233828 -2.754348 0.042686 -0.033397 -0.412863 36.706249 4.702672 2.347132 0.051757 0.026022 -0.434841 -6.906977 -5.816532 -8.145475 0.014582 -0.140203 -0.041002 -0.000002 0.000001 0.000000 0.000000 0.031892 0.087417 -0.000003 0.000000 -0.000000 0.000000 -0.000295 0.129738 -0.000000 0.000000 -0.000000 0.000000 0.021603 0.135532 0.000003 0.000000 -0.000000 0.022776 -0.072500 0.132876 0.000001 0.000000 -0.000000 0.163716 0.004516 -0.030142 29.330304 23.861013 -1.254537 0.165715 0.002195 -0.189845 17.766840 8.169188 -9.106849 0.134640 -0.191983 -0.128679 -20.422447 16.986858 7.569700 0.001147 -0.048713 -0.006655 -0.000001 -0.000000 0.000003 0.011701 -0.029588 -0.016302 -0.000004 -0.000002 0.000000 0.018464 -0.075698 -0.024375 -0.000002 0.000004 0.000000 0.000000 -0.061697 0.207353 -0.000002 0.000000 -0.000000 0.000000 -0.018035 0.048318 -0.000003 0.000000 -0.000000 0.000000 -0.018035 0.048318 -0.000002 0.000000 -0.000000 -0.022776 -0.072500 0.132876 0.000001 -0.000000 0.000000 -0.163716 0.004516 -0.030142 -0.522852 -27.323214 8.756569 -0.165715 0.002195 -0.189845 5.220011 -5.584096 6.860060 -0.134640 -0.191983 -0.128679 -14.431765 -3.399414 -9.908349 -0.011509 -0.048713 0.001674 -0.000002 0.000000 0.000000 -0.011701 -0.029588 -0.016302 -0.000001 0.000003 -0.000001 -0.018463 -0.075698 -0.024375 -0.000004 0.000003 -0.000000 -0.000000 -0.000000 -0.000000 -0.000001 -0.000000 0.000001 -0.108498 0.010680 -0.004987 -8.950229 -6.381049 1.215893 -0.042813 -0.034513 -0.413943 27.175482 -2.238431 -2.406865 -0.057838 0.011271 -0.433514 -28.096943 7.245561 2.043135 -0.014582 -0.140202 -0.044665 -0.000002 0.000001 -0.000000 0.352207 -0.331174 0.370911 -0.000000 0.000000 -0.000000 0.253490 -0.139412 0.043517 38.570300 51.595071 -0.000012 -0.275499 -0.250273 0.370911 -0.000000 0.000000 -0.000000 -0.232716 -0.461183 0.053609 -0.000001 -38.791356 0.000007 0.125668 -0.265692 -0.313595 -0.000000 0.000000 -0.000000 0.130146 -0.534334 -0.668620 -12.382659 0.000001 -9.258735 -0.113330 -0.268834 -0.313595 -0.000000 0.000000 -0.000000 -0.095191 -0.015211 -0.747160 -0.000001 -0.000001 -0.000000 
0.000000 -0.210014 0.052218 9.577158 0.000000 -0.000000 0.000000 -0.000000 -0.000000 -0.000001 0.000000 -0.000001 0.108498 0.010680 -0.004987 -51.910513 3.233828 -2.754348 0.042686 -0.033397 -0.412863 36.706249 4.702672 2.347132 0.051757 0.026022 -0.434841 -6.906977 -5.816532 -8.145475 0.014582 -0.140203 -0.041002 -0.000002 0.000001 0.000000 0.000000 0.031892 0.087417 -0.000003 0.000000 -0.000000 0.000000 -0.000295 0.129738 -0.000000 0.000000 -0.000000 0.000000 0.021603 0.135532 0.000003 0.000000 -0.000000 0.022776 -0.072500 0.132876 0.000001 0.000000 -0.000000 0.163716 0.004516 -0.030142 29.330304 23.861013 -1.254537 0.165715 0.002195 -0.189845 17.766840 8.169188 -9.106849 0.134640 -0.191983 -0.128679 -20.422447 16.986858 7.569700 0.001147 -0.048713 -0.006655 -0.000001 -0.000000 0.000003 0.011701 -0.029588 -0.016302 -0.000004 -0.000002 0.000000 0.018464 -0.075698 -0.024375 -0.000002 0.000004 0.000000 0.000000 -0.061697 0.207353 -0.000002 0.000000 -0.000000 0.000000 -0.018035 0.048318 -0.000003 0.000000 -0.000000 0.000000 -0.018035 0.048318 -0.000002 0.000000 -0.000000 -0.022776 -0.072500 0.132876 0.000001 -0.000000 0.000000 -0.163716 0.004516 -0.030142 -0.522852 -27.323214 8.756569 -0.165715 0.002195 -0.189845 5.220011 -5.584096 6.860060 -0.134640 -0.191983 -0.128679 -14.431765 -3.399414 -9.908349 -0.011509 -0.048713 0.001674 -0.000002 0.000000 0.000000 -0.011701 -0.029588 -0.016302 -0.000001 0.000003 -0.000001 -0.018463 -0.075698 -0.024375 -0.000004 0.000003 -0.000000 -0.000000 -0.000000 -0.000000 -0.000001 -0.000000 0.000001 -0.108498 0.010680 -0.004987 -8.950229 -6.381049 1.215893 -0.042813 -0.034513 -0.413943 27.175482 -2.238431 -2.406865 -0.057838 0.011271 -0.433514 -28.096943 7.245561 2.043135 -0.014582 -0.140202 -0.044665 -0.000002 0.000001 -0.000000 0.352207 -0.331174 0.370911 -0.000000 0.000000 -0.000000 0.253490 -0.139412 0.043517 38.570300 51.595071 -0.000012 -0.275499 -0.250273 0.370911 -0.000000 0.000000 -0.000000 -0.232716 -0.461183 0.053609 -0.000001 -38.791356 0.000007 0.125668 -0.265692 -0.313595 -0.000000 0.000000 -0.000000 0.130146 -0.534334 -0.668620 -12.382659 0.000001 -9.258735 -0.113330 -0.268834 -0.313595 -0.000000 0.000000 -0.000000 -0.095191 -0.015211 -0.747160 -0.000001 -0.000001 -0.000000 
0.000000 -0.210014 0.052218 9.577158 0.000000 -0.000000 0.000000 -0.000000 -0.000000 -0.000001 0.000000 -0.000001 0.108498 0.010680 -0.004987 -51.910513 3.233828 -2.754348 0.042686 -0.033397 -0.412863 36.706249 4.702672 2.347132 0.051757 0.026022 -0.434841 -6.906977 -5.816532 -8.145475 0.014582 -0.140203 -0.041002 -0.000002 0.000001 0.000000 0.000000 0.031892 0.087417 -0.000003 0.000000 -0.000000 0.000000 -0.000295 0.129738 -0.000000 0.000000 -0.000000 0.000000 0.021603 0.135532 0.000003 0.000000 -0.000000 0.022776 -0.072500 0.132876 0.000001 0.000000 -0.000000 0.163716 0.004516 -0.030142 29.330304 23.861013 -1.254537 0.165715 0.002195 -0.189845 17.766840 8.169188 -9.106849 0.134640 -0.191983 -0.128679 -20.422447 16.986858 7.569700 0.001147 -0.048713 -0.006655 -0.000001 -0.000000 0.000003 0.011701 -0.029588 -0.016302 -0.000004 -0.000002 0.000000 0.018464 -0.075698 -0.024375 -0.000002 0.000004 0.000000 0.000000 -0.061697 0.207353 -0.000002 0.000000 -0.000000 0.000000 -0.018035 0.048318 -0.000003 0.000000 -0.000000 0.000000 -0.018035 0.048318 -0.000002 0.000000 -0.000000 -0.022776 -0.072500 0.132876 0.000001 -0.000000 0.000000 -0.163716 0.004516 -0.030142 -0.522852 -27.323214 8.756569 -0.165715 0.002195 -0.189845 5.220011 -5.584096 6.860060 -0.134640 -0.191983 -0.128679 -14.431765 -3.399414 -9.908349 -0.011509 -0.048713 0.001674 -0.000002 0.000000 0.000000 -0.011701 -0.029588 -0.016302 -0.000001 0.000003 -0.000001 -0.018463 -0.075698 -0.024375 -0.000004 0.000003 -0.000000 -0.000000 -0.000000 -0.000000 -0.000001 -0.000000 0.000001 -0.108498 0.010680 -0.004987 -8.950229 -6.381049 1.215893 -0.042813 -0.034513 -0.413943 27.175482 -2.238431 -2.406865 -0.057838 0.011271 -0.433514 -28.096943 7.245561 2.043135 -0.014582 -0.140202 -0.044665 -0.000002 0.000001 -0.000000 0.352207 -0.331174 0.370911 -0.000000 0.000000 -0.000000 0.253490 -0.139412 0.043517 38.570300 51.595071 -0.000012 -0.275499 -0.250273 0.370911 -0.000000 0.000000 -0.000000 -0.232716 -0.461183 0.053609 -0.000001 -38.791356 0.000007 0.125668 -0.265692 -0.313595 -0.000000 0.000000 -0.000000 0.130146 -0.534334 -0.668620 -12.382659 0.000001 -9.258735 -0.113330 -0.268834 -0.313595 -0.000000 0.000000 -0.000000 -0.095191 -0.015211 -0.747160 -0.000001 -0.000001 -0.000000 
0.000000 -0.210014 0.052218 9.577158 0.000000 -0.000000 0.000000 -0.000000 -0.000000 -0.000001 0.000000 -0.000001 0.108498 0.010680 -0.004987 -51.910513 3.233828 -2.754348 0.042686 -0.033397 -0.412863 36.706249 4.702672 2.347132 0.051757 0.026022 -0.434841 -6.906977 -5.816532 -8.145475 0.014582 -0.140203 -0.041002 -0.000002 0.000001 0.000000 0.000000 0.031892 0.087417 -0.000003 0.000000 -0.000000 0.000000 -0.000295 0.129738 -0.000000 0.000000 -0.000000 0.000000 0.021603 0.135532 0.000003 0.000000 -0.000000 0.022776 -0.072500 0.132876 0.000001 0.000000 -0.000000 0.163716 0.004516 -0.030142 29.330304 23.861013 -1.254537 0.165715 0.002195 -0.189845 17.766840 8.169188 -9.106849 0.134640 -0.191983 -0.128679 -20.422447 16.986858 7.569700 0.001147 -0.048713 -0.006655 -0.000001 -0.000000 0.000003 0.011701 -0.029588 -0.016302 -0.000004 -0.000002 0.000000 0.018464 -0.075698 -0.024375 -0.000002 0.000004 0.000000 0.000000 -0.061697 0.207353 -0.000002 0.000000 -0.000000 0.000000 -0.018035 0.048318 -0.000003 0.000000 -0.000000 0.000000 -0.018035 0.048318 -0.000002 0.000000 -0.000000 -0.022776 -0.072500 0.132876 0.000001 -0.000000 0.000000 -0.163716 0.004516 -0.030142 -0.522852 -27.323214 8.756569 -0.165715 0.002195 -0.189845 5.220011 -5.584096 6.860060 -0.134640 -0.191983 -0.128679 -14.431765 -3.399414 -9.908349 -0.011509 -0.048713 0.001674 -0.000002 0.000000 0.000000 -0.011701 -0.029588 -0.016302 -0.000001 0.000003 -0.000001 -0.018463 -0.075698 -0.024375 -0.000004 0.000003 -0.000000 -0.000000 -0.000000 -0.000000 -0.000001 -0.000000 0.000001 -0.108498 0.010680 -0.004987 -8.950229 -6.381049 1.215893 -0.042813 -0.034513 -0.413943 27.175482 -2.238431 -2.406865 -0.057838 0.011271 -0.433514 -28.096943 7.245561 2.043135 -0.014582 -0.140202 -0.044665 -0.000002 0.000001 -0.000000 0.352207 -0.331174 0.370911 -0.000000 0.000000 -0.000000 0.253490 -0.139412 0.043517 38.570300 51.595071 -0.000012 -0.275499 -0.250273 0.370911 -0.000000 0.000000 -0.000000 -0.232716 -0.461183 0.053609 -0.000001 -38.791356 0.000007 0.125668 -0.265692 -0.313595 -0.000000 0.000000 -0.000000 0.130146 -0.534334 -0.668620 -12.382659 0.000001 -9.258735 -0.113330 -0.268834 -0.313595 -0.000000 0.000000 -0.000000 -0.095191 -0.015211 -0.747160 -0.000001 -0.000001 -0.000000 
0.000000 -0.210014 0.052218 9.577158 0.000000 -0.000000 0.000000 -0.000000 -0.000000 -0.000001 0.000000 -0.000001 0.108498 0.010680 -0.004987 -51.910513 3.233828 -2.754348 0.042686 -0.033397 -0.412863 36.706249 4.702672 2.347132 0.051757 0.026022 -0.434841 -6.906977 -5.816532 -8.145475 0.014582 -0.140203 -0.041002 -0.000002 0.000001 0.000000 0.000000 0.031892 0.087417 -0.000003 0.000000 -0.000000 0.000000 -0.000295 0.129738 -0.000000 0.000000 -0.000000 0.000000 0.021603 0.135532 0.000003 0.000000 -0.000000 0.022776 -0.072500 0.132876 0.000001 0.000000 -0.000000 0.163716 0.004516 -0.030142 29.330304 23.861013 -1.254537 0.165715 0.002195 -0.189845 17.766840 8.169188 -9.106849 0.134640 -0.191983 -0.128679 -20.422447 16.986858 7.569700 0.001147 -0.048713 -0.006655 -0.000001 -0.000000 0.000003 0.011701 -0.029588 -0.016302 -0.000004 -0.000002 0.000000 0.018464 -0.075698 -0.024375 -0.000002 0.000004 0.000000 0.000000 -0.061697 0.207353 -0.000002 0.000000 -0.000000 0.000000 -0.018035 0.048318 -0.000003 0.000000 -0.000000 0.000000 -0.018035 0.048318 -0.000002 0.000000 -0.000000 -0.022776 -0.072500 0.132876 0.000001 -0.000000 0.000000 -0.163716 0.004516 -0.030142 -0.522852 -27.323214 8.756569 -0.165715 0.002195 -0.189845 5.220011 -5.584096 6.860060 -0.134640 -0.191983 -0.128679 -14.431765 -3.399414 -9.908349 -0.011509 -0.048713 0.001674 -0.000002 0.000000 0.000000 -0.011701 -0.029588 -0.016302 -0.000001 0.000003 -0.000001 -0.018463 -0.075698 -0.024375 -0.000004 0.000003 -0.000000 -0.000000 -0.000000 -0.000000 -0.000001 -0.000000 0.000001 -0.108498 0.010680 -0.004987 -8.950229 -6.381049 1.215893 -0.042813 -0.034513 -0.413943 27.175482 -2.238431 -2.406865 -0.057838 0.011271 -0.433514 -28.096943 7.245561 2.043135 -0.014582 -0.140202 -0.044665 -0.000002 0.000001 -0.000000 0.352207 -0.331174 0.370911 -0.000000 0.000000 -0.000000 0.253490 -0.139412 0.043517 38.570300 51.595071 -0.000012 -0.275499 -0.250273 0.370911 -0.000000 0.000000 -0.000000 -0.232716 -0.461183 0.053609 -0.000001 -38.791356 0.000007 0.125668 -0.265692 -0.313595 -0.000000 0.000000 -0.000000 0.130146 -0.534334 -0.668620 -12.382659 0.000001 -9.258735 -0.113330 -0.268834 -0.313595 -0.000000 0.000000 -0.000000 -0.095191 -0.015211 -0.747160 -0.000001 -0.000001 -0.000000 
0.000000 -0.210014 0.052218 9.577158 0.000000 -0.000000 0.000000 -0.000000 -0.000000 -0.000001 0.000000 -0.000001 0.108498 0.010680 -0.004987 -51.910513 3.233828 -2.754348 0.042686 -0.033397 -0.412863 36.706249 4.702672 2.347132 0.051757 0.026022 -0.434841 -6.906977 -5.816532 -8.145475 0.014582 -0.140203 -0.041002 -0.000002 0.000001 0.000000 0.000000 0.031892 0.087417 -0.000003 0.000000 -0.000000 0.000000 -0.000295 0.129738 -0.000000 0.000000 -0.000000 0.000000 0.021603 0.135532 0.000003 0.000000 -0.000000 0.022776 -0.072500 0.132876 0.000001 0.000000 -0.000000 0.163716 0.004516 -0.030142 29.330304 23.861013 -1.254537 0.165715 0.002195 -0.189845 17.766840 8.169188 -9.106849 0.134640 -0.191983 -0.128679 -20.422447 16.986858 7.569700 0.001147 -0.048713 -0.006655 -0.000001 -0.000000 0.000003 0.011701 -0.029588 -0.016302 -0.000004 -0.000002 0.000000 0.018464 -0.075698 -0.024375 -0.000002 0.000004 0.000000 0.000000 -0.061697 0.207353 -0.000002 0.000000 -0.000000 0.000000 -0.018035 0.048318 -0.000003 0.000000 -0.000000 0.000000 -0.018035 0.048318 -0.000002 0.000000 -0.000000 -0.022776 -0.072500 0.132876 0.000001 -0.000000 0.000000 -0.163716 0.004516 -0.030142 -0.522852 -27.323214 8.756569 -0.165715 0.002195 -0.189845 5.220011 -5.584096 6.860060 -0.134640 -0.191983 -0.128679 -14.431765 -3.399414 -9.908349 -0.011509 -0.048713 0.001674 -0.000002 0.000000 0.000000 -0.011701 -0.029588 -0.016302 -0.000001 0.000003 -0.000001 -0.018463 -0.075698 -0.024375 -0.000004 0.000003 -0.000000 -0.000000 -0.000000 -0.000000 -0.000001 -0.000000 0.000001 -0.108498 0.010680 -0.004987 -8.950229 -6.381049 1.215893 -0.042813 -0.034513 -0.413943 27.175482 -2.238431 -2.406865 -0.057838 0.011271 -0.433514 -28.096943 7.245561 2.043135 -0.014582 -0.140202 -0.044665 -0.000002 0.000001 -0.000000 0.352207 -0.331174 0.370911 -0.000000 0.000000 -0.000000 0.253490 -0.139412 0.043517 38.570300 51.595071 -0.000012 -0.275499 -0.250273 0.370911 -0.000000 0.000000 -0.000000 -0.232716 -0.461183 0.053609 -0.000001 -38.791356 0.000007 0.125668 -0.265692 -0.313595 -0.000000 0.000000 -0.000000 0.130146 -0.534334 -0.668620 -12.382659 0.000001 -9.258735 -0.113330 -0.268834 -0.313595 -0.000000 0.000000 -0.000000 -0.095191 -0.015211 -0.747160 -0.000001 -0.000001 -0.000000 
0.000000 -0.210014 0.052218 9.577158 0.000000 -0.000000 0.000000 -0.000000 -0.000000 -0.000001 0.000000 -0.000001 0.108498 0.010680 -0.004987 -51.910513 3.233828 -2.754348 0.042686 -0.033397 -0.412863 36.706249 4.702672 2.347132 0.051757 0.026022 -0.434841 -6.906977 -5.816532 -8.145475 0.014582 -0.140203 -0.041002 -0.000002 0.000001 0.000000 0.000000 0.031892 0.087417 -0.000003 0.000000 -0.000000 0.000000 -0.000295 0.129738 -0.000000 0.000000 -0.000000 0.000000 0.021603 0.135532 0.000003 0.000000 -0.000000 0.022776 -0.072500 0.132876 0.000001 0.000000 -0.000000 0.163716 0.004516 -0.030142 29.330304 23.861013 -1.254537 0.165715 0.002195 -0.189845 17.766840 8.169188 -9.106849 0.134640 -0.191983 -0.128679 -20.422447 16.986858 7.569700 0.001147 -0.048713 -0.006655 -0.000001 -0.000000 0.000003 0.011701 -0.029588 -0.016302 -0.000004 -0.000002 0.000000 0.018464 -0.075698 -0.024375 -0.000002 0.000004 0.000000 0.000000 -0.061697 0.207353 -0.000002 0.000000 -0.000000 0.000000 -0.018035 0.048318 -0.000003 0.000000 -0.000000 0.000000 -0.018035 0.048318 -0.000002 0.000000 -0.000000 -0.022776 -0.072500 0.132876 0.000001 -0.000000 0.000000 -0.163716 0.004516 -0.030142 -0.522852 -27.323214 8.756569 -0.165715 0.002195 -0.189845 5.220011 -5.584096 6.860060 -0.134640 -0.191983 -0.128679 -14.431765 -3.399414 -9.908349 -0.011509 -0.048713 0.001674 -0.000002 0.000000 0.000000 -0.011701 -0.029588 -0.016302 -0.000001 0.000003 -0.000001 -0.018463 -0.075698 -0.024375 -0.000004 0.000003 -0.000000 -0.000000 -0.000000 -0.000000 -0.000001 -0.000000 0.000001 -0.108498 0.010680 -0.004987 -8.950229 -6.381049 1.215893 -0.042813 -0.034513 -0.413943 27.175482 -2.238431 -2.406865 -0.057838 0.011271 -0.433514 -28.096943 7.245561 2.043135 -0.014582 -0.140202 -0.044665 -0.000002 0.000001 -0.000000 0.352207 -0.331174 0.370911 -0.000000 0.000000 -0.000000 0.253490 -0.139412 0.043517 38.570300 51.595071 -0.000012 -0.275499 -0.250273 0.370911 -0.000000 0.000000 -0.000000 -0.232716 -0.461183 0.053609 -0.000001 -38.791356 0.000007 0.125668 -0.265692 -0.313595 -0.000000 0.000000 -0.000000 0.130146 -0.534334 -0.668620 -12.382659 0.000001 -9.258735 -0.113330 -0.268834 -0.313595 -0.000000 0.000000 -0.000000 -0.095191 -0.015211 -0.747160 -0.000001 -0.000001 -0.000000 
0.000000 -0.210014 0.052218 9.577158 0.000000 -0.000000 0.000000 -0.000000 -0.000000 -0.000001 0.000000 -0.000001 0.108498 0.010680 -0.004987 -51.910513 3.233828 -2.754348 0.042686 -0.033397 -0.412863 36.706249 4.702672 2.347132 0.051757 0.026022 -0.434841 -6.906977 -5.816532 -8.145475 0.014582 -0.140203 -0.041002 -0.000002 0.000001 0.000000 0.000000 0.031892 0.087417 -0.000003 0.000000 -0.000000 0.000000 -0.000295 0.129738 -0.000000 0.000000 -0.000000 0.000000 0.021603 0.135532 0.000003 0.000000 -0.000000 0.022776 -0.072500 0.132876 0.000001 0.000000 -0.000000 0.163716 0.004516 -0.030142 29.330304 23.861013 -1.254537 0.165715 0.002195 -0.189845 17.766840 8.169188 -9.106849 0.134640 -0.191983 -0.128679 -20.422447 16.986858 7.569700 0.001147 -0.048713 -0.006655 -0.000001 -0.000000 0.000003 0.011701 -0.029588 -0.016302 -0.000004 -0.000002 0.000000 0.018464 -0.075698 -0.024375 -0.000002 0.000004 0.000000 0.000000 -0.061697 0.207353 -0.000002 0.000000 -0.000000 0.000000 -0.018035 0.048318 -0.000003 0.000000 -0.000000 0.000000 -0.018035 0.048318 -0.000002 0.000000 -0.000000 -0.022776 -0.072500 0.132876 0.000001 -0.000000 0.000000 -0.163716 0.004516 -0.030142 -0.522852 -27.323214 8.756569 -0.165715 0.002195 -0.189845 5.220011 -5.584096 6.860060 -0.134640 -0.191983 -0.128679 -14.431765 -3.399414 -9.908349 -0.011509 -0.048713 0.001674 -0.000002 0.000000 0.000000 -0.011701 -0.029588 -0.016302 -0.000001 0.000003 -0.000001 -0.018463 -0.075698 -0.024375 -0.000004 0.000003 -0.000000 -0.000000 -0.000000 -0.000000 -0.000001 -0.000000 0.000001 -0.108498 0.010680 -0.004987 -8.950229 -6.381049 1.215893 -0.042813 -0.034513 -0.413943 27.175482 -2.238431 -2.406865 -0.057838 0.011271 -0.433514 -28.096943 7.245561 2.043135 -0.014582 -0.140202 -0.044665 -0.000002 0.000001 -0.000000 0.352207 -0.331174 0.370911 -0.000000 0.000000 -0.000000 0.253490 -0.139412 0.043517 38.570300 51.595071 -0.000012 -0.275499 -0.250273 0.370911 -0.000000 0.000000 -0.000000 -0.232716 -0.461183 0.053609 -0.000001 -38.791356 0.000007 0.125668 -0.265692 -0.313595 -0.000000 0.000000 -0.000000 0.130146 -0.534334 -0.668620 -12.382659 0.000001 -9.258735 -0.113330 -0.268834 -0.313595 -0.000000 0.000000 -0.000000 -0.095191 -0.015211 -0.747160 -0.000001 -0.000001 -0.000000 
0.000000 -0.210014 0.052218 9.577158 0.000000 -0.000000 0.000000 -0.000000 -0.000000 -0.000001 0.000000 -0.000001 0.108498 0.010680 -0.004987 -51.910513 3.233828 -2.754348 0.042686 -0.033397 -0.412863 36.706249 4.702672 2.347132 0.051757 0.026022 -0.434841 -6.906977 -5.816532 -8.145475 0.014582 -0.140203 -0.041002 -0.000002 0.000001 0.000000 0.000000 0.031892 0.087417 -0.000003 0.000000 -0.000000 0.000000 -0.000295 0.129738 -0.000000 0.000000 -0.000000 0.000000 0.021603 0.135532 0.000003 0.000000 -0.000000 0.022776 -0.072500 0.132876 0.000001 0.000000 -0.000000 0.163716 0.004516 -0.030142 29.330304 23.861013 -1.254537 0.165715 0.002195 -0.189845 17.766840 8.169188 -9.106849 0.134640 -0.191983 -0.128679 -20.422447 16.986858 7.569700 0.001147 -0.048713 -0.006655 -0.000001 -0.000000 0.000003 0.011701 -0.029588 -0.016302 -0.000004 -0.000002 0.000000 0.018464 -0.075698 -0.024375 -0.000002 0.000004 0.000000 0.000000 -0.061697 0.207353 -0.000002 0.000000 -0.000000 0.000000 -0.018035 0.048318 -0.000003 0.000000 -0.000000 0.000000 -0.018035 0.048318 -0.000002 0.000000 -0.000000 -0.022776 -0.072500 0.132876 0.000001 -0.000000 0.000000 -0.163716 0.004516 -0.030142 -0.522852 -27.323214 8.756569 -0.165715 0.002195 -0.189845 5.220011 -5.584096 6.860060 -0.134640 -0.191983 -0.128679 -14.431765 -3.399414 -9.908349 -0.011509 -0.048713 0.001674 -0.000002 0.000000 0.000000 -0.011701 -0.029588 -0.016302 -0.000001 0.000003 -0.000001 -0.018463 -0.075698 -0.024375 -0.000004 0.000003 -0.000000 -0.000000 -0.000000 -0.000000 -0.000001 -0.000000 0.000001 -0.108498 0.010680 -0.004987 -8.950229 -6.381049 1.215893 -0.042813 -0.034513 -0.413943 27.175482 -2.238431 -2.406865 -0.057838 0.011271 -0.433514 -28.096943 7.245561 2.043135 -0.014582 -0.140202 -0.044665 -0.000002 0.000001 -0.000000 0.352207 -0.331174 0.370911 -0.000000 0.000000 -0.000000 0.253490 -0.139412 0.043517 38.570300 51.595071 -0.000012 -0.275499 -0.250273 0.370911 -0.000000 0.000000 -0.000000 -0.232716 -0.461183 0.053609 -0.000001 -38.791356 0.000007 0.125668 -0.265692 -0.313595 -0.000000 0.000000 -0.000000 0.130146 -0.534334 -0.668620 -12.382659 0.000001 -9.258735 -0.113330 -0.268834 -0.313595 -0.000000 0.000000 -0.000000 -0.095191 -0.015211 -0.747160 -0.000001 -0.000001 -0.000000 
0.000000 -0.210014 0.052218 9.577158 0.000000 -0.000000 0.000000 -0.000000 -0.000000 -0.000001 0.000000 -0.000001 0.108498 0.010680 -0.004987 -51.910513 3.233828 -2.754348 0.042686 -0.033397 -0.412863 36.706249 4.702672 2.347132 0.051757 0.026022 -0.434841 -6.906977 -5.816532 -8.145475 0.014582 -0.140203 -0.041002 -0.000002 0.000001 0.000000 0.000000 0.031892 0.087417 -0.000003 0.000000 -0.000000 0.000000 -0.000295 0.129738 -0.000000 0.000000 -0.000000 0.000000 0.021603 0.135532 0.000003 0.000000 -0.000000 0.022776 -0.072500 0.132876 0.000001 0.000000 -0.000000 0.163716 0.004516 -0.030142 29.330304 23.861013 -1.254537 0.165715 0.002195 -0.189845 17.766840 8.169188 -9.106849 0.134640 -0.191983 -0.128679 -20.422447 16.986858 7.569700 0.001147 -0.048713 -0.006655 -0.000001 -0.000000 0.000003 0.011701 -0.029588 -0.016302 -0.000004 -0.000002 0.000000 0.018464 -0.075698 -0.024375 -0.000002 0.000004 0.000000 0.000000 -0.061697 0.207353 -0.000002 0.000000 -0.000000 0.000000 -0.018035 0.048318 -0.000003 0.000000 -0.000000 0.000000 -0.018035 0.048318 -0.000002 0.000000 -0.000000 -0.022776 -0.072500 0.132876 0.000001 -0.000000 0.000000 -0.163716 0.004516 -0.030142 -0.522852 -27.323214 8.756569 -0.165715 0.002195 -0.189845 5.220011 -5.584096 6.860060 -0.134640 -0.191983 -0.128679 -14.431765 -3.399414 -9.908349 -0.011509 -0.048713 0.001674 -0.000002 0.000000 0.000000 -0.011701 -0.029588 -0.016302 -0.000001 0.000003 -0.000001 -0.018463 -0.075698 -0.024375 -0.000004 0.000003 -0.000000 -0.000000 -0.000000 -0.000000 -0.000001 -0.000000 0.000001 -0.108498 0.010680 -0.004987 -8.950229 -6.381049 1.215893 -0.042813 -0.034513 -0.413943 27.175482 -2.238431 -2.406865 -0.057838 0.011271 -0.433514 -28.096943 7.245561 2.043135 -0.014582 -0.140202 -0.044665 -0.000002 0.000001 -0.000000 0.352207 -0.331174 0.370911 -0.000000 0.000000 -0.000000 0.253490 -0.139412 0.043517 38.570300 51.595071 -0.000012 -0.275499 -0.250273 0.370911 -0.000000 0.000000 -0.000000 -0.232716 -0.461183 0.053609 -0.000001 -38.791356 0.000007 0.125668 -0.265692 -0.313595 -0.000000 0.000000 -0.000000 0.130146 -0.534334 -0.668620 -12.382659 0.000001 -9.258735 -0.113330 -0.268834 -0.313595 -0.000000 0.000000 -0.000000 -0.095191 -0.015211 -0.747160 -0.000001 -0.000001 -0.000000 
0.000000 -0.210014 0.052218 9.577158 0.000000 -0.000000 0.000000 -0.000000 -0.000000 -0.000001 0.000000 -0.000001 0.108498 0.010680 -0.004987 -51.910513 3.233828 -2.754348 0.042686 -0.033397 -0.412863 36.706249 4.702672 2.347132 0.051757 0.026022 -0.434841 -6.906977 -5.816532 -8.145475 0.014582 -0.140203 -0.041002 -0.000002 0.000001 0.000000 0.000000 0.031892 0.087417 -0.000003 0.000000 -0.000000 0.000000 -0.000295 0.129738 -0.000000 0.000000 -0.000000 0.000000 0.021603 0.135532 0.000003 0.000000 -0.000000 0.022776 -0.072500 0.132876 0.000001 0.000000 -0.000000 0.163716 0.004516 -0.030142 29.330304 23.861013 -1.254537 0.165715 0.002195 -0.189845 17.766840 8.169188 -9.106849 0.134640 -0.191983 -0.128679 -20.422447 16.986858 7.569700 0.001147 -0.048713 -0.006655 -0.000001 -0.000000 0.000003 0.011701 -0.029588 -0.016302 -0.000004 -0.000002 0.000000 0.018464 -0.075698 -0.024375 -0.000002 0.000004 0.000000 0.000000 -0.061697 0.207353 -0.000002 0.000000 -0.000000 0.000000 -0.018035 0.048318 -0.000003 0.000000 -0.000000 0.000000 -0.018035 0.048318 -0.000002 0.000000 -0.000000 -0.022776 -0.072500 0.132876 0.000001 -0.000000 0.000000 -0.163716 0.004516 -0.030142 -0.522852 -27.323214 8.756569 -0.165715 0.002195 -0.189845 5.220011 -5.584096 6.860060 -0.134640 -0.191983 -0.128679 -14.431765 -3.399414 -9.908349 -0.011509 -0.048713 0.001674 -0.000002 0.000000 0.000000 -0.011701 -0.029588 -0.016302 -0.000001 0.000003 -0.000001 -0.018463 -0.075698 -0.024375 -0.000004 0.000003 -0.000000 -0.000000 -0.000000 -0.000000 -0.000001 -0.000000 0.000001 -0.108498 0.010680 -0.004987 -8.950229 -6.381049 1.215893 -0.042813 -0.034513 -0.413943 27.175482 -2.238431 -2.406865 -0.057838 0.011271 -0.433514 -28.096943 7.245561 2.043135 -0.014582 -0.140202 -0.044665 -0.000002 0.000001 -0.000000 0.352207 -0.331174 0.370911 -0.000000 0.000000 -0.000000 0.253490 -0.139412 0.043517 38.570300 51.595071 -0.000012 -0.275499 -0.250273 0.370911 -0.000000 0.000000 -0.000000 -0.232716 -0.461183 0.053609 -0.000001 -38.791356 0.000007 0.125668 -0.265692 -0.313595 -0.000000 0.000000 -0.000000 0.130146 -0.534334 -0.668620 -12.382659 0.000001 -9.258735 -0.113330 -0.268834 -0.313595 -0.000000 0.000000 -0.000000 -0.095191 -0.015211 -0.747160 -0.000001 -0.000001 -0.000000 
0.000000 -0.210014 0.052218 9.577158 0.000000 -0.000000 0.000000 -0.000000 -0.000000 -0.000001 0.000000 -0.000001 0.108498 0.010680 -0.004987 -51.910513 3.233828 -2.754348 0.042686 -0.033397 -0.412863 36.706249 4.702672 2.347132 0.051757 0.026022 -0.434841 -6.906977 -5.816532 -8.145475 0.014582 -0.140203 -0.041002 -0.000002 0.000001 0.000000 0.000000 0.031892 0.087417 -0.000003 0.000000 -0.000000 0.000000 -0.000295 0.129738 -0.000000 0.000000 -0.000000 0.000000 0.021603 0.135532 0.000003 0.000000 -0.000000 0.022776 -0.072500 0.132876 0.000001 0.000000 -0.000000 0.163716 0.004516 -0.030142 29.330304 23.861013 -1.254537 0.165715 0.002195 -0.189845 17.766840 8.169188 -9.106849 0.134640 -0.191983 -0.128679 -20.422447 16.986858 7.569700 0.001147 -0.048713 -0.006655 -0.000001 -0.000000 0.000003 0.011701 -0.029588 -0.016302 -0.000004 -0.000002 0.000000 0.018464 -0.075698 -0.024375 -0.000002 0.000004 0.000000 0.000000 -0.061697 0.207353 -0.000002 0.000000 -0.000000 0.000000 -0.018035 0.048318 -0.000003 0.000000 -0.000000 0.000000 -0.018035 0.048318 -0.000002 0.000000 -0.000000 -0.022776 -0.072500 0.132876 0.000001 -0.000000 0.000000 -0.163716 0.004516 -0.030142 -0.522852 -27.323214 8.756569 -0.165715 0.002195 -0.189845 5.220011 -5.584096 6.860060 -0.134640 -0.191983 -0.128679 -14.431765 -3.399414 -9.908349 -0.011509 -0.048713 0.001674 -0.000002 0.000000 0.000000 -0.011701 -0.029588 -0.016302 -0.000001 0.000003 -0.000001 -0.018463 -0.075698 -0.024375 -0.000004 0.000003 -0.000000 -0.000000 -0.000000 -0.000000 -0.000001 -0.000000 0.000001 -0.108498 0.010680 -0.004987 -8.950229 -6.381049 1.215893 -0.042813 -0.034513 -0.413943 27.175482 -2.238431 -2.406865 -0.057838 0.011271 -0.433514 -28.096943 7.245561 2.043135 -0.014582 -0.140202 -0.044665 -0.000002 0.000001 -0.000000 0.352207 -0.331174 0.370911 -0.000000 0.000000 -0.000000 0.253490 -0.139412 0.043517 38.570300 51.595071 -0.000012 -0.275499 -0.250273 0.370911 -0.000000 0.000000 -0.000000 -0.232716 -0.461183 0.053609 -0.000001 -38.791356 0.000007 0.125668 -0.265692 -0.313595 -0.000000 0.000000 -0.000000 0.130146 -0.534334 -0.668620 -12.382659 0.000001 -9.258735 -0.113330 -0.268834 -0.313595 -0.000000 0.000000 -0.000000 -0.095191 -0.015211 -0.747160 -0.000001 -0.000001 -0.000000 
0.000000 -0.210014 0.052218 9.577158 0.000000 -0.000000 0.000000 -0.000000 -0.000000 -0.000001 0.000000 -0.000001 0.108498 0.010680 -0.004987 -51.910513 3.233828 -2.754348 0.042686 -0.033397 -0.412863 36.706249 4.702672 2.347132 0.051757 0.026022 -0.434841 -6.906977 -5.816532 -8.145475 0.014582 -0.140203 -0.041002 -0.000002 0.000001 0.000000 0.000000 0.031892 0.087417 -0.000003 0.000000 -0.000000 0.000000 -0.000295 0.129738 -0.000000 0.000000 -0.000000 0.000000 0.021603 0.135532 0.000003 0.000000 -0.000000 0.022776 -0.072500 0.132876 0.000001 0.000000 -0.000000 0.163716 0.004516 -0.030142 29.330304 23.861013 -1.254537 0.165715 0.002195 -0.189845 17.766840 8.169188 -9.106849 0.134640 -0.191983 -0.128679 -20.422447 16.986858 7.569700 0.001147 -0.048713 -0.006655 -0.000001 -0.000000 0.000003 0.011701 -0.029588 -0.016302 -0.000004 -0.000002 0.000000 0.018464 -0.075698 -0.024375 -0.000002 0.000004 0.000000 0.000000 -0.061697 0.207353 -0.000002 0.000000 -0.000000 0.000000 -0.018035 0.048318 -0.000003 0.000000 -0.000000 0.000000 -0.018035 0.048318 -0.000002 0.000000 -0.000000 -0.022776 -0.072500 0.132876 0.000001 -0.000000 0.000000 -0.163716 0.004516 -0.030142 -0.522852 -27.323214 8.756569 -0.165715 0.002195 -0.189845 5.220011 -5.584096 6.860060 -0.134640 -0.191983 -0.128679 -14.431765 -3.399414 -9.908349 -0.011509 -0.048713 0.001674 -0.000002 0.000000 0.000000 -0.011701 -0.029588 -0.016302 -0.000001 0.000003 -0.000001 -0.018463 -0.075698 -0.024375 -0.000004 0.000003 -0.000000 -0.000000 -0.000000 -0.000000 -0.000001 -0.000000 0.000001 -0.108498 0.010680 -0.004987 -8.950229 -6.381049 1.215893 -0.042813 -0.034513 -0.413943 27.175482 -2.238431 -2.406865 -0.057838 0.011271 -0.433514 -28.096943 7.245561 2.043135 -0.014582 -0.140202 -0.044665 -0.000002 0.000001 -0.000000 0.352207 -0.331174 0.370911 -0.000000 0.000000 -0.000000 0.253490 -0.139412 0.043517 38.570300 51.595071 -0.000012 -0.275499 -0.250273 0.370911 -0.000000 0.000000 -0.000000 -0.232716 -0.461183 0.053609 -0.000001 -38.791356 0.000007 0.125668 -0.265692 -0.313595 -0.000000 0.000000 -0.000000 0.130146 -0.534334 -0.668620 -12.382659 0.000001 -9.258735 -0.113330 -0.268834 -0.313595 -0.000000 0.000000 -0.000000 -0.095191 -0.015211 -0.747160 -0.000001 -0.000001 -0.000000 
0.000000 -0.210014 0.052218 9.577158 0.000000 -0.000000 0.000000 -0.000000 -0.000000 -0.000001 0.000000 -0.000001 0.108498 0.010680 -0.004987 -51.910513 3.233828 -2.754348 0.042686 -0.033397 -0.412863 36.706249 4.702672 2.347132 0.051757 0.026022 -0.434841 -6.906977 -5.816532 -8.145475 0.014582 -0.140203 -0.041002 -0.000002 0.000001 0.000000 0.000000 0.031892 0.087417 -0.000003 0.000000 -0.000000 0.000000 -0.000295 0.129738 -0.000000 0.000000 -0.000000 0.000000 0.021603 0.135532 0.000003 0.000000 -0.000000 0.022776 -0.072500 0.132876 0.000001 0.000000 -0.000000 0.163716 0.004516 -0.030142 29.330304 23.861013 -1.254537 0.165715 0.002195 -0.189845 17.766840 8.169188 -9.106849 0.134640 -0.191983 -0.128679 -20.422447 16.986858 7.569700 0.001147 -0.048713 -0.006655 -0.000001 -0.000000 0.000003 0.011701 -0.029588 -0.016302 -0.000004 -0.000002 0.000000 0.018464 -0.075698 -0.024375 -0.000002 0.000004 0.000000 0.000000 -0.061697 0.207353 -0.000002 0.000000 -0.000000 0.000000 -0.018035 0.048318 -0.000003 0.000000 -0.000000 0.000000 -0.018035 0.048318 -0.000002 0.000000 -0.000000 -0.022776 -0.072500 0.132876 0.000001 -0.000000 0.000000 -0.163716 0.004516 -0.030142 -0.522852 -27.323214 8.756569 -0.165715 0.002195 -0.189845 5.220011 -5.584096 6.860060 -0.134640 -0.191983 -0.128679 -14.431765 -3.399414 -9.908349 -0.011509 -0.048713 0.001674 -0.000002 0.000000 0.000000 -0.011701 -0.029588 -0.016302 -0.000001 0.000003 -0.000001 -0.018463 -0.075698 -0.024375 -0.000004 0.000003 -0.000000 -0.000000 -0.000000 -0.000000 -0.000001 -0.000000 0.000001 -0.108498 0.010680 -0.004987 -8.950229 -6.381049 1.215893 -0.042813 -0.034513 -0.413943 27.175482 -2.238431 -2.406865 -0.057838 0.011271 -0.433514 -28.096943 7.245561 2.043135 -0.014582 -0.140202 -0.044665 -0.000002 0.000001 -0.000000 0.352207 -0.331174 0.370911 -0.000000 0.000000 -0.000000 0.253490 -0.139412 0.043517 38.570300 51.595071 -0.000012 -0.275499 -0.250273 0.370911 -0.000000 0.000000 -0.000000 -0.232716 -0.461183 0.053609 -0.000001 -38.791356 0.000007 0.125668 -0.265692 -0.313595 -0.000000 0.000000 -0.000000 0.130146 -0.534334 -0.668620 -12.382659 0.000001 -9.258735 -0.113330 -0.268834 -0.313595 -0.000000 0.000000 -0.000000 -0.095191 -0.015211 -0.747160 -0.000001 -0.000001 -0.000000 
0.000000 -0.210014 0.052218 9.577158 0.000000 -0.000000 0.000000 -0.000000 -0.000000 -0.000001 0.000000 -0.000001 0.108498 0.010680 -0.004987 -51.910513 3.233828 -2.754348 0.042686 -0.033397 -0.412863 36.706249 4.702672 2.347132 0.051757 0.026022 -0.434841 -6.906977 -5.816532 -8.145475 0.014582 -0.140203 -0.041002 -0.000002 0.000001 0.000000 0.000000 0.031892 0.087417 -0.000003 0.000000 -0.000000 0.000000 -0.000295 0.129738 -0.000000 0.000000 -0.000000 0.000000 0.021603 0.135532 0.000003 0.000000 -0.000000 0.022776 -0.072500 0.132876 0.000001 0.000000 -0.000000 0.163716 0.004516 -0.030142 29.330304 23.861013 -1.254537 0.165715 0.002195 -0.189845 17.766840 8.169188 -9.106849 0.134640 -0.191983 -0.128679 -20.422447 16.986858 7.569700 0.001147 -0.048713 -0.006655 -0.000001 -0.000000 0.000003 0.011701 -0.029588 -0.016302 -0.000004 -0.000002 0.000000 0.018464 -0.075698 -0.024375 -0.000002 0.000004 0.000000 0.000000 -0.061697 0.207353 -0.000002 0.000000 -0.000000 0.000000 -0.018035 0.048318 -0.000003 0.000000 -0.000000 0.000000 -0.018035 0.048318 -0.000002 0.000000 -0.000000 -0.022776 -0.072500 0.132876 0.000001 -0.000000 0.000000 -0.163716 0.004516 -0.030142 -0.522852 -27.323214 8.756569 -0.165715 0.002195 -0.189845 5.220011 -5.584096 6.860060 -0.134640 -0.191983 -0.128679 -14.431765 -3.399414 -9.908349 -0.011509 -0.048713 0.001674 -0.000002 0.000000 0.000000 -0.011701 -0.029588 -0.016302 -0.000001 0.000003 -0.000001 -0.018463 -0.075698 -0.024375 -0.000004 0.000003 -0.000000 -0.000000 -0.000000 -0.000000 -0.000001 -0.000000 0.000001 -0.108498 0.010680 -0.004987 -8.950229 -6.381049 1.215893 -0.042813 -0.034513 -0.413943 27.175482 -2.238431 -2.406865 -0.057838 0.011271 -0.433514 -28.096943 7.245561 2.043135 -0.014582 -0.140202 -0.044665 -0.000002 0.000001 -0.000000 0.352207 -0.331174 0.370911 -0.000000 0.000000 -0.000000 0.253490 -0.139412 0.043517 38.570300 51.595071 -0.000012 -0.275499 -0.250273 0.370911 -0.000000 0.000000 -0.000000 -0.232716 -0.461183 0.053609 -0.000001 -38.791356 0.000007 0.125668 -0.265692 -0.313595 -0.000000 0.000000 -0.000000 0.130146 -0.534334 -0.668620 -12.382659 0.000001 -9.258735 -0.113330 -0.268834 -0.313595 -0.000000 0.000000 -0.000000 -0.095191 -0.015211 -0.747160 -0.000001 -0.000001 -0.000000 
0.000000 -0.210014 0.052218 9.577158 0.000000 -0.000000 0.000000 -0.000000 -0.000000 -0.000001 0.000000 -0.000001 0.108498 0.010680 -0.004987 -51.910513 3.233828 -2.754348 0.042686 -0.033397 -0.412863 36.706249 4.702672 2.347132 0.051757 0.026022 -0.434841 -6.906977 -5.816532 -8.145475 0.014582 -0.140203 -0.041002 -0.000002 0.000001 0.000000 0.000000 0.031892 0.087417 -0.000003 0.000000 -0.000000 0.000000 -0.000295 0.129738 -0.000000 0.000000 -0.000000 0.000000 0.021603 0.135532 0.000003 0.000000 -0.000000 0.022776 -0.072500 0.132876 0.000001 0.000000 -0.000000 0.163716 0.004516 -0.030142 29.330304 23.861013 -1.254537 0.165715 0.002195 -0.189845 17.766840 8.169188 -9.106849 0.134640 -0.191983 -0.128679 -20.422447 16.986858 7.569700 0.001147 -0.048713 -0.006655 -0.000001 -0.000000 0.000003 0.011701 -0.029588 -0.016302 -0.000004 -0.000002 0.000000 0.018464 -0.075698 -0.024375 -0.000002 0.000004 0.000000 0.000000 -0.061697 0.207353 -0.000002 0.000000 -0.000000 0.000000 -0.018035 0.048318 -0.000003 0.000000 -0.000000 0.000000 -0.018035 0.048318 -0.000002 0.000000 -0.000000 -0.022776 -0.072500 0.132876 0.000001 -0.000000 0.000000 -0.163716 0.004516 -0.030142 -0.522852 -27.323214 8.756569 -0.165715 0.002195 -0.189845 5.220011 -5.584096 6.860060 -0.134640 -0.191983 -0.128679 -14.431765 -3.399414 -9.908349 -0.011509 -0.048713 0.001674 -0.000002 0.000000 0.000000 -0.011701 -0.029588 -0.016302 -0.000001 0.000003 -0.000001 -0.018463 -0.075698 -0.024375 -0.000004 0.000003 -0.000000 -0.000000 -0.000000 -0.000000 -0.000001 -0.000000 0.000001 -0.108498 0.010680 -0.004987 -8.950229 -6.381049 1.215893 -0.042813 -0.034513 -0.413943 27.175482 -2.238431 -2.406865 -0.057838 0.011271 -0.433514 -28.096943 7.245561 2.043135 -0.014582 -0.140202 -0.044665 -0.000002 0.000001 -0.000000 0.352207 -0.331174 0.370911 -0.000000 0.000000 -0.000000 0.253490 -0.139412 0.043517 38.570300 51.595071 -0.000012 -0.275499 -0.250273 0.370911 -0.000000 0.000000 -0.000000 -0.232716 -0.461183 0.053609 -0.000001 -38.791356 0.000007 0.125668 -0.265692 -0.313595 -0.000000 0.000000 -0.000000 0.130146 -0.534334 -0.668620 -12.382659 0.000001 -9.258735 -0.113330 -0.268834 -0.313595 -0.000000 0.000000 -0.000000 -0.095191 -0.015211 -0.747160 -0.000001 -0.000001 -0.000000 
0.000000 -0.210014 0.052218 9.577158 0.000000 -0.000000 0.000000 -0.000000 -0.000000 -0.000001 0.000000 -0.000001 0.108498 0.010680 -0.004987 -51.910513 3.233828 -2.754348 0.042686 -0.033397 -0.412863 36.706249 4.702672 2.347132 0.051757 0.026022 -0.434841 -6.906977 -5.816532 -8.145475 0.014582 -0.140203 -0.041002 -0.000002 0.000001 0.000000 0.000000 0.031892 0.087417 -0.000003 0.000000 -0.000000 0.000000 -0.000295 0.129738 -0.000000 0.000000 -0.000000 0.000000 0.021603 0.135532 0.000003 0.000000 -0.000000 0.022776 -0.072500 0.132876 0.000001 0.000000 -0.000000 0.163716 0.004516 -0.030142 29.330304 23.861013 -1.254537 0.165715 0.002195 -0.189845 17.766840 8.169188 -9.106849 0.134640 -0.191983 -0.128679 -20.422447 16.986858 7.569700 0.001147 -0.048713 -0.006655 -0.000001 -0.000000 0.000003 0.011701 -0.029588 -0.016302 -0.000004 -0.000002 0.000000 0.018464 -0.075698 -0.024375 -0.000002 0.000004 0.000000 0.000000 -0.061697 0.207353 -0.000002 0.000000 -0.000000 0.000000 -0.018035 0.048318 -0.000003 0.000000 -0.000000 0.000000 -0.018035 0.048318 -0.000002 0.000000 -0.000000 -0.022776 -0.072500 0.132876 0.000001 -0.000000 0.000000 -0.163716 0.004516 -0.030142 -0.522852 -27.323214 8.756569 -0.165715 0.002195 -0.189845 5.220011 -5.584096 6.860060 -0.134640 -0.191983 -0.128679 -14.431765 -3.399414 -9.908349 -0.011509 -0.048713 0.001674 -0.000002 0.000000 0.000000 -0.011701 -0.029588 -0.016302 -0.000001 0.000003 -0.000001 -0.018463 -0.075698 -0.024375 -0.000004 0.000003 -0.000000 -0.000000 -0.000000 -0.000000 -0.000001 -0.000000 0.000001 -0.108498 0.010680 -0.004987 -8.950229 -6.381049 1.215893 -0.042813 -0.034513 -0.413943 27.175482 -2.238431 -2.406865 -0.057838 0.011271 -0.433514 -28.096943 7.245561 2.043135 -0.014582 -0.140202 -0.044665 -0.000002 0.000001 -0.000000 0.352207 -0.331174 0.370911 -0.000000 0.000000 -0.000000 0.253490 -0.139412 0.043517 38.570300 51.595071 -0.000012 -0.275499 -0.250273 0.370911 -0.000000 0.000000 -0.000000 -0.232716 -0.461183 0.053609 -0.000001 -38.791356 0.000007 0.125668 -0.265692 -0.313595 -0.000000 0.000000 -0.000000 0.130146 -0.534334 -0.668620 -12.382659 0.000001 -9.258735 -0.113330 -0.268834 -0.313595 -0.000000 0.000000 -0.000000 -0.095191 -0.015211 -0.747160 -0.000001 -0.000001 -0.000000 
0.000000 -0.210014 0.052218 9.577158 0.000000 -0.000000 0.000000 -0.000000 -0.000000 -0.000001 0.000000 -0.000001 0.108498 0.010680 -0.004987 -51.910513 3.233828 -2.754348 0.042686 -0.033397 -0.412863 36.706249 4.702672 2.347132 0.051757 0.026022 -0.434841 -6.906977 -5.816532 -8.145475 0.014582 -0.140203 -0.041002 -0.000002 0.000001 0.000000 0.000000 0.031892 0.087417 -0.000003 0.000000 -0.000000 0.000000 -0.000295 0.129738 -0.000000 0.000000 -0.000000 0.000000 0.021603 0.135532 0.000003 0.000000 -0.000000 0.022776 -0.072500 0.132876 0.000001 0.000000 -0.000000 0.163716 0.004516 -0.030142 29.330304 23.861013 -1.254537 0.165715 0.002195 -0.189845 17.766840 8.169188 -9.106849 0.134640 -0.191983 -0.128679 -20.422447 16.986858 7.569700 0.001147 -0.048713 -0.006655 -0.000001 -0.000000 0.000003 0.011701 -0.029588 -0.016302 -0.000004 -0.000002 0.000000 0.018464 -0.075698 -0.024375 -0.000002 0.000004 0.000000 0.000000 -0.061697 0.207353 -0.000002 0.000000 -0.000000 0.000000 -0.018035 0.048318 -0.000003 0.000000 -0.000000 0.000000 -0.018035 0.048318 -0.000002 0.000000 -0.000000 -0.022776 -0.072500 0.132876 0.000001 -0.000000 0.000000 -0.163716 0.004516 -0.030142 -0.522852 -27.323214 8.756569 -0.165715 0.002195 -0.189845 5.220011 -5.584096 6.860060 -0.134640 -0.191983 -0.128679 -14.431765 -3.399414 -9.908349 -0.011509 -0.048713 0.001674 -0.000002 0.000000 0.000000 -0.011701 -0.029588 -0.016302 -0.000001 0.000003 -0.000001 -0.018463 -0.075698 -0.024375 -0.000004 0.000003 -0.000000 -0.000000 -0.000000 -0.000000 -0.000001 -0.000000 0.000001 -0.108498 0.010680 -0.004987 -8.950229 -6.381049 1.215893 -0.042813 -0.034513 -0.413943 27.175482 -2.238431 -2.406865 -0.057838 0.011271 -0.433514 -28.096943 7.245561 2.043135 -0.014582 -0.140202 -0.044665 -0.000002 0.000001 -0.000000 0.352207 -0.331174 0.370911 -0.000000 0.000000 -0.000000 0.253490 -0.139412 0.043517 38.570300 51.595071 -0.000012 -0.275499 -0.250273 0.370911 -0.000000 0.000000 -0.000000 -0.232716 -0.461183 0.053609 -0.000001 -38.791356 0.000007 0.125668 -0.265692 -0.313595 -0.000000 0.000000 -0.000000 0.130146 -0.534334 -0.668620 -12.382659 0.000001 -9.258735 -0.113330 -0.268834 -0.313595 -0.000000 0.000000 -0.000000 -0.095191 -0.015211 -0.747160 -0.000001 -0.000001 -0.000000 
0.000000 -0.210014 0.052218 9.577158 0.000000 -0.000000 0.000000 -0.000000 -0.000000 -0.000001 0.000000 -0.000001 0.108498 0.010680 -0.004987 -51.910513 3.233828 -2.754348 0.042686 -0.033397 -0.412863 36.706249 4.702672 2.347132 0.051757 0.026022 -0.434841 -6.906977 -5.816532 -8.145475 0.014582 -0.140203 -0.041002 -0.000002 0.000001 0.000000 0.000000 0.031892 0.087417 -0.000003 0.000000 -0.000000 0.000000 -0.000295 0.129738 -0.000000 0.000000 -0.000000 0.000000 0.021603 0.135532 0.000003 0.000000 -0.000000 0.022776 -0.072500 0.132876 0.000001 0.000000 -0.000000 0.163716 0.004516 -0.030142 29.330304 23.861013 -1.254537 0.165715 0.002195 -0.189845 17.766840 8.169188 -9.106849 0.134640 -0.191983 -0.128679 -20.422447 16.986858 7.569700 0.001147 -0.048713 -0.006655 -0.000001 -0.000000 0.000003 0.011701 -0.029588 -0.016302 -0.000004 -0.000002 0.000000 0.018464 -0.075698 -0.024375 -0.000002 0.000004 0.000000 0.000000 -0.061697 0.207353 -0.000002 0.000000 -0.000000 0.000000 -0.018035 0.048318 -0.000003 0.000000 -0.000000 0.000000 -0.018035 0.048318 -0.000002 0.000000 -0.000000 -0.022776 -0.072500 0.132876 0.000001 -0.000000 0.000000 -0.163716 0.004516 -0.030142 -0.522852 -27.323214 8.756569 -0.165715 0.002195 -0.189845 5.220011 -5.584096 6.860060 -0.134640 -0.191983 -0.128679 -14.431765 -3.399414 -9.908349 -0.011509 -0.048713 0.001674 -0.000002 0.000000 0.000000 -0.011701 -0.029588 -0.016302 -0.000001 0.000003 -0.000001 -0.018463 -0.075698 -0.024375 -0.000004 0.000003 -0.000000 -0.000000 -0.000000 -0.000000 -0.000001 -0.000000 0.000001 -0.108498 0.010680 -0.004987 -8.950229 -6.381049 1.215893 -0.042813 -0.034513 -0.413943 27.175482 -2.238431 -2.406865 -0.057838 0.011271 -0.433514 -28.096943 7.245561 2.043135 -0.014582 -0.140202 -0.044665 -0.000002 0.000001 -0.000000 0.352207 -0.331174 0.370911 -0.000000 0.000000 -0.000000 0.253490 -0.139412 0.043517 38.570300 51.595071 -0.000012 -0.275499 -0.250273 0.370911 -0.000000 0.000000 -0.000000 -0.232716 -0.461183 0.053609 -0.000001 -38.791356 0.000007 0.125668 -0.265692 -0.313595 -0.000000 0.000000 -0.000000 0.130146 -0.534334 -0.668620 -12.382659 0.000001 -9.258735 -0.113330 -0.268834 -0.313595 -0.000000 0.000000 -0.000000 -0.095191 -0.015211 -0.747160 -0.000001 -0.000001 -0.000000 
0.000000 -0.210014 0.052218 9.577158 0.000000 -0.000000 0.000000 -0.000000 -0.000000 -0.000001 0.000000 -0.000001 0.108498 0.010680 -0.004987 -51.910513 3.233828 -2.754348 0.042686 -0.033397 -0.412863 36.706249 4.702672 2.347132 0.051757 0.026022 -0.434841 -6.906977 -5.816532 -8.145475 0.014582 -0.140203 -0.041002 -0.000002 0.000001 0.000000 0.000000 0.031892 0.087417 -0.000003 0.000000 -0.000000 0.000000 -0.000295 0.129738 -0.000000 0.000000 -0.000000 0.000000 0.021603 0.135532 0.000003 0.000000 -0.000000 0.022776 -0.072500 0.132876 0.000001 0.000000 -0.000000 0.163716 0.004516 -0.030142 29.330304 23.861013 -1.254537 0.165715 0.002195 -0.189845 17.766840 8.169188 -9.106849 0.134640 -0.191983 -0.128679 -20.422447 16.986858 7.569700 0.001147 -0.048713 -0.006655 -0.000001 -0.000000 0.000003 0.011701 -0.029588 -0.016302 -0.000004 -0.000002 0.000000 0.018464 -0.075698 -0.024375 -0.000002 0.000004 0.000000 0.000000 -0.061697 0.207353 -0.000002 0.000000 -0.000000 0.000000 -0.018035 0.048318 -0.000003 0.000000 -0.000000 0.000000 -0.018035 0.048318 -0.000002 0.000000 -0.000000 -0.022776 -0.072500 0.132876 0.000001 -0.000000 0.000000 -0.163716 0.004516 -0.030142 -0.522852 -27.323214 8.756569 -0.165715 0.002195 -0.189845 5.220011 -5.584096 6.860060 -0.134640 -0.191983 -0.128679 -14.431765 -3.399414 -9.908349 -0.011509 -0.048713 0.001674 -0.000002 0.000000 0.000000 -0.011701 -0.029588 -0.016302 -0.000001 0.000003 -0.000001 -0.018463 -0.075698 -0.024375 -0.000004 0.000003 -0.000000 -0.000000 -0.000000 -0.000000 -0.000001 -0.000000 0.000001 -0.108498 0.010680 -0.004987 -8.950229 -6.381049 1.215893 -0.042813 -0.034513 -0.413943 27.175482 -2.238431 -2.406865 -0.057838 0.011271 -0.433514 -28.096943 7.245561 2.043135 -0.014582 -0.140202 -0.044665 -0.000002 0.000001 -0.000000 0.352207 -0.331174 0.370911 -0.000000 0.000000 -0.000000 0.253490 -0.139412 0.043517 38.570300 51.595071 -0.000012 -0.275499 -0.250273 0.370911 -0.000000 0.000000 -0.000000 -0.232716 -0.461183 0.053609 -0.000001 -38.791356 0.000007 0.125668 -0.265692 -0.313595 -0.000000 0.000000 -0.000000 0.130146 -0.534334 -0.668620 -12.382659 0.000001 -9.258735 -0.113330 -0.268834 -0.313595 -0.000000 0.000000 -0.000000 -0.095191 -0.015211 -0.747160 -0.000001 -0.000001 -0.000000 
0.000000 -0.210014 0.052218 9.577158 0.000000 -0.000000 0.000000 -0.000000 -0.000000 -0.000001 0.000000 -0.000001 0.108498 0.010680 -0.004987 -51.910513 3.233828 -2.754348 0.042686 -0.033397 -0.412863 36.706249 4.702672 2.347132 0.051757 0.026022 -0.434841 -6.906977 -5.816532 -8.145475 0.014582 -0.140203 -0.041002 -0.000002 0.000001 0.000000 0.000000 0.031892 0.087417 -0.000003 0.000000 -0.000000 0.000000 -0.000295 0.129738 -0.000000 0.000000 -0.000000 0.000000 0.021603 0.135532 0.000003 0.000000 -0.000000 0.022776 -0.072500 0.132876 0.000001 0.000000 -0.000000 0.163716 0.004516 -0.030142 29.330304 23.861013 -1.254537 0.165715 0.002195 -0.189845 17.766840 8.169188 -9.106849 0.134640 -0.191983 -0.128679 -20.422447 16.986858 7.569700 0.001147 -0.048713 -0.006655 -0.000001 -0.000000 0.000003 0.011701 -0.029588 -0.016302 -0.000004 -0.000002 0.000000 0.018464 -0.075698 -0.024375 -0.000002 0.000004 0.000000 0.000000 -0.061697 0.207353 -0.000002 0.000000 -0.000000 0.000000 -0.018035 0.048318 -0.000003 0.000000 -0.000000 0.000000 -0.018035 0.048318 -0.000002 0.000000 -0.000000 -0.022776 -0.072500 0.132876 0.000001 -0.000000 0.000000 -0.163716 0.004516 -0.030142 -0.522852 -27.323214 8.756569 -0.165715 0.002195 -0.189845 5.220011 -5.584096 6.860060 -0.134640 -0.191983 -0.128679 -14.431765 -3.399414 -9.908349 -0.011509 -0.048713 0.001674 -0.000002 0.000000 0.000000 -0.011701 -0.029588 -0.016302 -0.000001 0.000003 -0.000001 -0.018463 -0.075698 -0.024375 -0.000004 0.000003 -0.000000 -0.000000 -0.000000 -0.000000 -0.000001 -0.000000 0.000001 -0.108498 0.010680 -0.004987 -8.950229 -6.381049 1.215893 -0.042813 -0.034513 -0.413943 27.175482 -2.238431 -2.406865 -0.057838 0.011271 -0.433514 -28.096943 7.245561 2.043135 -0.014582 -0.140202 -0.044665 -0.000002 0.000001 -0.000000 0.352207 -0.331174 0.370911 -0.000000 0.000000 -0.000000 0.253490 -0.139412 0.043517 38.570300 51.595071 -0.000012 -0.275499 -0.250273 0.370911 -0.000000 0.000000 -0.000000 -0.232716 -0.461183 0.053609 -0.000001 -38.791356 0.000007 0.125668 -0.265692 -0.313595 -0.000000 0.000000 -0.000000 0.130146 -0.534334 -0.668620 -12.382659 0.000001 -9.258735 -0.113330 -0.268834 -0.313595 -0.000000 0.000000 -0.000000 -0.095191 -0.015211 -0.747160 -0.000001 -0.000001 -0.000000 
0.000000 -0.210014 0.052218 9.577158 0.000000 -0.000000 0.000000 -0.000000 -0.000000 -0.000001 0.000000 -0.000001 0.108498 0.010680 -0.004987 -51.910513 3.233828 -2.754348 0.042686 -0.033397 -0.412863 36.706249 4.702672 2.347132 0.051757 0.026022 -0.434841 -6.906977 -5.816532 -8.145475 0.014582 -0.140203 -0.041002 -0.000002 0.000001 0.000000 0.000000 0.031892 0.087417 -0.000003 0.000000 -0.000000 0.000000 -0.000295 0.129738 -0.000000 0.000000 -0.000000 0.000000 0.021603 0.135532 0.000003 0.000000 -0.000000 0.022776 -0.072500 0.132876 0.000001 0.000000 -0.000000 0.163716 0.004516 -0.030142 29.330304 23.861013 -1.254537 0.165715 0.002195 -0.189845 17.766840 8.169188 -9.106849 0.134640 -0.191983 -0.128679 -20.422447 16.986858 7.569700 0.001147 -0.048713 -0.006655 -0.000001 -0.000000 0.000003 0.011701 -0.029588 -0.016302 -0.000004 -0.000002 0.000000 0.018464 -0.075698 -0.024375 -0.000002 0.000004 0.000000 0.000000 -0.061697 0.207353 -0.000002 0.000000 -0.000000 0.000000 -0.018035 0.048318 -0.000003 0.000000 -0.000000 0.000000 -0.018035 0.048318 -0.000002 0.000000 -0.000000 -0.022776 -0.072500 0.132876 0.000001 -0.000000 0.000000 -0.163716 0.004516 -0.030142 -0.522852 -27.323214 8.756569 -0.165715 0.002195 -0.189845 5.220011 -5.584096 6.860060 -0.134640 -0.191983 -0.128679 -14.431765 -3.399414 -9.908349 -0.011509 -0.048713 0.001674 -0.000002 0.000000 0.000000 -0.011701 -0.029588 -0.016302 -0.000001 0.000003 -0.000001 -0.018463 -0.075698 -0.024375 -0.000004 0.000003 -0.000000 -0.000000 -0.000000 -0.000000 -0.000001 -0.000000 0.000001 -0.108498 0.010680 -0.004987 -8.950229 -6.381049 1.215893 -0.042813 -0.034513 -0.413943 27.175482 -2.238431 -2.406865 -0.057838 0.011271 -0.433514 -28.096943 7.245561 2.043135 -0.014582 -0.140202 -0.044665 -0.000002 0.000001 -0.000000 0.352207 -0.331174 0.370911 -0.000000 0.000000 -0.000000 0.253490 -0.139412 0.043517 38.570300 51.595071 -0.000012 -0.275499 -0.250273 0.370911 -0.000000 0.000000 -0.000000 -0.232716 -0.461183 0.053609 -0.000001 -38.791356 0.000007 0.125668 -0.265692 -0.313595 -0.000000 0.000000 -0.000000 0.130146 -0.534334 -0.668620 -12.382659 0.000001 -9.258735 -0.113330 -0.268834 -0.313595 -0.000000 0.000000 -0.000000 -0.095191 -0.015211 -0.747160 -0.000001 -0.000001 -0.000000 
0.000000 -0.210014 0.052218 9.577158 0.000000 -0.000000 0.000000 -0.000000 -0.000000 -0.000001 0.000000 -0.000001 0.108498 0.010680 -0.004987 -51.910513 3.233828 -2.754348 0.042686 -0.033397 -0.412863 36.706249 4.702672 2.347132 0.051757 0.026022 -0.434841 -6.906977 -5.816532 -8.145475 0.014582 -0.140203 -0.041002 -0.000002 0.000001 0.000000 0.000000 0.031892 0.087417 -0.000003 0.000000 -0.000000 0.000000 -0.000295 0.129738 -0.000000 0.000000 -0.000000 0.000000 0.021603 0.135532 0.000003 0.000000 -0.000000 0.022776 -0.072500 0.132876 0.000001 0.000000 -0.000000 0.163716 0.004516 -0.030142 29.330304 23.861013 -1.254537 0.165715 0.002195 -0.189845 17.766840 8.169188 -9.106849 0.134640 -0.191983 -0.128679 -20.422447 16.986858 7.569700 0.001147 -0.048713 -0.006655 -0.000001 -0.000000 0.000003 0.011701 -0.029588 -0.016302 -0.000004 -0.000002 0.000000 0.018464 -0.075698 -0.024375 -0.000002 0.000004 0.000000 0.000000 -0.061697 0.207353 -0.000002 0.000000 -0.000000 0.000000 -0.018035 0.048318 -0.000003 0.000000 -0.000000 0.000000 -0.018035 0.048318 -0.000002 0.000000 -0.000000 -0.022776 -0.072500 0.132876 0.000001 -0.000000 0.000000 -0.163716 0.004516 -0.030142 -0.522852 -27.323214 8.756569 -0.165715 0.002195 -0.189845 5.220011 -5.584096 6.860060 -0.134640 -0.191983 -0.128679 -14.431765 -3.399414 -9.908349 -0.011509 -0.048713 0.001674 -0.000002 0.000000 0.000000 -0.011701 -0.029588 -0.016302 -0.000001 0.000003 -0.000001 -0.018463 -0.075698 -0.024375 -0.000004 0.000003 -0.000000 -0.000000 -0.000000 -0.000000 -0.000001 -0.000000 0.000001 -0.108498 0.010680 -0.004987 -8.950229 -6.381049 1.215893 -0.042813 -0.034513 -0.413943 27.175482 -2.238431 -2.406865 -0.057838 0.011271 -0.433514 -28.096943 7.245561 2.043135 -0.014582 -0.140202 -0.044665 -0.000002 0.000001 -0.000000 0.352207 -0.331174 0.370911 -0.000000 0.000000 -0.000000 0.253490 -0.139412 0.043517 38.570300 51.595071 -0.000012 -0.275499 -0.250273 0.370911 -0.000000 0.000000 -0.000000 -0.232716 -0.461183 0.053609 -0.000001 -38.791356 0.000007 0.125668 -0.265692 -0.313595 -0.000000 0.000000 -0.000000 0.130146 -0.534334 -0.668620 -12.382659 0.000001 -9.258735 -0.113330 -0.268834 -0.313595 -0.000000 0.000000 -0.000000 -0.095191 -0.015211 -0.747160 -0.000001 -0.000001 -0.000000 
0.000000 -0.210014 0.052218 9.577158 0.000000 -0.000000 0.000000 -0.000000 -0.000000 -0.000001 0.000000 -0.000001 0.108498 0.010680 -0.004987 -51.910513 3.233828 -2.754348 0.042686 -0.033397 -0.412863 36.706249 4.702672 2.347132 0.051757 0.026022 -0.434841 -6.906977 -5.816532 -8.145475 0.014582 -0.140203 -0.041002 -0.000002 0.000001 0.000000 0.000000 0.031892 0.087417 -0.000003 0.000000 -0.000000 0.000000 -0.000295 0.129738 -0.000000 0.000000 -0.000000 0.000000 0.021603 0.135532 0.000003 0.000000 -0.000000 0.022776 -0.072500 0.132876 0.000001 0.000000 -0.000000 0.163716 0.004516 -0.030142 29.330304 23.861013 -1.254537 0.165715 0.002195 -0.189845 17.766840 8.169188 -9.106849 0.134640 -0.191983 -0.128679 -20.422447 16.986858 7.569700 0.001147 -0.048713 -0.006655 -0.000001 -0.000000 0.000003 0.011701 -0.029588 -0.016302 -0.000004 -0.000002 0.000000 0.018464 -0.075698 -0.024375 -0.000002 0.000004 0.000000 0.000000 -0.061697 0.207353 -0.000002 0.000000 -0.000000 0.000000 -0.018035 0.048318 -0.000003 0.000000 -0.000000 0.000000 -0.018035 0.048318 -0.000002 0.000000 -0.000000 -0.022776 -0.072500 0.132876 0.000001 -0.000000 0.000000 -0.163716 0.004516 -0.030142 -0.522852 -27.323214 8.756569 -0.165715 0.002195 -0.189845 5.220011 -5.584096 6.860060 -0.134640 -0.191983 -0.128679 -14.431765 -3.399414 -9.908349 -0.011509 -0.048713 0.001674 -0.000002 0.000000 0.000000 -0.011701 -0.029588 -0.016302 -0.000001 0.000003 -0.000001 -0.018463 -0.075698 -0.024375 -0.000004 0.000003 -0.000000 -0.000000 -0.000000 -0.000000 -0.000001 -0.000000 0.000001 -0.108498 0.010680 -0.004987 -8.950229 -6.381049 1.215893 -0.042813 -0.034513 -0.413943 27.175482 -2.238431 -2.406865 -0.057838 0.011271 -0.433514 -28.096943 7.245561 2.043135 -0.014582 -0.140202 -0.044665 -0.000002 0.000001 -0.000000 0.352207 -0.331174 0.370911 -0.000000 0.000000 -0.000000 0.253490 -0.139412 0.043517 38.570300 51.595071 -0.000012 -0.275499 -0.250273 0.370911 -0.000000 0.000000 -0.000000 -0.232716 -0.461183 0.053609 -0.000001 -38.791356 0.000007 0.125668 -0.265692 -0.313595 -0.000000 0.000000 -0.000000 0.130146 -0.534334 -0.668620 -12.382659 0.000001 -9.258735 -0.113330 -0.268834 -0.313595 -0.000000 0.000000 -0.000000 -0.095191 -0.015211 -0.747160 -0.000001 -0.000001 -0.000000 
0.000000 -0.210014 0.052218 9.577158 0.000000 -0.000000 0.000000 -0.000000 -0.000000 -0.000001 0.000000 -0.000001 0.108498 0.010680 -0.004987 -51.910513 3.233828 -2.754348 0.042686 -0.033397 -0.412863 36.706249 4.702672 2.347132 0.051757 0.026022 -0.434841 -6.906977 -5.816532 -8.145475 0.014582 -0.140203 -0.041002 -0.000002 0.000001 0.000000 0.000000 0.031892 0.087417 -0.000003 0.000000 -0.000000 0.000000 -0.000295 0.129738 -0.000000 0.000000 -0.000000 0.000000 0.021603 0.135532 0.000003 0.000000 -0.000000 0.022776 -0.072500 0.132876 0.000001 0.000000 -0.000000 0.163716 0.004516 -0.030142 29.330304 23.861013 -1.254537 0.165715 0.002195 -0.189845 17.766840 8.169188 -9.106849 0.134640 -0.191983 -0.128679 -20.422447 16.986858 7.569700 0.001147 -0.048713 -0.006655 -0.000001 -0.000000 0.000003 0.011701 -0.029588 -0.016302 -0.000004 -0.000002 0.000000 0.018464 -0.075698 -0.024375 -0.000002 0.000004 0.000000 0.000000 -0.061697 0.207353 -0.000002 0.000000 -0.000000 0.000000 -0.018035 0.048318 -0.000003 0.000000 -0.000000 0.000000 -0.018035 0.048318 -0.000002 0.000000 -0.000000 -0.022776 -0.072500 0.132876 0.000001 -0.000000 0.000000 -0.163716 0.004516 -0.030142 -0.522852 -27.323214 8.756569 -0.165715 0.002195 -0.189845 5.220011 -5.584096 6.860060 -0.134640 -0.191983 -0.128679 -14.431765 -3.399414 -9.908349 -0.011509 -0.048713 0.001674 -0.000002 0.000000 0.000000 -0.011701 -0.029588 -0.016302 -0.000001 0.000003 -0.000001 -0.018463 -0.075698 -0.024375 -0.000004 0.000003 -0.000000 -0.000000 -0.000000 -0.000000 -0.000001 -0.000000 0.000001 -0.108498 0.010680 -0.004987 -8.950229 -6.381049 1.215893 -0.042813 -0.034513 -0.413943 27.175482 -2.238431 -2.406865 -0.057838 0.011271 -0.433514 -28.096943 7.245561 2.043135 -0.014582 -0.140202 -0.044665 -0.000002 0.000001 -0.000000 0.352207 -0.331174 0.370911 -0.000000 0.000000 -0.000000 0.253490 -0.139412 0.043517 38.570300 51.595071 -0.000012 -0.275499 -0.250273 0.370911 -0.000000 0.000000 -0.000000 -0.232716 -0.461183 0.053609 -0.000001 -38.791356 0.000007 0.125668 -0.265692 -0.313595 -0.000000 0.000000 -0.000000 0.130146 -0.534334 -0.668620 -12.382659 0.000001 -9.258735 -0.113330 -0.268834 -0.313595 -0.000000 0.000000 -0.000000 -0.095191 -0.015211 -0.747160 -0.000001 -0.000001 -0.000000 
0.000000 -0.210014 0.052218 9.577158 0.000000 -0.000000 0.000000 -0.000000 -0.000000 -0.000001 0.000000 -0.000001 0.108498 0.010680 -0.004987 -51.910513 3.233828 -2.754348 0.042686 -0.033397 -0.412863 36.706249 4.702672 2.347132 0.051757 0.026022 -0.434841 -6.906977 -5.816532 -8.145475 0.014582 -0.140203 -0.041002 -0.000002 0.000001 0.000000 0.000000 0.031892 0.087417 -0.000003 0.000000 -0.000000 0.000000 -0.000295 0.129738 -0.000000 0.000000 -0.000000 0.000000 0.021603 0.135532 0.000003 0.000000 -0.000000 0.022776 -0.072500 0.132876 0.000001 0.000000 -0.000000 0.163716 0.004516 -0.030142 29.330304 23.861013 -1.254537 0.165715 0.002195 -0.189845 17.766840 8.169188 -9.106849 0.134640 -0.191983 -0.128679 -20.422447 16.986858 7.569700 0.001147 -0.048713 -0.006655 -0.000001 -0.000000 0.000003 0.011701 -0.029588 -0.016302 -0.000004 -0.000002 0.000000 0.018464 -0.075698 -0.024375 -0.000002 0.000004 0.000000 0.000000 -0.061697 0.207353 -0.000002 0.000000 -0.000000 0.000000 -0.018035 0.048318 -0.000003 0.000000 -0.000000 0.000000 -0.018035 0.048318 -0.000002 0.000000 -0.000000 -0.022776 -0.072500 0.132876 0.000001 -0.000000 0.000000 -0.163716 0.004516 -0.030142 -0.522852 -27.323214 8.756569 -0.165715 0.002195 -0.189845 5.220011 -5.584096 6.860060 -0.134640 -0.191983 -0.128679 -14.431765 -3.399414 -9.908349 -0.011509 -0.048713 0.001674 -0.000002 0.000000 0.000000 -0.011701 -0.029588 -0.016302 -0.000001 0.000003 -0.000001 -0.018463 -0.075698 -0.024375 -0.000004 0.000003 -0.000000 -0.000000 -0.000000 -0.000000 -0.000001 -0.000000 0.000001 -0.108498 0.010680 -0.004987 -8.950229 -6.381049 1.215893 -0.042813 -0.034513 -0.413943 27.175482 -2.238431 -2.406865 -0.057838 0.011271 -0.433514 -28.096943 7.245561 2.043135 -0.014582 -0.140202 -0.044665 -0.000002 0.000001 -0.000000 0.352207 -0.331174 0.370911 -0.000000 0.000000 -0.000000 0.253490 -0.139412 0.043517 38.570300 51.595071 -0.000012 -0.275499 -0.250273 0.370911 -0.000000 0.000000 -0.000000 -0.232716 -0.461183 0.053609 -0.000001 -38.791356 0.000007 0.125668 -0.265692 -0.313595 -0.000000 0.000000 -0.000000 0.130146 -0.534334 -0.668620 -12.382659 0.000001 -9.258735 -0.113330 -0.268834 -0.313595 -0.000000 0.000000 -0.000000 -0.095191 -0.015211 -0.747160 -0.000001 -0.000001 -0.000000 
0.000000 -0.210014 0.052218 9.577158 0.000000 -0.000000 0.000000 -0.000000 -0.000000 -0.000001 0.000000 -0.000001 0.108498 0.010680 -0.004987 -51.910513 3.233828 -2.754348 0.042686 -0.033397 -0.412863 36.706249 4.702672 2.347132 0.051757 0.026022 -0.434841 -6.906977 -5.816532 -8.145475 0.014582 -0.140203 -0.041002 -0.000002 0.000001 0.000000 0.000000 0.031892 0.087417 -0.000003 0.000000 -0.000000 0.000000 -0.000295 0.129738 -0.000000 0.000000 -0.000000 0.000000 0.021603 0.135532 0.000003 0.000000 -0.000000 0.022776 -0.072500 0.132876 0.000001 0.000000 -0.000000 0.163716 0.004516 -0.030142 29.330304 23.861013 -1.254537 0.165715 0.002195 -0.189845 17.766840 8.169188 -9.106849 0.134640 -0.191983 -0.128679 -20.422447 16.986858 7.569700 0.001147 -0.048713 -0.006655 -0.000001 -0.000000 0.000003 0.011701 -0.029588 -0.016302 -0.000004 -0.000002 0.000000 0.018464 -0.075698 -0.024375 -0.000002 0.000004 0.000000 0.000000 -0.061697 0.207353 -0.000002 0.000000 -0.000000 0.000000 -0.018035 0.048318 -0.000003 0.000000 -0.000000 0.000000 -0.018035 0.048318 -0.000002 0.000000 -0.000000 -0.022776 -0.072500 0.132876 0.000001 -0.000000 0.000000 -0.163716 0.004516 -0.030142 -0.522852 -27.323214 8.756569 -0.165715 0.002195 -0.189845 5.220011 -5.584096 6.860060 -0.134640 -0.191983 -0.128679 -14.431765 -3.399414 -9.908349 -0.011509 -0.048713 0.001674 -0.000002 0.000000 0.000000 -0.011701 -0.029588 -0.016302 -0.000001 0.000003 -0.000001 -0.018463 -0.075698 -0.024375 -0.000004 0.000003 -0.000000 -0.000000 -0.000000 -0.000000 -0.000001 -0.000000 0.000001 -0.108498 0.010680 -0.004987 -8.950229 -6.381049 1.215893 -0.042813 -0.034513 -0.413943 27.175482 -2.238431 -2.406865 -0.057838 0.011271 -0.433514 -28.096943 7.245561 2.043135 -0.014582 -0.140202 -0.044665 -0.000002 0.000001 -0.000000 0.352207 -0.331174 0.370911 -0.000000 0.000000 -0.000000 0.253490 -0.139412 0.043517 38.570300 51.595071 -0.000012 -0.275499 -0.250273 0.370911 -0.000000 0.000000 -0.000000 -0.232716 -0.461183 0.053609 -0.000001 -38.791356 0.000007 0.125668 -0.265692 -0.313595 -0.000000 0.000000 -0.000000 0.130146 -0.534334 -0.668620 -12.382659 0.000001 -9.258735 -0.113330 -0.268834 -0.313595 -0.000000 0.000000 -0.000000 -0.095191 -0.015211 -0.747160 -0.000001 -0.000001 -0.000000 
0.000000 -0.210014 0.052218 9.577158 0.000000 -0.000000 0.000000 -0.000000 -0.000000 -0.000001 0.000000 -0.000001 0.108498 0.010680 -0.004987 -51.910513 3.233828 -2.754348 0.042686 -0.033397 -0.412863 36.706249 4.702672 2.347132 0.051757 0.026022 -0.434841 -6.906977 -5.816532 -8.145475 0.014582 -0.140203 -0.041002 -0.000002 0.000001 0.000000 0.000000 0.031892 0.087417 -0.000003 0.000000 -0.000000 0.000000 -0.000295 0.129738 -0.000000 0.000000 -0.000000 0.000000 0.021603 0.135532 0.000003 0.000000 -0.000000 0.022776 -0.072500 0.132876 0.000001 0.000000 -0.000000 0.163716 0.004516 -0.030142 29.330304 23.861013 -1.254537 0.165715 0.002195 -0.189845 17.766840 8.169188 -9.106849 0.134640 -0.191983 -0.128679 -20.422447 16.986858 7.569700 0.001147 -0.048713 -0.006655 -0.000001 -0.000000 0.000003 0.011701 -0.029588 -0.016302 -0.000004 -0.000002 0.000000 0.018464 -0.075698 -0.024375 -0.000002 0.000004 0.000000 0.000000 -0.061697 0.207353 -0.000002 0.000000 -0.000000 0.000000 -0.018035 0.048318 -0.000003 0.000000 -0.000000 0.000000 -0.018035 0.048318 -0.000002 0.000000 -0.000000 -0.022776 -0.072500 0.132876 0.000001 -0.000000 0.000000 -0.163716 0.004516 -0.030142 -0.522852 -27.323214 8.756569 -0.165715 0.002195 -0.189845 5.220011 -5.584096 6.860060 -0.134640 -0.191983 -0.128679 -14.431765 -3.399414 -9.908349 -0.011509 -0.048713 0.001674 -0.000002 0.000000 0.000000 -0.011701 -0.029588 -0.016302 -0.000001 0.000003 -0.000001 -0.018463 -0.075698 -0.024375 -0.000004 0.000003 -0.000000 -0.000000 -0.000000 -0.000000 -0.000001 -0.000000 0.000001 -0.108498 0.010680 -0.004987 -8.950229 -6.381049 1.215893 -0.042813 -0.034513 -0.413943 27.175482 -2.238431 -2.406865 -0.057838 0.011271 -0.433514 -28.096943 7.245561 2.043135 -0.014582 -0.140202 -0.044665 -0.000002 0.000001 -0.000000 0.352207 -0.331174 0.370911 -0.000000 0.000000 -0.000000 0.253490 -0.139412 0.043517 38.570300 51.595071 -0.000012 -0.275499 -0.250273 0.370911 -0.000000 0.000000 -0.000000 -0.232716 -0.461183 0.053609 -0.000001 -38.791356 0.000007 0.125668 -0.265692 -0.313595 -0.000000 0.000000 -0.000000 0.130146 -0.534334 -0.668620 -12.382659 0.000001 -9.258735 -0.113330 -0.268834 -0.313595 -0.000000 0.000000 -0.000000 -0.095191 -0.015211 -0.747160 -0.000001 -0.000001 -0.000000 
0.000000 -0.210014 0.052218 9.577158 0.000000 -0.000000 0.000000 -0.000000 -0.000000 -0.000001 0.000000 -0.000001 0.108498 0.010680 -0.004987 -51.910513 3.233828 -2.754348 0.042686 -0.033397 -0.412863 36.706249 4.702672 2.347132 0.051757 0.026022 -0.434841 -6.906977 -5.816532 -8.145475 0.014582 -0.140203 -0.041002 -0.000002 0.000001 0.000000 0.000000 0.031892 0.087417 -0.000003 0.000000 -0.000000 0.000000 -0.000295 0.129738 -0.000000 0.000000 -0.000000 0.000000 0.021603 0.135532 0.000003 0.000000 -0.000000 0.022776 -0.072500 0.132876 0.000001 0.000000 -0.000000 0.163716 0.004516 -0.030142 29.330304 23.861013 -1.254537 0.165715 0.002195 -0.189845 17.766840 8.169188 -9.106849 0.134640 -0.191983 -0.128679 -20.422447 16.986858 7.569700 0.001147 -0.048713 -0.006655 -0.000001 -0.000000 0.000003 0.011701 -0.029588 -0.016302 -0.000004 -0.000002 0.000000 0.018464 -0.075698 -0.024375 -0.000002 0.000004 0.000000 0.000000 -0.061697 0.207353 -0.000002 0.000000 -0.000000 0.000000 -0.018035 0.048318 -0.000003 0.000000 -0.000000 0.000000 -0.018035 0.048318 -0.000002 0.000000 -0.000000 -0.022776 -0.072500 0.132876 0.000001 -0.000000 0.000000 -0.163716 0.004516 -0.030142 -0.522852 -27.323214 8.756569 -0.165715 0.002195 -0.189845 5.220011 -5.584096 6.860060 -0.134640 -0.191983 -0.128679 -14.431765 -3.399414 -9.908349 -0.011509 -0.048713 0.001674 -0.000002 0.000000 0.000000 -0.011701 -0.029588 -0.016302 -0.000001 0.000003 -0.000001 -0.018463 -0.075698 -0.024375 -0.000004 0.000003 -0.000000 -0.000000 -0.000000 -0.000000 -0.000001 -0.000000 0.000001 -0.108498 0.010680 -0.004987 -8.950229 -6.381049 1.215893 -0.042813 -0.034513 -0.413943 27.175482 -2.238431 -2.406865 -0.057838 0.011271 -0.433514 -28.096943 7.245561 2.043135 -0.014582 -0.140202 -0.044665 -0.000002 0.000001 -0.000000 0.352207 -0.331174 0.370911 -0.000000 0.000000 -0.000000 0.253490 -0.139412 0.043517 38.570300 51.595071 -0.000012 -0.275499 -0.250273 0.370911 -0.000000 0.000000 -0.000000 -0.232716 -0.461183 0.053609 -0.000001 -38.791356 0.000007 0.125668 -0.265692 -0.313595 -0.000000 0.000000 -0.000000 0.130146 -0.534334 -0.668620 -12.382659 0.000001 -9.258735 -0.113330 -0.268834 -0.313595 -0.000000 0.000000 -0.000000 -0.095191 -0.015211 -0.747160 -0.000001 -0.000001 -0.000000 
0.000000 -0.210014 0.052218 9.577158 0.000000 -0.000000 0.000000 -0.000000 -0.000000 -0.000001 0.000000 -0.000001 0.108498 0.010680 -0.004987 -51.910513 3.233828 -2.754348 0.042686 -0.033397 -0.412863 36.706249 4.702672 2.347132 0.051757 0.026022 -0.434841 -6.906977 -5.816532 -8.145475 0.014582 -0.140203 -0.041002 -0.000002 0.000001 0.000000 0.000000 0.031892 0.087417 -0.000003 0.000000 -0.000000 0.000000 -0.000295 0.129738 -0.000000 0.000000 -0.000000 0.000000 0.021603 0.135532 0.000003 0.000000 -0.000000 0.022776 -0.072500 0.132876 0.000001 0.000000 -0.000000 0.163716 0.004516 -0.030142 29.330304 23.861013 -1.254537 0.165715 0.002195 -0.189845 17.766840 8.169188 -9.106849 0.134640 -0.191983 -0.128679 -20.422447 16.986858 7.569700 0.001147 -0.048713 -0.006655 -0.000001 -0.000000 0.000003 0.011701 -0.029588 -0.016302 -0.000004 -0.000002 0.000000 0.018464 -0.075698 -0.024375 -0.000002 0.000004 0.000000 0.000000 -0.061697 0.207353 -0.000002 0.000000 -0.000000 0.000000 -0.018035 0.048318 -0.000003 0.000000 -0.000000 0.000000 -0.018035 0.048318 -0.000002 0.000000 -0.000000 -0.022776 -0.072500 0.132876 0.000001 -0.000000 0.000000 -0.163716 0.004516 -0.030142 -0.522852 -27.323214 8.756569 -0.165715 0.002195 -0.189845 5.220011 -5.584096 6.860060 -0.134640 -0.191983 -0.128679 -14.431765 -3.399414 -9.908349 -0.011509 -0.048713 0.001674 -0.000002 0.000000 0.000000 -0.011701 -0.029588 -0.016302 -0.000001 0.000003 -0.000001 -0.018463 -0.075698 -0.024375 -0.000004 0.000003 -0.000000 -0.000000 -0.000000 -0.000000 -0.000001 -0.000000 0.000001 -0.108498 0.010680 -0.004987 -8.950229 -6.381049 1.215893 -0.042813 -0.034513 -0.413943 27.175482 -2.238431 -2.406865 -0.057838 0.011271 -0.433514 -28.096943 7.245561 2.043135 -0.014582 -0.140202 -0.044665 -0.000002 0.000001 -0.000000 0.352207 -0.331174 0.370911 -0.000000 0.000000 -0.000000 0.253490 -0.139412 0.043517 38.570300 51.595071 -0.000012 -0.275499 -0.250273 0.370911 -0.000000 0.000000 -0.000000 -0.232716 -0.461183 0.053609 -0.000001 -38.791356 0.000007 0.125668 -0.265692 -0.313595 -0.000000 0.000000 -0.000000 0.130146 -0.534334 -0.668620 -12.382659 0.000001 -9.258735 -0.113330 -0.268834 -0.313595 -0.000000 0.000000 -0.000000 -0.095191 -0.015211 -0.747160 -0.000001 -0.000001 -0.000000 
0.000000 -0.210014 0.052218 9.577158 0.000000 -0.000000 0.000000 -0.000000 -0.000000 -0.000001 0.000000 -0.000001 0.108498 0.010680 -0.004987 -51.910513 3.233828 -2.754348 0.042686 -0.033397 -0.412863 36.706249 4.702672 2.347132 0.051757 0.026022 -0.434841 -6.906977 -5.816532 -8.145475 0.014582 -0.140203 -0.041002 -0.000002 0.000001 0.000000 0.000000 0.031892 0.087417 -0.000003 0.000000 -0.000000 0.000000 -0.000295 0.129738 -0.000000 0.000000 -0.000000 0.000000 0.021603 0.135532 0.000003 0.000000 -0.000000 0.022776 -0.072500 0.132876 0.000001 0.000000 -0.000000 0.163716 0.004516 -0.030142 29.330304 23.861013 -1.254537 0.165715 0.002195 -0.189845 17.766840 8.169188 -9.106849 0.134640 -0.191983 -0.128679 -20.422447 16.986858 7.569700 0.001147 -0.048713 -0.006655 -0.000001 -0.000000 0.000003 0.011701 -0.029588 -0.016302 -0.000004 -0.000002 0.000000 0.018464 -0.075698 -0.024375 -0.000002 0.000004 0.000000 0.000000 -0.061697 0.207353 -0.000002 0.000000 -0.000000 0.000000 -0.018035 0.048318 -0.000003 0.000000 -0.000000 0.000000 -0.018035 0.048318 -0.000002 0.000000 -0.000000 -0.022776 -0.072500 0.132876 0.000001 -0.000000 0.000000 -0.163716 0.004516 -0.030142 -0.522852 -27.323214 8.756569 -0.165715 0.002195 -0.189845 5.220011 -5.584096 6.860060 -0.134640 -0.191983 -0.128679 -14.431765 -3.399414 -9.908349 -0.011509 -0.048713 0.001674 -0.000002 0.000000 0.000000 -0.011701 -0.029588 -0.016302 -0.000001 0.000003 -0.000001 -0.018463 -0.075698 -0.024375 -0.000004 0.000003 -0.000000 -0.000000 -0.000000 -0.000000 -0.000001 -0.000000 0.000001 -0.108498 0.010680 -0.004987 -8.950229 -6.381049 1.215893 -0.042813 -0.034513 -0.413943 27.175482 -2.238431 -2.406865 -0.057838 0.011271 -0.433514 -28.096943 7.245561 2.043135 -0.014582 -0.140202 -0.044665 -0.000002 0.000001 -0.000000 0.352207 -0.331174 0.370911 -0.000000 0.000000 -0.000000 0.253490 -0.139412 0.043517 38.570300 51.595071 -0.000012 -0.275499 -0.250273 0.370911 -0.000000 0.000000 -0.000000 -0.232716 -0.461183 0.053609 -0.000001 -38.791356 0.000007 0.125668 -0.265692 -0.313595 -0.000000 0.000000 -0.000000 0.130146 -0.534334 -0.668620 -12.382659 0.000001 -9.258735 -0.113330 -0.268834 -0.313595 -0.000000 0.000000 -0.000000 -0.095191 -0.015211 -0.747160 -0.000001 -0.000001 -0.000000 
0.000000 -0.210014 0.052218 9.577158 0.000000 -0.000000 0.000000 -0.000000 -0.000000 -0.000001 0.000000 -0.000001 0.108498 0.010680 -0.004987 -51.910513 3.233828 -2.754348 0.042686 -0.033397 -0.412863 36.706249 4.702672 2.347132 0.051757 0.026022 -0.434841 -6.906977 -5.816532 -8.145475 0.014582 -0.140203 -0.041002 -0.000002 0.000001 0.000000 0.000000 0.031892 0.087417 -0.000003 0.000000 -0.000000 0.000000 -0.000295 0.129738 -0.000000 0.000000 -0.000000 0.000000 0.021603 0.135532 0.000003 0.000000 -0.000000 0.022776 -0.072500 0.132876 0.000001 0.000000 -0.000000 0.163716 0.004516 -0.030142 29.330304 23.861013 -1.254537 0.165715 0.002195 -0.189845 17.766840 8.169188 -9.106849 0.134640 -0.191983 -0.128679 -20.422447 16.986858 7.569700 0.001147 -0.048713 -0.006655 -0.000001 -0.000000 0.000003 0.011701 -0.029588 -0.016302 -0.000004 -0.000002 0.000000 0.018464 -0.075698 -0.024375 -0.000002 0.000004 0.000000 0.000000 -0.061697 0.207353 -0.000002 0.000000 -0.000000 0.000000 -0.018035 0.048318 -0.000003 0.000000 -0.000000 0.000000 -0.018035 0.048318 -0.000002 0.000000 -0.000000 -0.022776 -0.072500 0.132876 0.000001 -0.000000 0.000000 -0.163716 0.004516 -0.030142 -0.522852 -27.323214 8.756569 -0.165715 0.002195 -0.189845 5.220011 -5.584096 6.860060 -0.134640 -0.191983 -0.128679 -14.431765 -3.399414 -9.908349 -0.011509 -0.048713 0.001674 -0.000002 0.000000 0.000000 -0.011701 -0.029588 -0.016302 -0.000001 0.000003 -0.000001 -0.018463 -0.075698 -0.024375 -0.000004 0.000003 -0.000000 -0.000000 -0.000000 -0.000000 -0.000001 -0.000000 0.000001 -0.108498 0.010680 -0.004987 -8.950229 -6.381049 1.215893 -0.042813 -0.034513 -0.413943 27.175482 -2.238431 -2.406865 -0.057838 0.011271 -0.433514 -28.096943 7.245561 2.043135 -0.014582 -0.140202 -0.044665 -0.000002 0.000001 -0.000000 0.352207 -0.331174 0.370911 -0.000000 0.000000 -0.000000 0.253490 -0.139412 0.043517 38.570300 51.595071 -0.000012 -0.275499 -0.250273 0.370911 -0.000000 0.000000 -0.000000 -0.232716 -0.461183 0.053609 -0.000001 -38.791356 0.000007 0.125668 -0.265692 -0.313595 -0.000000 0.000000 -0.000000 0.130146 -0.534334 -0.668620 -12.382659 0.000001 -9.258735 -0.113330 -0.268834 -0.313595 -0.000000 0.000000 -0.000000 -0.095191 -0.015211 -0.747160 -0.000001 -0.000001 -0.000000 
0.000000 -0.210014 0.052218 9.577158 0.000000 -0.000000 0.000000 -0.000000 -0.000000 -0.000001 0.000000 -0.000001 0.108498 0.010680 -0.004987 -51.910513 3.233828 -2.754348 0.042686 -0.033397 -0.412863 36.706249 4.702672 2.347132 0.051757 0.026022 -0.434841 -6.906977 -5.816532 -8.145475 0.014582 -0.140203 -0.041002 -0.000002 0.000001 0.000000 0.000000 0.031892 0.087417 -0.000003 0.000000 -0.000000 0.000000 -0.000295 0.129738 -0.000000 0.000000 -0.000000 0.000000 0.021603 0.135532 0.000003 0.000000 -0.000000 0.022776 -0.072500 0.132876 0.000001 0.000000 -0.000000 0.163716 0.004516 -0.030142 29.330304 23.861013 -1.254537 0.165715 0.002195 -0.189845 17.766840 8.169188 -9.106849 0.134640 -0.191983 -0.128679 -20.422447 16.986858 7.569700 0.001147 -0.048713 -0.006655 -0.000001 -0.000000 0.000003 0.011701 -0.029588 -0.016302 -0.000004 -0.000002 0.000000 0.018464 -0.075698 -0.024375 -0.000002 0.000004 0.000000 0.000000 -0.061697 0.207353 -0.000002 0.000000 -0.000000 0.000000 -0.018035 0.048318 -0.000003 0.000000 -0.000000 0.000000 -0.018035 0.048318 -0.000002 0.000000 -0.000000 -0.022776 -0.072500 0.132876 0.000001 -0.000000 0.000000 -0.163716 0.004516 -0.030142 -0.522852 -27.323214 8.756569 -0.165715 0.002195 -0.189845 5.220011 -5.584096 6.860060 -0.134640 -0.191983 -0.128679 -14.431765 -3.399414 -9.908349 -0.011509 -0.048713 0.001674 -0.000002 0.000000 0.000000 -0.011701 -0.029588 -0.016302 -0.000001 0.000003 -0.000001 -0.018463 -0.075698 -0.024375 -0.000004 0.000003 -0.000000 -0.000000 -0.000000 -0.000000 -0.000001 -0.000000 0.000001 -0.108498 0.010680 -0.004987 -8.950229 -6.381049 1.215893 -0.042813 -0.034513 -0.413943 27.175482 -2.238431 -2.406865 -0.057838 0.011271 -0.433514 -28.096943 7.245561 2.043135 -0.014582 -0.140202 -0.044665 -0.000002 0.000001 -0.000000 0.352207 -0.331174 0.370911 -0.000000 0.000000 -0.000000 0.253490 -0.139412 0.043517 38.570300 51.595071 -0.000012 -0.275499 -0.250273 0.370911 -0.000000 0.000000 -0.000000 -0.232716 -0.461183 0.053609 -0.000001 -38.791356 0.000007 0.125668 -0.265692 -0.313595 -0.000000 0.000000 -0.000000 0.130146 -0.534334 -0.668620 -12.382659 0.000001 -9.258735 -0.113330 -0.268834 -0.313595 -0.000000 0.000000 -0.000000 -0.095191 -0.015211 -0.747160 -0.000001 -0.000001 -0.000000 
0.000000 -0.210014 0.052218 9.577158 0.000000 -0.000000 0.000000 -0.000000 -0.000000 -0.000001 0.000000 -0.000001 0.108498 0.010680 -0.004987 -51.910513 3.233828 -2.754348 0.042686 -0.033397 -0.412863 36.706249 4.702672 2.347132 0.051757 0.026022 -0.434841 -6.906977 -5.816532 -8.145475 0.014582 -0.140203 -0.041002 -0.000002 0.000001 0.000000 0.000000 0.031892 0.087417 -0.000003 0.000000 -0.000000 0.000000 -0.000295 0.129738 -0.000000 0.000000 -0.000000 0.000000 0.021603 0.135532 0.000003 0.000000 -0.000000 0.022776 -0.072500 0.132876 0.000001 0.000000 -0.000000 0.163716 0.004516 -0.030142 29.330304 23.861013 -1.254537 0.165715 0.002195 -0.189845 17.766840 8.169188 -9.106849 0.134640 -0.191983 -0.128679 -20.422447 16.986858 7.569700 0.001147 -0.048713 -0.006655 -0.000001 -0.000000 0.000003 0.011701 -0.029588 -0.016302 -0.000004 -0.000002 0.000000 0.018464 -0.075698 -0.024375 -0.000002 0.000004 0.000000 0.000000 -0.061697 0.207353 -0.000002 0.000000 -0.000000 0.000000 -0.018035 0.048318 -0.000003 0.000000 -0.000000 0.000000 -0.018035 0.048318 -0.000002 0.000000 -0.000000 -0.022776 -0.072500 0.132876 0.000001 -0.000000 0.000000 -0.163716 0.004516 -0.030142 -0.522852 -27.323214 8.756569 -0.165715 0.002195 -0.189845 5.220011 -5.584096 6.860060 -0.134640 -0.191983 -0.128679 -14.431765 -3.399414 -9.908349 -0.011509 -0.048713 0.001674 -0.000002 0.000000 0.000000 -0.011701 -0.029588 -0.016302 -0.000001 0.000003 -0.000001 -0.018463 -0.075698 -0.024375 -0.000004 0.000003 -0.000000 -0.000000 -0.000000 -0.000000 -0.000001 -0.000000 0.000001 -0.108498 0.010680 -0.004987 -8.950229 -6.381049 1.215893 -0.042813 -0.034513 -0.413943 27.175482 -2.238431 -2.406865 -0.057838 0.011271 -0.433514 -28.096943 7.245561 2.043135 -0.014582 -0.140202 -0.044665 -0.000002 0.000001 -0.000000 0.352207 -0.331174 0.370911 -0.000000 0.000000 -0.000000 0.253490 -0.139412 0.043517 38.570300 51.595071 -0.000012 -0.275499 -0.250273 0.370911 -0.000000 0.000000 -0.000000 -0.232716 -0.461183 0.053609 -0.000001 -38.791356 0.000007 0.125668 -0.265692 -0.313595 -0.000000 0.000000 -0.000000 0.130146 -0.534334 -0.668620 -12.382659 0.000001 -9.258735 -0.113330 -0.268834 -0.313595 -0.000000 0.000000 -0.000000 -0.095191 -0.015211 -0.747160 -0.000001 -0.000001 -0.000000 
0.000000 -0.210014 0.052218 9.577158 0.000000 -0.000000 0.000000 -0.000000 -0.000000 -0.000001 0.000000 -0.000001 0.108498 0.010680 -0.004987 -51.910513 3.233828 -2.754348 0.042686 -0.033397 -0.412863 36.706249 4.702672 2.347132 0.051757 0.026022 -0.434841 -6.906977 -5.816532 -8.145475 0.014582 -0.140203 -0.041002 -0.000002 0.000001 0.000000 0.000000 0.031892 0.087417 -0.000003 0.000000 -0.000000 0.000000 -0.000295 0.129738 -0.000000 0.000000 -0.000000 0.000000 0.021603 0.135532 0.000003 0.000000 -0.000000 0.022776 -0.072500 0.132876 0.000001 0.000000 -0.000000 0.163716 0.004516 -0.030142 29.330304 23.861013 -1.254537 0.165715 0.002195 -0.189845 17.766840 8.169188 -9.106849 0.134640 -0.191983 -0.128679 -20.422447 16.986858 7.569700 0.001147 -0.048713 -0.006655 -0.000001 -0.000000 0.000003 0.011701 -0.029588 -0.016302 -0.000004 -0.000002 0.000000 0.018464 -0.075698 -0.024375 -0.000002 0.000004 0.000000 0.000000 -0.061697 0.207353 -0.000002 0.000000 -0.000000 0.000000 -0.018035 0.048318 -0.000003 0.000000 -0.000000 0.000000 -0.018035 0.048318 -0.000002 0.000000 -0.000000 -0.022776 -0.072500 0.132876 0.000001 -0.000000 0.000000 -0.163716 0.004516 -0.030142 -0.522852 -27.323214 8.756569 -0.165715 0.002195 -0.189845 5.220011 -5.584096 6.860060 -0.134640 -0.191983 -0.128679 -14.431765 -3.399414 -9.908349 -0.011509 -0.048713 0.001674 -0.000002 0.000000 0.000000 -0.011701 -0.029588 -0.016302 -0.000001 0.000003 -0.000001 -0.018463 -0.075698 -0.024375 -0.000004 0.000003 -0.000000 -0.000000 -0.000000 -0.000000 -0.000001 -0.000000 0.000001 -0.108498 0.010680 -0.004987 -8.950229 -6.381049 1.215893 -0.042813 -0.034513 -0.413943 27.175482 -2.238431 -2.406865 -0.057838 0.011271 -0.433514 -28.096943 7.245561 2.043135 -0.014582 -0.140202 -0.044665 -0.000002 0.000001 -0.000000 0.352207 -0.331174 0.370911 -0.000000 0.000000 -0.000000 0.253490 -0.139412 0.043517 38.570300 51.595071 -0.000012 -0.275499 -0.250273 0.370911 -0.000000 0.000000 -0.000000 -0.232716 -0.461183 0.053609 -0.000001 -38.791356 0.000007 0.125668 -0.265692 -0.313595 -0.000000 0.000000 -0.000000 0.130146 -0.534334 -0.668620 -12.382659 0.000001 -9.258735 -0.113330 -0.268834 -0.313595 -0.000000 0.000000 -0.000000 -0.095191 -0.015211 -0.747160 -0.000001 -0.000001 -0.000000 
0.000000 -0.210014 0.052218 9.577158 0.000000 -0.000000 0.000000 -0.000000 -0.000000 -0.000001 0.000000 -0.000001 0.108498 0.010680 -0.004987 -51.910513 3.233828 -2.754348 0.042686 -0.033397 -0.412863 36.706249 4.702672 2.347132 0.051757 0.026022 -0.434841 -6.906977 -5.816532 -8.145475 0.014582 -0.140203 -0.041002 -0.000002 0.000001 0.000000 0.000000 0.031892 0.087417 -0.000003 0.000000 -0.000000 0.000000 -0.000295 0.129738 -0.000000 0.000000 -0.000000 0.000000 0.021603 0.135532 0.000003 0.000000 -0.000000 0.022776 -0.072500 0.132876 0.000001 0.000000 -0.000000 0.163716 0.004516 -0.030142 29.330304 23.861013 -1.254537 0.165715 0.002195 -0.189845 17.766840 8.169188 -9.106849 0.134640 -0.191983 -0.128679 -20.422447 16.986858 7.569700 0.001147 -0.048713 -0.006655 -0.000001 -0.000000 0.000003 0.011701 -0.029588 -0.016302 -0.000004 -0.000002 0.000000 0.018464 -0.075698 -0.024375 -0.000002 0.000004 0.000000 0.000000 -0.061697 0.207353 -0.000002 0.000000 -0.000000 0.000000 -0.018035 0.048318 -0.000003 0.000000 -0.000000 0.000000 -0.018035 0.048318 -0.000002 0.000000 -0.000000 -0.022776 -0.072500 0.132876 0.000001 -0.000000 0.000000 -0.163716 0.004516 -0.030142 -0.522852 -27.323214 8.756569 -0.165715 0.002195 -0.189845 5.220011 -5.584096 6.860060 -0.134640 -0.191983 -0.128679 -14.431765 -3.399414 -9.908349 -0.011509 -0.048713 0.001674 -0.000002 0.000000 0.000000 -0.011701 -0.029588 -0.016302 -0.000001 0.000003 -0.000001 -0.018463 -0.075698 -0.024375 -0.000004 0.000003 -0.000000 -0.000000 -0.000000 -0.000000 -0.000001 -0.000000 0.000001 -0.108498 0.010680 -0.004987 -8.950229 -6.381049 1.215893 -0.042813 -0.034513 -0.413943 27.175482 -2.238431 -2.406865 -0.057838 0.011271 -0.433514 -28.096943 7.245561 2.043135 -0.014582 -0.140202 -0.044665 -0.000002 0.000001 -0.000000 0.352207 -0.331174 0.370911 -0.000000 0.000000 -0.000000 0.253490 -0.139412 0.043517 38.570300 51.595071 -0.000012 -0.275499 -0.250273 0.370911 -0.000000 0.000000 -0.000000 -0.232716 -0.461183 0.053609 -0.000001 -38.791356 0.000007 0.125668 -0.265692 -0.313595 -0.000000 0.000000 -0.000000 0.130146 -0.534334 -0.668620 -12.382659 0.000001 -9.258735 -0.113330 -0.268834 -0.313595 -0.000000 0.000000 -0.000000 -0.095191 -0.015211 -0.747160 -0.000001 -0.000001 -0.000000 
0.000000 -0.210014 0.052218 9.577158 0.000000 -0.000000 0.000000 -0.000000 -0.000000 -0.000001 0.000000 -0.000001 0.108498 0.010680 -0.004987 -51.910513 3.233828 -2.754348 0.042686 -0.033397 -0.412863 36.706249 4.702672 2.347132 0.051757 0.026022 -0.434841 -6.906977 -5.816532 -8.145475 0.014582 -0.140203 -0.041002 -0.000002 0.000001 0.000000 0.000000 0.031892 0.087417 -0.000003 0.000000 -0.000000 0.000000 -0.000295 0.129738 -0.000000 0.000000 -0.000000 0.000000 0.021603 0.135532 0.000003 0.000000 -0.000000 0.022776 -0.072500 0.132876 0.000001 0.000000 -0.000000 0.163716 0.004516 -0.030142 29.330304 23.861013 -1.254537 0.165715 0.002195 -0.189845 17.766840 8.169188 -9.106849 0.134640 -0.191983 -0.128679 -20.422447 16.986858 7.569700 0.001147 -0.048713 -0.006655 -0.000001 -0.000000 0.000003 0.011701 -0.029588 -0.016302 -0.000004 -0.000002 0.000000 0.018464 -0.075698 -0.024375 -0.000002 0.000004 0.000000 0.000000 -0.061697 0.207353 -0.000002 0.000000 -0.000000 0.000000 -0.018035 0.048318 -0.000003 0.000000 -0.000000 0.000000 -0.018035 0.048318 -0.000002 0.000000 -0.000000 -0.022776 -0.072500 0.132876 0.000001 -0.000000 0.000000 -0.163716 0.004516 -0.030142 -0.522852 -27.323214 8.756569 -0.165715 0.002195 -0.189845 5.220011 -5.584096 6.860060 -0.134640 -0.191983 -0.128679 -14.431765 -3.399414 -9.908349 -0.011509 -0.048713 0.001674 -0.000002 0.000000 0.000000 -0.011701 -0.029588 -0.016302 -0.000001 0.000003 -0.000001 -0.018463 -0.075698 -0.024375 -0.000004 0.000003 -0.000000 -0.000000 -0.000000 -0.000000 -0.000001 -0.000000 0.000001 -0.108498 0.010680 -0.004987 -8.950229 -6.381049 1.215893 -0.042813 -0.034513 -0.413943 27.175482 -2.238431 -2.406865 -0.057838 0.011271 -0.433514 -28.096943 7.245561 2.043135 -0.014582 -0.140202 -0.044665 -0.000002 0.000001 -0.000000 0.352207 -0.331174 0.370911 -0.000000 0.000000 -0.000000 0.253490 -0.139412 0.043517 38.570300 51.595071 -0.000012 -0.275499 -0.250273 0.370911 -0.000000 0.000000 -0.000000 -0.232716 -0.461183 0.053609 -0.000001 -38.791356 0.000007 0.125668 -0.265692 -0.313595 -0.000000 0.000000 -0.000000 0.130146 -0.534334 -0.668620 -12.382659 0.000001 -9.258735 -0.113330 -0.268834 -0.313595 -0.000000 0.000000 -0.000000 -0.095191 -0.015211 -0.747160 -0.000001 -0.000001 -0.000000 
0.000000 -0.210014 0.052218 9.577158 0.000000 -0.000000 0.000000 -0.000000 -0.000000 -0.000001 0.000000 -0.000001 0.108498 0.010680 -0.004987 -51.910513 3.233828 -2.754348 0.042686 -0.033397 -0.412863 36.706249 4.702672 2.347132 0.051757 0.026022 -0.434841 -6.906977 -5.816532 -8.145475 0.014582 -0.140203 -0.041002 -0.000002 0.000001 0.000000 0.000000 0.031892 0.087417 -0.000003 0.000000 -0.000000 0.000000 -0.000295 0.129738 -0.000000 0.000000 -0.000000 0.000000 0.021603 0.135532 0.000003 0.000000 -0.000000 0.022776 -0.072500 0.132876 0.000001 0.000000 -0.000000 0.163716 0.004516 -0.030142 29.330304 23.861013 -1.254537 0.165715 0.002195 -0.189845 17.766840 8.169188 -9.106849 0.134640 -0.191983 -0.128679 -20.422447 16.986858 7.569700 0.001147 -0.048713 -0.006655 -0.000001 -0.000000 0.000003 0.011701 -0.029588 -0.016302 -0.000004 -0.000002 0.000000 0.018464 -0.075698 -0.024375 -0.000002 0.000004 0.000000 0.000000 -0.061697 0.207353 -0.000002 0.000000 -0.000000 0.000000 -0.018035 0.048318 -0.000003 0.000000 -0.000000 0.000000 -0.018035 0.048318 -0.000002 0.000000 -0.000000 -0.022776 -0.072500 0.132876 0.000001 -0.000000 0.000000 -0.163716 0.004516 -0.030142 -0.522852 -27.323214 8.756569 -0.165715 0.002195 -0.189845 5.220011 -5.584096 6.860060 -0.134640 -0.191983 -0.128679 -14.431765 -3.399414 -9.908349 -0.011509 -0.048713 0.001674 -0.000002 0.000000 0.000000 -0.011701 -0.029588 -0.016302 -0.000001 0.000003 -0.000001 -0.018463 -0.075698 -0.024375 -0.000004 0.000003 -0.000000 -0.000000 -0.000000 -0.000000 -0.000001 -0.000000 0.000001 -0.108498 0.010680 -0.004987 -8.950229 -6.381049 1.215893 -0.042813 -0.034513 -0.413943 27.175482 -2.238431 -2.406865 -0.057838 0.011271 -0.433514 -28.096943 7.245561 2.043135 -0.014582 -0.140202 -0.044665 -0.000002 0.000001 -0.000000 0.352207 -0.331174 0.370911 -0.000000 0.000000 -0.000000 0.253490 -0.139412 0.043517 38.570300 51.595071 -0.000012 -0.275499 -0.250273 0.370911 -0.000000 0.000000 -0.000000 -0.232716 -0.461183 0.053609 -0.000001 -38.791356 0.000007 0.125668 -0.265692 -0.313595 -0.000000 0.000000 -0.000000 0.130146 -0.534334 -0.668620 -12.382659 0.000001 -9.258735 -0.113330 -0.268834 -0.313595 -0.000000 0.000000 -0.000000 -0.095191 -0.015211 -0.747160 -0.000001 -0.000001 -0.000000 
0.000000 -0.210014 0.052218 9.577158 0.000000 -0.000000 0.000000 -0.000000 -0.000000 -0.000001 0.000000 -0.000001 0.108498 0.010680 -0.004987 -51.910513 3.233828 -2.754348 0.042686 -0.033397 -0.412863 36.706249 4.702672 2.347132 0.051757 0.026022 -0.434841 -6.906977 -5.816532 -8.145475 0.014582 -0.140203 -0.041002 -0.000002 0.000001 0.000000 0.000000 0.031892 0.087417 -0.000003 0.000000 -0.000000 0.000000 -0.000295 0.129738 -0.000000 0.000000 -0.000000 0.000000 0.021603 0.135532 0.000003 0.000000 -0.000000 0.022776 -0.072500 0.132876 0.000001 0.000000 -0.000000 0.163716 0.004516 -0.030142 29.330304 23.861013 -1.254537 0.165715 0.002195 -0.189845 17.766840 8.169188 -9.106849 0.134640 -0.191983 -0.128679 -20.422447 16.986858 7.569700 0.001147 -0.048713 -0.006655 -0.000001 -0.000000 0.000003 0.011701 -0.029588 -0.016302 -0.000004 -0.000002 0.000000 0.018464 -0.075698 -0.024375 -0.000002 0.000004 0.000000 0.000000 -0.061697 0.207353 -0.000002 0.000000 -0.000000 0.000000 -0.018035 0.048318 -0.000003 0.000000 -0.000000 0.000000 -0.018035 0.048318 -0.000002 0.000000 -0.000000 -0.022776 -0.072500 0.132876 0.000001 -0.000000 0.000000 -0.163716 0.004516 -0.030142 -0.522852 -27.323214 8.756569 -0.165715 0.002195 -0.189845 5.220011 -5.584096 6.860060 -0.134640 -0.191983 -0.128679 -14.431765 -3.399414 -9.908349 -0.011509 -0.048713 0.001674 -0.000002 0.000000 0.000000 -0.011701 -0.029588 -0.016302 -0.000001 0.000003 -0.000001 -0.018463 -0.075698 -0.024375 -0.000004 0.000003 -0.000000 -0.000000 -0.000000 -0.000000 -0.000001 -0.000000 0.000001 -0.108498 0.010680 -0.004987 -8.950229 -6.381049 1.215893 -0.042813 -0.034513 -0.413943 27.175482 -2.238431 -2.406865 -0.057838 0.011271 -0.433514 -28.096943 7.245561 2.043135 -0.014582 -0.140202 -0.044665 -0.000002 0.000001 -0.000000 0.352207 -0.331174 0.370911 -0.000000 0.000000 -0.000000 0.253490 -0.139412 0.043517 38.570300 51.595071 -0.000012 -0.275499 -0.250273 0.370911 -0.000000 0.000000 -0.000000 -0.232716 -0.461183 0.053609 -0.000001 -38.791356 0.000007 0.125668 -0.265692 -0.313595 -0.000000 0.000000 -0.000000 0.130146 -0.534334 -0.668620 -12.382659 0.000001 -9.258735 -0.113330 -0.268834 -0.313595 -0.000000 0.000000 -0.000000 -0.095191 -0.015211 -0.747160 -0.000001 -0.000001 -0.000000 
0.000000 -0.210014 0.052218 9.577158 0.000000 -0.000000 0.000000 -0.000000 -0.000000 -0.000001 0.000000 -0.000001 0.108498 0.010680 -0.004987 -51.910513 3.233828 -2.754348 0.042686 -0.033397 -0.412863 36.706249 4.702672 2.347132 0.051757 0.026022 -0.434841 -6.906977 -5.816532 -8.145475 0.014582 -0.140203 -0.041002 -0.000002 0.000001 0.000000 0.000000 0.031892 0.087417 -0.000003 0.000000 -0.000000 0.000000 -0.000295 0.129738 -0.000000 0.000000 -0.000000 0.000000 0.021603 0.135532 0.000003 0.000000 -0.000000 0.022776 -0.072500 0.132876 0.000001 0.000000 -0.000000 0.163716 0.004516 -0.030142 29.330304 23.861013 -1.254537 0.165715 0.002195 -0.189845 17.766840 8.169188 -9.106849 0.134640 -0.191983 -0.128679 -20.422447 16.986858 7.569700 0.001147 -0.048713 -0.006655 -0.000001 -0.000000 0.000003 0.011701 -0.029588 -0.016302 -0.000004 -0.000002 0.000000 0.018464 -0.075698 -0.024375 -0.000002 0.000004 0.000000 0.000000 -0.061697 0.207353 -0.000002 0.000000 -0.000000 0.000000 -0.018035 0.048318 -0.000003 0.000000 -0.000000 0.000000 -0.018035 0.048318 -0.000002 0.000000 -0.000000 -0.022776 -0.072500 0.132876 0.000001 -0.000000 0.000000 -0.163716 0.004516 -0.030142 -0.522852 -27.323214 8.756569 -0.165715 0.002195 -0.189845 5.220011 -5.584096 6.860060 -0.134640 -0.191983 -0.128679 -14.431765 -3.399414 -9.908349 -0.011509 -0.048713 0.001674 -0.000002 0.000000 0.000000 -0.011701 -0.029588 -0.016302 -0.000001 0.000003 -0.000001 -0.018463 -0.075698 -0.024375 -0.000004 0.000003 -0.000000 -0.000000 -0.000000 -0.000000 -0.000001 -0.000000 0.000001 -0.108498 0.010680 -0.004987 -8.950229 -6.381049 1.215893 -0.042813 -0.034513 -0.413943 27.175482 -2.238431 -2.406865 -0.057838 0.011271 -0.433514 -28.096943 7.245561 2.043135 -0.014582 -0.140202 -0.044665 -0.000002 0.000001 -0.000000 0.352207 -0.331174 0.370911 -0.000000 0.000000 -0.000000 0.253490 -0.139412 0.043517 38.570300 51.595071 -0.000012 -0.275499 -0.250273 0.370911 -0.000000 0.000000 -0.000000 -0.232716 -0.461183 0.053609 -0.000001 -38.791356 0.000007 0.125668 -0.265692 -0.313595 -0.000000 0.000000 -0.000000 0.130146 -0.534334 -0.668620 -12.382659 0.000001 -9.258735 -0.113330 -0.268834 -0.313595 -0.000000 0.000000 -0.000000 -0.095191 -0.015211 -0.747160 -0.000001 -0.000001 -0.000000 
0.000000 -0.210014 0.052218 9.577158 0.000000 -0.000000 0.000000 -0.000000 -0.000000 -0.000001 0.000000 -0.000001 0.108498 0.010680 -0.004987 -51.910513 3.233828 -2.754348 0.042686 -0.033397 -0.412863 36.706249 4.702672 2.347132 0.051757 0.026022 -0.434841 -6.906977 -5.816532 -8.145475 0.014582 -0.140203 -0.041002 -0.000002 0.000001 0.000000 0.000000 0.031892 0.087417 -0.000003 0.000000 -0.000000 0.000000 -0.000295 0.129738 -0.000000 0.000000 -0.000000 0.000000 0.021603 0.135532 0.000003 0.000000 -0.000000 0.022776 -0.072500 0.132876 0.000001 0.000000 -0.000000 0.163716 0.004516 -0.030142 29.330304 23.861013 -1.254537 0.165715 0.002195 -0.189845 17.766840 8.169188 -9.106849 0.134640 -0.191983 -0.128679 -20.422447 16.986858 7.569700 0.001147 -0.048713 -0.006655 -0.000001 -0.000000 0.000003 0.011701 -0.029588 -0.016302 -0.000004 -0.000002 0.000000 0.018464 -0.075698 -0.024375 -0.000002 0.000004 0.000000 0.000000 -0.061697 0.207353 -0.000002 0.000000 -0.000000 0.000000 -0.018035 0.048318 -0.000003 0.000000 -0.000000 0.000000 -0.018035 0.048318 -0.000002 0.000000 -0.000000 -0.022776 -0.072500 0.132876 0.000001 -0.000000 0.000000 -0.163716 0.004516 -0.030142 -0.522852 -27.323214 8.756569 -0.165715 0.002195 -0.189845 5.220011 -5.584096 6.860060 -0.134640 -0.191983 -0.128679 -14.431765 -3.399414 -9.908349 -0.011509 -0.048713 0.001674 -0.000002 0.000000 0.000000 -0.011701 -0.029588 -0.016302 -0.000001 0.000003 -0.000001 -0.018463 -0.075698 -0.024375 -0.000004 0.000003 -0.000000 -0.000000 -0.000000 -0.000000 -0.000001 -0.000000 0.000001 -0.108498 0.010680 -0.004987 -8.950229 -6.381049 1.215893 -0.042813 -0.034513 -0.413943 27.175482 -2.238431 -2.406865 -0.057838 0.011271 -0.433514 -28.096943 7.245561 2.043135 -0.014582 -0.140202 -0.044665 -0.000002 0.000001 -0.000000 0.352207 -0.331174 0.370911 -0.000000 0.000000 -0.000000 0.253490 -0.139412 0.043517 38.570300 51.595071 -0.000012 -0.275499 -0.250273 0.370911 -0.000000 0.000000 -0.000000 -0.232716 -0.461183 0.053609 -0.000001 -38.791356 0.000007 0.125668 -0.265692 -0.313595 -0.000000 0.000000 -0.000000 0.130146 -0.534334 -0.668620 -12.382659 0.000001 -9.258735 -0.113330 -0.268834 -0.313595 -0.000000 0.000000 -0.000000 -0.095191 -0.015211 -0.747160 -0.000001 -0.000001 -0.000000 
0.000000 -0.210014 0.052218 9.577158 0.000000 -0.000000 0.000000 -0.000000 -0.000000 -0.000001 0.000000 -0.000001 0.108498 0.010680 -0.004987 -51.910513 3.233828 -2.754348 0.042686 -0.033397 -0.412863 36.706249 4.702672 2.347132 0.051757 0.026022 -0.434841 -6.906977 -5.816532 -8.145475 0.014582 -0.140203 -0.041002 -0.000002 0.000001 0.000000 0.000000 0.031892 0.087417 -0.000003 0.000000 -0.000000 0.000000 -0.000295 0.129738 -0.000000 0.000000 -0.000000 0.000000 0.021603 0.135532 0.000003 0.000000 -0.000000 0.022776 -0.072500 0.132876 0.000001 0.000000 -0.000000 0.163716 0.004516 -0.030142 29.330304 23.861013 -1.254537 0.165715 0.002195 -0.189845 17.766840 8.169188 -9.106849 0.134640 -0.191983 -0.128679 -20.422447 16.986858 7.569700 0.001147 -0.048713 -0.006655 -0.000001 -0.000000 0.000003 0.011701 -0.029588 -0.016302 -0.000004 -0.000002 0.000000 0.018464 -0.075698 -0.024375 -0.000002 0.000004 0.000000 0.000000 -0.061697 0.207353 -0.000002 0.000000 -0.000000 0.000000 -0.018035 0.048318 -0.000003 0.000000 -0.000000 0.000000 -0.018035 0.048318 -0.000002 0.000000 -0.000000 -0.022776 -0.072500 0.132876 0.000001 -0.000000 0.000000 -0.163716 0.004516 -0.030142 -0.522852 -27.323214 8.756569 -0.165715 0.002195 -0.189845 5.220011 -5.584096 6.860060 -0.134640 -0.191983 -0.128679 -14.431765 -3.399414 -9.908349 -0.011509 -0.048713 0.001674 -0.000002 0.000000 0.000000 -0.011701 -0.029588 -0.016302 -0.000001 0.000003 -0.000001 -0.018463 -0.075698 -0.024375 -0.000004 0.000003 -0.000000 -0.000000 -0.000000 -0.000000 -0.000001 -0.000000 0.000001 -0.108498 0.010680 -0.004987 -8.950229 -6.381049 1.215893 -0.042813 -0.034513 -0.413943 27.175482 -2.238431 -2.406865 -0.057838 0.011271 -0.433514 -28.096943 7.245561 2.043135 -0.014582 -0.140202 -0.044665 -0.000002 0.000001 -0.000000 0.352207 -0.331174 0.370911 -0.000000 0.000000 -0.000000 0.253490 -0.139412 0.043517 38.570300 51.595071 -0.000012 -0.275499 -0.250273 0.370911 -0.000000 0.000000 -0.000000 -0.232716 -0.461183 0.053609 -0.000001 -38.791356 0.000007 0.125668 -0.265692 -0.313595 -0.000000 0.000000 -0.000000 0.130146 -0.534334 -0.668620 -12.382659 0.000001 -9.258735 -0.113330 -0.268834 -0.313595 -0.000000 0.000000 -0.000000 -0.095191 -0.015211 -0.747160 -0.000001 -0.000001 -0.000000 
0.000000 -0.210014 0.052218 9.577158 0.000000 -0.000000 0.000000 -0.000000 -0.000000 -0.000001 0.000000 -0.000001 0.108498 0.010680 -0.004987 -51.910513 3.233828 -2.754348 0.042686 -0.033397 -0.412863 36.706249 4.702672 2.347132 0.051757 0.026022 -0.434841 -6.906977 -5.816532 -8.145475 0.014582 -0.140203 -0.041002 -0.000002 0.000001 0.000000 0.000000 0.031892 0.087417 -0.000003 0.000000 -0.000000 0.000000 -0.000295 0.129738 -0.000000 0.000000 -0.000000 0.000000 0.021603 0.135532 0.000003 0.000000 -0.000000 0.022776 -0.072500 0.132876 0.000001 0.000000 -0.000000 0.163716 0.004516 -0.030142 29.330304 23.861013 -1.254537 0.165715 0.002195 -0.189845 17.766840 8.169188 -9.106849 0.134640 -0.191983 -0.128679 -20.422447 16.986858 7.569700 0.001147 -0.048713 -0.006655 -0.000001 -0.000000 0.000003 0.011701 -0.029588 -0.016302 -0.000004 -0.000002 0.000000 0.018464 -0.075698 -0.024375 -0.000002 0.000004 0.000000 0.000000 -0.061697 0.207353 -0.000002 0.000000 -0.000000 0.000000 -0.018035 0.048318 -0.000003 0.000000 -0.000000 0.000000 -0.018035 0.048318 -0.000002 0.000000 -0.000000 -0.022776 -0.072500 0.132876 0.000001 -0.000000 0.000000 -0.163716 0.004516 -0.030142 -0.522852 -27.323214 8.756569 -0.165715 0.002195 -0.189845 5.220011 -5.584096 6.860060 -0.134640 -0.191983 -0.128679 -14.431765 -3.399414 -9.908349 -0.011509 -0.048713 0.001674 -0.000002 0.000000 0.000000 -0.011701 -0.029588 -0.016302 -0.000001 0.000003 -0.000001 -0.018463 -0.075698 -0.024375 -0.000004 0.000003 -0.000000 -0.000000 -0.000000 -0.000000 -0.000001 -0.000000 0.000001 -0.108498 0.010680 -0.004987 -8.950229 -6.381049 1.215893 -0.042813 -0.034513 -0.413943 27.175482 -2.238431 -2.406865 -0.057838 0.011271 -0.433514 -28.096943 7.245561 2.043135 -0.014582 -0.140202 -0.044665 -0.000002 0.000001 -0.000000 0.352207 -0.331174 0.370911 -0.000000 0.000000 -0.000000 0.253490 -0.139412 0.043517 38.570300 51.595071 -0.000012 -0.275499 -0.250273 0.370911 -0.000000 0.000000 -0.000000 -0.232716 -0.461183 0.053609 -0.000001 -38.791356 0.000007 0.125668 -0.265692 -0.313595 -0.000000 0.000000 -0.000000 0.130146 -0.534334 -0.668620 -12.382659 0.000001 -9.258735 -0.113330 -0.268834 -0.313595 -0.000000 0.000000 -0.000000 -0.095191 -0.015211 -0.747160 -0.000001 -0.000001 -0.000000 
0.000000 -0.210014 0.052218 9.577158 0.000000 -0.000000 0.000000 -0.000000 -0.000000 -0.000001 0.000000 -0.000001 0.108498 0.010680 -0.004987 -51.910513 3.233828 -2.754348 0.042686 -0.033397 -0.412863 36.706249 4.702672 2.347132 0.051757 0.026022 -0.434841 -6.906977 -5.816532 -8.145475 0.014582 -0.140203 -0.041002 -0.000002 0.000001 0.000000 0.000000 0.031892 0.087417 -0.000003 0.000000 -0.000000 0.000000 -0.000295 0.129738 -0.000000 0.000000 -0.000000 0.000000 0.021603 0.135532 0.000003 0.000000 -0.000000 0.022776 -0.072500 0.132876 0.000001 0.000000 -0.000000 0.163716 0.004516 -0.030142 29.330304 23.861013 -1.254537 0.165715 0.002195 -0.189845 17.766840 8.169188 -9.106849 0.134640 -0.191983 -0.128679 -20.422447 16.986858 7.569700 0.001147 -0.048713 -0.006655 -0.000001 -0.000000 0.000003 0.011701 -0.029588 -0.016302 -0.000004 -0.000002 0.000000 0.018464 -0.075698 -0.024375 -0.000002 0.000004 0.000000 0.000000 -0.061697 0.207353 -0.000002 0.000000 -0.000000 0.000000 -0.018035 0.048318 -0.000003 0.000000 -0.000000 0.000000 -0.018035 0.048318 -0.000002 0.000000 -0.000000 -0.022776 -0.072500 0.132876 0.000001 -0.000000 0.000000 -0.163716 0.004516 -0.030142 -0.522852 -27.323214 8.756569 -0.165715 0.002195 -0.189845 5.220011 -5.584096 6.860060 -0.134640 -0.191983 -0.128679 -14.431765 -3.399414 -9.908349 -0.011509 -0.048713 0.001674 -0.000002 0.000000 0.000000 -0.011701 -0.029588 -0.016302 -0.000001 0.000003 -0.000001 -0.018463 -0.075698 -0.024375 -0.000004 0.000003 -0.000000 -0.000000 -0.000000 -0.000000 -0.000001 -0.000000 0.000001 -0.108498 0.010680 -0.004987 -8.950229 -6.381049 1.215893 -0.042813 -0.034513 -0.413943 27.175482 -2.238431 -2.406865 -0.057838 0.011271 -0.433514 -28.096943 7.245561 2.043135 -0.014582 -0.140202 -0.044665 -0.000002 0.000001 -0.000000 0.352207 -0.331174 0.370911 -0.000000 0.000000 -0.000000 0.253490 -0.139412 0.043517 38.570300 51.595071 -0.000012 -0.275499 -0.250273 0.370911 -0.000000 0.000000 -0.000000 -0.232716 -0.461183 0.053609 -0.000001 -38.791356 0.000007 0.125668 -0.265692 -0.313595 -0.000000 0.000000 -0.000000 0.130146 -0.534334 -0.668620 -12.382659 0.000001 -9.258735 -0.113330 -0.268834 -0.313595 -0.000000 0.000000 -0.000000 -0.095191 -0.015211 -0.747160 -0.000001 -0.000001 -0.000000 
0.000000 -0.210014 0.052218 9.577158 0.000000 -0.000000 0.000000 -0.000000 -0.000000 -0.000001 0.000000 -0.000001 0.108498 0.010680 -0.004987 -51.910513 3.233828 -2.754348 0.042686 -0.033397 -0.412863 36.706249 4.702672 2.347132 0.051757 0.026022 -0.434841 -6.906977 -5.816532 -8.145475 0.014582 -0.140203 -0.041002 -0.000002 0.000001 0.000000 0.000000 0.031892 0.087417 -0.000003 0.000000 -0.000000 0.000000 -0.000295 0.129738 -0.000000 0.000000 -0.000000 0.000000 0.021603 0.135532 0.000003 0.000000 -0.000000 0.022776 -0.072500 0.132876 0.000001 0.000000 -0.000000 0.163716 0.004516 -0.030142 29.330304 23.861013 -1.254537 0.165715 0.002195 -0.189845 17.766840 8.169188 -9.106849 0.134640 -0.191983 -0.128679 -20.422447 16.986858 7.569700 0.001147 -0.048713 -0.006655 -0.000001 -0.000000 0.000003 0.011701 -0.029588 -0.016302 -0.000004 -0.000002 0.000000 0.018464 -0.075698 -0.024375 -0.000002 0.000004 0.000000 0.000000 -0.061697 0.207353 -0.000002 0.000000 -0.000000 0.000000 -0.018035 0.048318 -0.000003 0.000000 -0.000000 0.000000 -0.018035 0.048318 -0.000002 0.000000 -0.000000 -0.022776 -0.072500 0.132876 0.000001 -0.000000 0.000000 -0.163716 0.004516 -0.030142 -0.522852 -27.323214 8.756569 -0.165715 0.002195 -0.189845 5.220011 -5.584096 6.860060 -0.134640 -0.191983 -0.128679 -14.431765 -3.399414 -9.908349 -0.011509 -0.048713 0.001674 -0.000002 0.000000 0.000000 -0.011701 -0.029588 -0.016302 -0.000001 0.000003 -0.000001 -0.018463 -0.075698 -0.024375 -0.000004 0.000003 -0.000000 -0.000000 -0.000000 -0.000000 -0.000001 -0.000000 0.000001 -0.108498 0.010680 -0.004987 -8.950229 -6.381049 1.215893 -0.042813 -0.034513 -0.413943 27.175482 -2.238431 -2.406865 -0.057838 0.011271 -0.433514 -28.096943 7.245561 2.043135 -0.014582 -0.140202 -0.044665 -0.000002 0.000001 -0.000000 0.352207 -0.331174 0.370911 -0.000000 0.000000 -0.000000 0.253490 -0.139412 0.043517 38.570300 51.595071 -0.000012 -0.275499 -0.250273 0.370911 -0.000000 0.000000 -0.000000 -0.232716 -0.461183 0.053609 -0.000001 -38.791356 0.000007 0.125668 -0.265692 -0.313595 -0.000000 0.000000 -0.000000 0.130146 -0.534334 -0.668620 -12.382659 0.000001 -9.258735 -0.113330 -0.268834 -0.313595 -0.000000 0.000000 -0.000000 -0.095191 -0.015211 -0.747160 -0.000001 -0.000001 -0.000000 
0.000000 -0.210014 0.052218 9.577158 0.000000 -0.000000 0.000000 -0.000000 -0.000000 -0.000001 0.000000 -0.000001 0.108498 0.010680 -0.004987 -51.910513 3.233828 -2.754348 0.042686 -0.033397 -0.412863 36.706249 4.702672 2.347132 0.051757 0.026022 -0.434841 -6.906977 -5.816532 -8.145475 0.014582 -0.140203 -0.041002 -0.000002 0.000001 0.000000 0.000000 0.031892 0.087417 -0.000003 0.000000 -0.000000 0.000000 -0.000295 0.129738 -0.000000 0.000000 -0.000000 0.000000 0.021603 0.135532 0.000003 0.000000 -0.000000 0.022776 -0.072500 0.132876 0.000001 0.000000 -0.000000 0.163716 0.004516 -0.030142 29.330304 23.861013 -1.254537 0.165715 0.002195 -0.189845 17.766840 8.169188 -9.106849 0.134640 -0.191983 -0.128679 -20.422447 16.986858 7.569700 0.001147 -0.048713 -0.006655 -0.000001 -0.000000 0.000003 0.011701 -0.029588 -0.016302 -0.000004 -0.000002 0.000000 0.018464 -0.075698 -0.024375 -0.000002 0.000004 0.000000 0.000000 -0.061697 0.207353 -0.000002 0.000000 -0.000000 0.000000 -0.018035 0.048318 -0.000003 0.000000 -0.000000 0.000000 -0.018035 0.048318 -0.000002 0.000000 -0.000000 -0.022776 -0.072500 0.132876 0.000001 -0.000000 0.000000 -0.163716 0.004516 -0.030142 -0.522852 -27.323214 8.756569 -0.165715 0.002195 -0.189845 5.220011 -5.584096 6.860060 -0.134640 -0.191983 -0.128679 -14.431765 -3.399414 -9.908349 -0.011509 -0.048713 0.001674 -0.000002 0.000000 0.000000 -0.011701 -0.029588 -0.016302 -0.000001 0.000003 -0.000001 -0.018463 -0.075698 -0.024375 -0.000004 0.000003 -0.000000 -0.000000 -0.000000 -0.000000 -0.000001 -0.000000 0.000001 -0.108498 0.010680 -0.004987 -8.950229 -6.381049 1.215893 -0.042813 -0.034513 -0.413943 27.175482 -2.238431 -2.406865 -0.057838 0.011271 -0.433514 -28.096943 7.245561 2.043135 -0.014582 -0.140202 -0.044665 -0.000002 0.000001 -0.000000 0.352207 -0.331174 0.370911 -0.000000 0.000000 -0.000000 0.253490 -0.139412 0.043517 38.570300 51.595071 -0.000012 -0.275499 -0.250273 0.370911 -0.000000 0.000000 -0.000000 -0.232716 -0.461183 0.053609 -0.000001 -38.791356 0.000007 0.125668 -0.265692 -0.313595 -0.000000 0.000000 -0.000000 0.130146 -0.534334 -0.668620 -12.382659 0.000001 -9.258735 -0.113330 -0.268834 -0.313595 -0.000000 0.000000 -0.000000 -0.095191 -0.015211 -0.747160 -0.000001 -0.000001 -0.000000 
0.000000 -0.210014 0.052218 9.577158 0.000000 -0.000000 0.000000 -0.000000 -0.000000 -0.000001 0.000000 -0.000001 0.108498 0.010680 -0.004987 -51.910513 3.233828 -2.754348 0.042686 -0.033397 -0.412863 36.706249 4.702672 2.347132 0.051757 0.026022 -0.434841 -6.906977 -5.816532 -8.145475 0.014582 -0.140203 -0.041002 -0.000002 0.000001 0.000000 0.000000 0.031892 0.087417 -0.000003 0.000000 -0.000000 0.000000 -0.000295 0.129738 -0.000000 0.000000 -0.000000 0.000000 0.021603 0.135532 0.000003 0.000000 -0.000000 0.022776 -0.072500 0.132876 0.000001 0.000000 -0.000000 0.163716 0.004516 -0.030142 29.330304 23.861013 -1.254537 0.165715 0.002195 -0.189845 17.766840 8.169188 -9.106849 0.134640 -0.191983 -0.128679 -20.422447 16.986858 7.569700 0.001147 -0.048713 -0.006655 -0.000001 -0.000000 0.000003 0.011701 -0.029588 -0.016302 -0.000004 -0.000002 0.000000 0.018464 -0.075698 -0.024375 -0.000002 0.000004 0.000000 0.000000 -0.061697 0.207353 -0.000002 0.000000 -0.000000 0.000000 -0.018035 0.048318 -0.000003 0.000000 -0.000000 0.000000 -0.018035 0.048318 -0.000002 0.000000 -0.000000 -0.022776 -0.072500 0.132876 0.000001 -0.000000 0.000000 -0.163716 0.004516 -0.030142 -0.522852 -27.323214 8.756569 -0.165715 0.002195 -0.189845 5.220011 -5.584096 6.860060 -0.134640 -0.191983 -0.128679 -14.431765 -3.399414 -9.908349 -0.011509 -0.048713 0.001674 -0.000002 0.000000 0.000000 -0.011701 -0.029588 -0.016302 -0.000001 0.000003 -0.000001 -0.018463 -0.075698 -0.024375 -0.000004 0.000003 -0.000000 -0.000000 -0.000000 -0.000000 -0.000001 -0.000000 0.000001 -0.108498 0.010680 -0.004987 -8.950229 -6.381049 1.215893 -0.042813 -0.034513 -0.413943 27.175482 -2.238431 -2.406865 -0.057838 0.011271 -0.433514 -28.096943 7.245561 2.043135 -0.014582 -0.140202 -0.044665 -0.000002 0.000001 -0.000000 0.352207 -0.331174 0.370911 -0.000000 0.000000 -0.000000 0.253490 -0.139412 0.043517 38.570300 51.595071 -0.000012 -0.275499 -0.250273 0.370911 -0.000000 0.000000 -0.000000 -0.232716 -0.461183 0.053609 -0.000001 -38.791356 0.000007 0.125668 -0.265692 -0.313595 -0.000000 0.000000 -0.000000 0.130146 -0.534334 -0.668620 -12.382659 0.000001 -9.258735 -0.113330 -0.268834 -0.313595 -0.000000 0.000000 -0.000000 -0.095191 -0.015211 -0.747160 -0.000001 -0.000001 -0.000000 
0.000000 -0.210014 0.052218 9.577158 0.000000 -0.000000 0.000000 -0.000000 -0.000000 -0.000001 0.000000 -0.000001 0.108498 0.010680 -0.004987 -51.910513 3.233828 -2.754348 0.042686 -0.033397 -0.412863 36.706249 4.702672 2.347132 0.051757 0.026022 -0.434841 -6.906977 -5.816532 -8.145475 0.014582 -0.140203 -0.041002 -0.000002 0.000001 0.000000 0.000000 0.031892 0.087417 -0.000003 0.000000 -0.000000 0.000000 -0.000295 0.129738 -0.000000 0.000000 -0.000000 0.000000 0.021603 0.135532 0.000003 0.000000 -0.000000 0.022776 -0.072500 0.132876 0.000001 0.000000 -0.000000 0.163716 0.004516 -0.030142 29.330304 23.861013 -1.254537 0.165715 0.002195 -0.189845 17.766840 8.169188 -9.106849 0.134640 -0.191983 -0.128679 -20.422447 16.986858 7.569700 0.001147 -0.048713 -0.006655 -0.000001 -0.000000 0.000003 0.011701 -0.029588 -0.016302 -0.000004 -0.000002 0.000000 0.018464 -0.075698 -0.024375 -0.000002 0.000004 0.000000 0.000000 -0.061697 0.207353 -0.000002 0.000000 -0.000000 0.000000 -0.018035 0.048318 -0.000003 0.000000 -0.000000 0.000000 -0.018035 0.048318 -0.000002 0.000000 -0.000000 -0.022776 -0.072500 0.132876 0.000001 -0.000000 0.000000 -0.163716 0.004516 -0.030142 -0.522852 -27.323214 8.756569 -0.165715 0.002195 -0.189845 5.220011 -5.584096 6.860060 -0.134640 -0.191983 -0.128679 -14.431765 -3.399414 -9.908349 -0.011509 -0.048713 0.001674 -0.000002 0.000000 0.000000 -0.011701 -0.029588 -0.016302 -0.000001 0.000003 -0.000001 -0.018463 -0.075698 -0.024375 -0.000004 0.000003 -0.000000 -0.000000 -0.000000 -0.000000 -0.000001 -0.000000 0.000001 -0.108498 0.010680 -0.004987 -8.950229 -6.381049 1.215893 -0.042813 -0.034513 -0.413943 27.175482 -2.238431 -2.406865 -0.057838 0.011271 -0.433514 -28.096943 7.245561 2.043135 -0.014582 -0.140202 -0.044665 -0.000002 0.000001 -0.000000 0.352207 -0.331174 0.370911 -0.000000 0.000000 -0.000000 0.253490 -0.139412 0.043517 38.570300 51.595071 -0.000012 -0.275499 -0.250273 0.370911 -0.000000 0.000000 -0.000000 -0.232716 -0.461183 0.053609 -0.000001 -38.791356 0.000007 0.125668 -0.265692 -0.313595 -0.000000 0.000000 -0.000000 0.130146 -0.534334 -0.668620 -12.382659 0.000001 -9.258735 -0.113330 -0.268834 -0.313595 -0.000000 0.000000 -0.000000 -0.095191 -0.015211 -0.747160 -0.000001 -0.000001 -0.000000 
0.000000 -0.210014 0.052218 9.577158 0.000000 -0.000000 0.000000 -0.000000 -0.000000 -0.000001 0.000000 -0.000001 0.108498 0.010680 -0.004987 -51.910513 3.233828 -2.754348 0.042686 -0.033397 -0.412863 36.706249 4.702672 2.347132 0.051757 0.026022 -0.434841 -6.906977 -5.816532 -8.145475 0.014582 -0.140203 -0.041002 -0.000002 0.000001 0.000000 0.000000 0.031892 0.087417 -0.000003 0.000000 -0.000000 0.000000 -0.000295 0.129738 -0.000000 0.000000 -0.000000 0.000000 0.021603 0.135532 0.000003 0.000000 -0.000000 0.022776 -0.072500 0.132876 0.000001 0.000000 -0.000000 0.163716 0.004516 -0.030142 29.330304 23.861013 -1.254537 0.165715 0.002195 -0.189845 17.766840 8.169188 -9.106849 0.134640 -0.191983 -0.128679 -20.422447 16.986858 7.569700 0.001147 -0.048713 -0.006655 -0.000001 -0.000000 0.000003 0.011701 -0.029588 -0.016302 -0.000004 -0.000002 0.000000 0.018464 -0.075698 -0.024375 -0.000002 0.000004 0.000000 0.000000 -0.061697 0.207353 -0.000002 0.000000 -0.000000 0.000000 -0.018035 0.048318 -0.000003 0.000000 -0.000000 0.000000 -0.018035 0.048318 -0.000002 0.000000 -0.000000 -0.022776 -0.072500 0.132876 0.000001 -0.000000 0.000000 -0.163716 0.004516 -0.030142 -0.522852 -27.323214 8.756569 -0.165715 0.002195 -0.189845 5.220011 -5.584096 6.860060 -0.134640 -0.191983 -0.128679 -14.431765 -3.399414 -9.908349 -0.011509 -0.048713 0.001674 -0.000002 0.000000 0.000000 -0.011701 -0.029588 -0.016302 -0.000001 0.000003 -0.000001 -0.018463 -0.075698 -0.024375 -0.000004 0.000003 -0.000000 -0.000000 -0.000000 -0.000000 -0.000001 -0.000000 0.000001 -0.108498 0.010680 -0.004987 -8.950229 -6.381049 1.215893 -0.042813 -0.034513 -0.413943 27.175482 -2.238431 -2.406865 -0.057838 0.011271 -0.433514 -28.096943 7.245561 2.043135 -0.014582 -0.140202 -0.044665 -0.000002 0.000001 -0.000000 0.352207 -0.331174 0.370911 -0.000000 0.000000 -0.000000 0.253490 -0.139412 0.043517 38.570300 51.595071 -0.000012 -0.275499 -0.250273 0.370911 -0.000000 0.000000 -0.000000 -0.232716 -0.461183 0.053609 -0.000001 -38.791356 0.000007 0.125668 -0.265692 -0.313595 -0.000000 0.000000 -0.000000 0.130146 -0.534334 -0.668620 -12.382659 0.000001 -9.258735 -0.113330 -0.268834 -0.313595 -0.000000 0.000000 -0.000000 -0.095191 -0.015211 -0.747160 -0.000001 -0.000001 -0.000000 
0.000000 -0.210014 0.052218 9.577158 0.000000 -0.000000 0.000000 -0.000000 -0.000000 -0.000001 0.000000 -0.000001 0.108498 0.010680 -0.004987 -51.910513 3.233828 -2.754348 0.042686 -0.033397 -0.412863 36.706249 4.702672 2.347132 0.051757 0.026022 -0.434841 -6.906977 -5.816532 -8.145475 0.014582 -0.140203 -0.041002 -0.000002 0.000001 0.000000 0.000000 0.031892 0.087417 -0.000003 0.000000 -0.000000 0.000000 -0.000295 0.129738 -0.000000 0.000000 -0.000000 0.000000 0.021603 0.135532 0.000003 0.000000 -0.000000 0.022776 -0.072500 0.132876 0.000001 0.000000 -0.000000 0.163716 0.004516 -0.030142 29.330304 23.861013 -1.254537 0.165715 0.002195 -0.189845 17.766840 8.169188 -9.106849 0.134640 -0.191983 -0.128679 -20.422447 16.986858 7.569700 0.001147 -0.048713 -0.006655 -0.000001 -0.000000 0.000003 0.011701 -0.029588 -0.016302 -0.000004 -0.000002 0.000000 0.018464 -0.075698 -0.024375 -0.000002 0.000004 0.000000 0.000000 -0.061697 0.207353 -0.000002 0.000000 -0.000000 0.000000 -0.018035 0.048318 -0.000003 0.000000 -0.000000 0.000000 -0.018035 0.048318 -0.000002 0.000000 -0.000000 -0.022776 -0.072500 0.132876 0.000001 -0.000000 0.000000 -0.163716 0.004516 -0.030142 -0.522852 -27.323214 8.756569 -0.165715 0.002195 -0.189845 5.220011 -5.584096 6.860060 -0.134640 -0.191983 -0.128679 -14.431765 -3.399414 -9.908349 -0.011509 -0.048713 0.001674 -0.000002 0.000000 0.000000 -0.011701 -0.029588 -0.016302 -0.000001 0.000003 -0.000001 -0.018463 -0.075698 -0.024375 -0.000004 0.000003 -0.000000 -0.000000 -0.000000 -0.000000 -0.000001 -0.000000 0.000001 -0.108498 0.010680 -0.004987 -8.950229 -6.381049 1.215893 -0.042813 -0.034513 -0.413943 27.175482 -2.238431 -2.406865 -0.057838 0.011271 -0.433514 -28.096943 7.245561 2.043135 -0.014582 -0.140202 -0.044665 -0.000002 0.000001 -0.000000 0.352207 -0.331174 0.370911 -0.000000 0.000000 -0.000000 0.253490 -0.139412 0.043517 38.570300 51.595071 -0.000012 -0.275499 -0.250273 0.370911 -0.000000 0.000000 -0.000000 -0.232716 -0.461183 0.053609 -0.000001 -38.791356 0.000007 0.125668 -0.265692 -0.313595 -0.000000 0.000000 -0.000000 0.130146 -0.534334 -0.668620 -12.382659 0.000001 -9.258735 -0.113330 -0.268834 -0.313595 -0.000000 0.000000 -0.000000 -0.095191 -0.015211 -0.747160 -0.000001 -0.000001 -0.000000 
0.000000 -0.210014 0.052218 9.577158 0.000000 -0.000000 0.000000 -0.000000 -0.000000 -0.000001 0.000000 -0.000001 0.108498 0.010680 -0.004987 -51.910513 3.233828 -2.754348 0.042686 -0.033397 -0.412863 36.706249 4.702672 2.347132 0.051757 0.026022 -0.434841 -6.906977 -5.816532 -8.145475 0.014582 -0.140203 -0.041002 -0.000002 0.000001 0.000000 0.000000 0.031892 0.087417 -0.000003 0.000000 -0.000000 0.000000 -0.000295 0.129738 -0.000000 0.000000 -0.000000 0.000000 0.021603 0.135532 0.000003 0.000000 -0.000000 0.022776 -0.072500 0.132876 0.000001 0.000000 -0.000000 0.163716 0.004516 -0.030142 29.330304 23.861013 -1.254537 0.165715 0.002195 -0.189845 17.766840 8.169188 -9.106849 0.134640 -0.191983 -0.128679 -20.422447 16.986858 7.569700 0.001147 -0.048713 -0.006655 -0.000001 -0.000000 0.000003 0.011701 -0.029588 -0.016302 -0.000004 -0.000002 0.000000 0.018464 -0.075698 -0.024375 -0.000002 0.000004 0.000000 0.000000 -0.061697 0.207353 -0.000002 0.000000 -0.000000 0.000000 -0.018035 0.048318 -0.000003 0.000000 -0.000000 0.000000 -0.018035 0.048318 -0.000002 0.000000 -0.000000 -0.022776 -0.072500 0.132876 0.000001 -0.000000 0.000000 -0.163716 0.004516 -0.030142 -0.522852 -27.323214 8.756569 -0.165715 0.002195 -0.189845 5.220011 -5.584096 6.860060 -0.134640 -0.191983 -0.128679 -14.431765 -3.399414 -9.908349 -0.011509 -0.048713 0.001674 -0.000002 0.000000 0.000000 -0.011701 -0.029588 -0.016302 -0.000001 0.000003 -0.000001 -0.018463 -0.075698 -0.024375 -0.000004 0.000003 -0.000000 -0.000000 -0.000000 -0.000000 -0.000001 -0.000000 0.000001 -0.108498 0.010680 -0.004987 -8.950229 -6.381049 1.215893 -0.042813 -0.034513 -0.413943 27.175482 -2.238431 -2.406865 -0.057838 0.011271 -0.433514 -28.096943 7.245561 2.043135 -0.014582 -0.140202 -0.044665 -0.000002 0.000001 -0.000000 0.352207 -0.331174 0.370911 -0.000000 0.000000 -0.000000 0.253490 -0.139412 0.043517 38.570300 51.595071 -0.000012 -0.275499 -0.250273 0.370911 -0.000000 0.000000 -0.000000 -0.232716 -0.461183 0.053609 -0.000001 -38.791356 0.000007 0.125668 -0.265692 -0.313595 -0.000000 0.000000 -0.000000 0.130146 -0.534334 -0.668620 -12.382659 0.000001 -9.258735 -0.113330 -0.268834 -0.313595 -0.000000 0.000000 -0.000000 -0.095191 -0.015211 -0.747160 -0.000001 -0.000001 -0.000000 
0.000000 -0.210014 0.052218 9.577158 0.000000 -0.000000 0.000000 -0.000000 -0.000000 -0.000001 0.000000 -0.000001 0.108498 0.010680 -0.004987 -51.910513 3.233828 -2.754348 0.042686 -0.033397 -0.412863 36.706249 4.702672 2.347132 0.051757 0.026022 -0.434841 -6.906977 -5.816532 -8.145475 0.014582 -0.140203 -0.041002 -0.000002 0.000001 0.000000 0.000000 0.031892 0.087417 -0.000003 0.000000 -0.000000 0.000000 -0.000295 0.129738 -0.000000 0.000000 -0.000000 0.000000 0.021603 0.135532 0.000003 0.000000 -0.000000 0.022776 -0.072500 0.132876 0.000001 0.000000 -0.000000 0.163716 0.004516 -0.030142 29.330304 23.861013 -1.254537 0.165715 0.002195 -0.189845 17.766840 8.169188 -9.106849 0.134640 -0.191983 -0.128679 -20.422447 16.986858 7.569700 0.001147 -0.048713 -0.006655 -0.000001 -0.000000 0.000003 0.011701 -0.029588 -0.016302 -0.000004 -0.000002 0.000000 0.018464 -0.075698 -0.024375 -0.000002 0.000004 0.000000 0.000000 -0.061697 0.207353 -0.000002 0.000000 -0.000000 0.000000 -0.018035 0.048318 -0.000003 0.000000 -0.000000 0.000000 -0.018035 0.048318 -0.000002 0.000000 -0.000000 -0.022776 -0.072500 0.132876 0.000001 -0.000000 0.000000 -0.163716 0.004516 -0.030142 -0.522852 -27.323214 8.756569 -0.165715 0.002195 -0.189845 5.220011 -5.584096 6.860060 -0.134640 -0.191983 -0.128679 -14.431765 -3.399414 -9.908349 -0.011509 -0.048713 0.001674 -0.000002 0.000000 0.000000 -0.011701 -0.029588 -0.016302 -0.000001 0.000003 -0.000001 -0.018463 -0.075698 -0.024375 -0.000004 0.000003 -0.000000 -0.000000 -0.000000 -0.000000 -0.000001 -0.000000 0.000001 -0.108498 0.010680 -0.004987 -8.950229 -6.381049 1.215893 -0.042813 -0.034513 -0.413943 27.175482 -2.238431 -2.406865 -0.057838 0.011271 -0.433514 -28.096943 7.245561 2.043135 -0.014582 -0.140202 -0.044665 -0.000002 0.000001 -0.000000 0.352207 -0.331174 0.370911 -0.000000 0.000000 -0.000000 0.253490 -0.139412 0.043517 38.570300 51.595071 -0.000012 -0.275499 -0.250273 0.370911 -0.000000 0.000000 -0.000000 -0.232716 -0.461183 0.053609 -0.000001 -38.791356 0.000007 0.125668 -0.265692 -0.313595 -0.000000 0.000000 -0.000000 0.130146 -0.534334 -0.668620 -12.382659 0.000001 -9.258735 -0.113330 -0.268834 -0.313595 -0.000000 0.000000 -0.000000 -0.095191 -0.015211 -0.747160 -0.000001 -0.000001 -0.000000 
0.000000 -0.210014 0.052218 9.577158 0.000000 -0.000000 0.000000 -0.000000 -0.000000 -0.000001 0.000000 -0.000001 0.108498 0.010680 -0.004987 -51.910513 3.233828 -2.754348 0.042686 -0.033397 -0.412863 36.706249 4.702672 2.347132 0.051757 0.026022 -0.434841 -6.906977 -5.816532 -8.145475 0.014582 -0.140203 -0.041002 -0.000002 0.000001 0.000000 0.000000 0.031892 0.087417 -0.000003 0.000000 -0.000000 0.000000 -0.000295 0.129738 -0.000000 0.000000 -0.000000 0.000000 0.021603 0.135532 0.000003 0.000000 -0.000000 0.022776 -0.072500 0.132876 0.000001 0.000000 -0.000000 0.163716 0.004516 -0.030142 29.330304 23.861013 -1.254537 0.165715 0.002195 -0.189845 17.766840 8.169188 -9.106849 0.134640 -0.191983 -0.128679 -20.422447 16.986858 7.569700 0.001147 -0.048713 -0.006655 -0.000001 -0.000000 0.000003 0.011701 -0.029588 -0.016302 -0.000004 -0.000002 0.000000 0.018464 -0.075698 -0.024375 -0.000002 0.000004 0.000000 0.000000 -0.061697 0.207353 -0.000002 0.000000 -0.000000 0.000000 -0.018035 0.048318 -0.000003 0.000000 -0.000000 0.000000 -0.018035 0.048318 -0.000002 0.000000 -0.000000 -0.022776 -0.072500 0.132876 0.000001 -0.000000 0.000000 -0.163716 0.004516 -0.030142 -0.522852 -27.323214 8.756569 -0.165715 0.002195 -0.189845 5.220011 -5.584096 6.860060 -0.134640 -0.191983 -0.128679 -14.431765 -3.399414 -9.908349 -0.011509 -0.048713 0.001674 -0.000002 0.000000 0.000000 -0.011701 -0.029588 -0.016302 -0.000001 0.000003 -0.000001 -0.018463 -0.075698 -0.024375 -0.000004 0.000003 -0.000000 -0.000000 -0.000000 -0.000000 -0.000001 -0.000000 0.000001 -0.108498 0.010680 -0.004987 -8.950229 -6.381049 1.215893 -0.042813 -0.034513 -0.413943 27.175482 -2.238431 -2.406865 -0.057838 0.011271 -0.433514 -28.096943 7.245561 2.043135 -0.014582 -0.140202 -0.044665 -0.000002 0.000001 -0.000000 0.352207 -0.331174 0.370911 -0.000000 0.000000 -0.000000 0.253490 -0.139412 0.043517 38.570300 51.595071 -0.000012 -0.275499 -0.250273 0.370911 -0.000000 0.000000 -0.000000 -0.232716 -0.461183 0.053609 -0.000001 -38.791356 0.000007 0.125668 -0.265692 -0.313595 -0.000000 0.000000 -0.000000 0.130146 -0.534334 -0.668620 -12.382659 0.000001 -9.258735 -0.113330 -0.268834 -0.313595 -0.000000 0.000000 -0.000000 -0.095191 -0.015211 -0.747160 -0.000001 -0.000001 -0.000000 
0.000000 -0.210014 0.052218 9.577158 0.000000 -0.000000 0.000000 -0.000000 -0.000000 -0.000001 0.000000 -0.000001 0.108498 0.010680 -0.004987 -51.910513 3.233828 -2.754348 0.042686 -0.033397 -0.412863 36.706249 4.702672 2.347132 0.051757 0.026022 -0.434841 -6.906977 -5.816532 -8.145475 0.014582 -0.140203 -0.041002 -0.000002 0.000001 0.000000 0.000000 0.031892 0.087417 -0.000003 0.000000 -0.000000 0.000000 -0.000295 0.129738 -0.000000 0.000000 -0.000000 0.000000 0.021603 0.135532 0.000003 0.000000 -0.000000 0.022776 -0.072500 0.132876 0.000001 0.000000 -0.000000 0.163716 0.004516 -0.030142 29.330304 23.861013 -1.254537 0.165715 0.002195 -0.189845 17.766840 8.169188 -9.106849 0.134640 -0.191983 -0.128679 -20.422447 16.986858 7.569700 0.001147 -0.048713 -0.006655 -0.000001 -0.000000 0.000003 0.011701 -0.029588 -0.016302 -0.000004 -0.000002 0.000000 0.018464 -0.075698 -0.024375 -0.000002 0.000004 0.000000 0.000000 -0.061697 0.207353 -0.000002 0.000000 -0.000000 0.000000 -0.018035 0.048318 -0.000003 0.000000 -0.000000 0.000000 -0.018035 0.048318 -0.000002 0.000000 -0.000000 -0.022776 -0.072500 0.132876 0.000001 -0.000000 0.000000 -0.163716 0.004516 -0.030142 -0.522852 -27.323214 8.756569 -0.165715 0.002195 -0.189845 5.220011 -5.584096 6.860060 -0.134640 -0.191983 -0.128679 -14.431765 -3.399414 -9.908349 -0.011509 -0.048713 0.001674 -0.000002 0.000000 0.000000 -0.011701 -0.029588 -0.016302 -0.000001 0.000003 -0.000001 -0.018463 -0.075698 -0.024375 -0.000004 0.000003 -0.000000 -0.000000 -0.000000 -0.000000 -0.000001 -0.000000 0.000001 -0.108498 0.010680 -0.004987 -8.950229 -6.381049 1.215893 -0.042813 -0.034513 -0.413943 27.175482 -2.238431 -2.406865 -0.057838 0.011271 -0.433514 -28.096943 7.245561 2.043135 -0.014582 -0.140202 -0.044665 -0.000002 0.000001 -0.000000 0.352207 -0.331174 0.370911 -0.000000 0.000000 -0.000000 0.253490 -0.139412 0.043517 38.570300 51.595071 -0.000012 -0.275499 -0.250273 0.370911 -0.000000 0.000000 -0.000000 -0.232716 -0.461183 0.053609 -0.000001 -38.791356 0.000007 0.125668 -0.265692 -0.313595 -0.000000 0.000000 -0.000000 0.130146 -0.534334 -0.668620 -12.382659 0.000001 -9.258735 -0.113330 -0.268834 -0.313595 -0.000000 0.000000 -0.000000 -0.095191 -0.015211 -0.747160 -0.000001 -0.000001 -0.000000 
0.000000 -0.210014 0.052218 9.577158 0.000000 -0.000000 0.000000 -0.000000 -0.000000 -0.000001 0.000000 -0.000001 0.108498 0.010680 -0.004987 -51.910513 3.233828 -2.754348 0.042686 -0.033397 -0.412863 36.706249 4.702672 2.347132 0.051757 0.026022 -0.434841 -6.906977 -5.816532 -8.145475 0.014582 -0.140203 -0.041002 -0.000002 0.000001 0.000000 0.000000 0.031892 0.087417 -0.000003 0.000000 -0.000000 0.000000 -0.000295 0.129738 -0.000000 0.000000 -0.000000 0.000000 0.021603 0.135532 0.000003 0.000000 -0.000000 0.022776 -0.072500 0.132876 0.000001 0.000000 -0.000000 0.163716 0.004516 -0.030142 29.330304 23.861013 -1.254537 0.165715 0.002195 -0.189845 17.766840 8.169188 -9.106849 0.134640 -0.191983 -0.128679 -20.422447 16.986858 7.569700 0.001147 -0.048713 -0.006655 -0.000001 -0.000000 0.000003 0.011701 -0.029588 -0.016302 -0.000004 -0.000002 0.000000 0.018464 -0.075698 -0.024375 -0.000002 0.000004 0.000000 0.000000 -0.061697 0.207353 -0.000002 0.000000 -0.000000 0.000000 -0.018035 0.048318 -0.000003 0.000000 -0.000000 0.000000 -0.018035 0.048318 -0.000002 0.000000 -0.000000 -0.022776 -0.072500 0.132876 0.000001 -0.000000 0.000000 -0.163716 0.004516 -0.030142 -0.522852 -27.323214 8.756569 -0.165715 0.002195 -0.189845 5.220011 -5.584096 6.860060 -0.134640 -0.191983 -0.128679 -14.431765 -3.399414 -9.908349 -0.011509 -0.048713 0.001674 -0.000002 0.000000 0.000000 -0.011701 -0.029588 -0.016302 -0.000001 0.000003 -0.000001 -0.018463 -0.075698 -0.024375 -0.000004 0.000003 -0.000000 -0.000000 -0.000000 -0.000000 -0.000001 -0.000000 0.000001 -0.108498 0.010680 -0.004987 -8.950229 -6.381049 1.215893 -0.042813 -0.034513 -0.413943 27.175482 -2.238431 -2.406865 -0.057838 0.011271 -0.433514 -28.096943 7.245561 2.043135 -0.014582 -0.140202 -0.044665 -0.000002 0.000001 -0.000000 0.352207 -0.331174 0.370911 -0.000000 0.000000 -0.000000 0.253490 -0.139412 0.043517 38.570300 51.595071 -0.000012 -0.275499 -0.250273 0.370911 -0.000000 0.000000 -0.000000 -0.232716 -0.461183 0.053609 -0.000001 -38.791356 0.000007 0.125668 -0.265692 -0.313595 -0.000000 0.000000 -0.000000 0.130146 -0.534334 -0.668620 -12.382659 0.000001 -9.258735 -0.113330 -0.268834 -0.313595 -0.000000 0.000000 -0.000000 -0.095191 -0.015211 -0.747160 -0.000001 -0.000001 -0.000000 
0.000000 -0.210014 0.052218 9.577158 0.000000 -0.000000 0.000000 -0.000000 -0.000000 -0.000001 0.000000 -0.000001 0.108498 0.010680 -0.004987 -51.910513 3.233828 -2.754348 0.042686 -0.033397 -0.412863 36.706249 4.702672 2.347132 0.051757 0.026022 -0.434841 -6.906977 -5.816532 -8.145475 0.014582 -0.140203 -0.041002 -0.000002 0.000001 0.000000 0.000000 0.031892 0.087417 -0.000003 0.000000 -0.000000 0.000000 -0.000295 0.129738 -0.000000 0.000000 -0.000000 0.000000 0.021603 0.135532 0.000003 0.000000 -0.000000 0.022776 -0.072500 0.132876 0.000001 0.000000 -0.000000 0.163716 0.004516 -0.030142 29.330304 23.861013 -1.254537 0.165715 0.002195 -0.189845 17.766840 8.169188 -9.106849 0.134640 -0.191983 -0.128679 -20.422447 16.986858 7.569700 0.001147 -0.048713 -0.006655 -0.000001 -0.000000 0.000003 0.011701 -0.029588 -0.016302 -0.000004 -0.000002 0.000000 0.018464 -0.075698 -0.024375 -0.000002 0.000004 0.000000 0.000000 -0.061697 0.207353 -0.000002 0.000000 -0.000000 0.000000 -0.018035 0.048318 -0.000003 0.000000 -0.000000 0.000000 -0.018035 0.048318 -0.000002 0.000000 -0.000000 -0.022776 -0.072500 0.132876 0.000001 -0.000000 0.000000 -0.163716 0.004516 -0.030142 -0.522852 -27.323214 8.756569 -0.165715 0.002195 -0.189845 5.220011 -5.584096 6.860060 -0.134640 -0.191983 -0.128679 -14.431765 -3.399414 -9.908349 -0.011509 -0.048713 0.001674 -0.000002 0.000000 0.000000 -0.011701 -0.029588 -0.016302 -0.000001 0.000003 -0.000001 -0.018463 -0.075698 -0.024375 -0.000004 0.000003 -0.000000 -0.000000 -0.000000 -0.000000 -0.000001 -0.000000 0.000001 -0.108498 0.010680 -0.004987 -8.950229 -6.381049 1.215893 -0.042813 -0.034513 -0.413943 27.175482 -2.238431 -2.406865 -0.057838 0.011271 -0.433514 -28.096943 7.245561 2.043135 -0.014582 -0.140202 -0.044665 -0.000002 0.000001 -0.000000 0.352207 -0.331174 0.370911 -0.000000 0.000000 -0.000000 0.253490 -0.139412 0.043517 38.570300 51.595071 -0.000012 -0.275499 -0.250273 0.370911 -0.000000 0.000000 -0.000000 -0.232716 -0.461183 0.053609 -0.000001 -38.791356 0.000007 0.125668 -0.265692 -0.313595 -0.000000 0.000000 -0.000000 0.130146 -0.534334 -0.668620 -12.382659 0.000001 -9.258735 -0.113330 -0.268834 -0.313595 -0.000000 0.000000 -0.000000 -0.095191 -0.015211 -0.747160 -0.000001 -0.000001 -0.000000 
0.000000 -0.210014 0.052218 9.577158 0.000000 -0.000000 0.000000 -0.000000 -0.000000 -0.000001 0.000000 -0.000001 0.108498 0.010680 -0.004987 -51.910513 3.233828 -2.754348 0.042686 -0.033397 -0.412863 36.706249 4.702672 2.347132 0.051757 0.026022 -0.434841 -6.906977 -5.816532 -8.145475 0.014582 -0.140203 -0.041002 -0.000002 0.000001 0.000000 0.000000 0.031892 0.087417 -0.000003 0.000000 -0.000000 0.000000 -0.000295 0.129738 -0.000000 0.000000 -0.000000 0.000000 0.021603 0.135532 0.000003 0.000000 -0.000000 0.022776 -0.072500 0.132876 0.000001 0.000000 -0.000000 0.163716 0.004516 -0.030142 29.330304 23.861013 -1.254537 0.165715 0.002195 -0.189845 17.766840 8.169188 -9.106849 0.134640 -0.191983 -0.128679 -20.422447 16.986858 7.569700 0.001147 -0.048713 -0.006655 -0.000001 -0.000000 0.000003 0.011701 -0.029588 -0.016302 -0.000004 -0.000002 0.000000 0.018464 -0.075698 -0.024375 -0.000002 0.000004 0.000000 0.000000 -0.061697 0.207353 -0.000002 0.000000 -0.000000 0.000000 -0.018035 0.048318 -0.000003 0.000000 -0.000000 0.000000 -0.018035 0.048318 -0.000002 0.000000 -0.000000 -0.022776 -0.072500 0.132876 0.000001 -0.000000 0.000000 -0.163716 0.004516 -0.030142 -0.522852 -27.323214 8.756569 -0.165715 0.002195 -0.189845 5.220011 -5.584096 6.860060 -0.134640 -0.191983 -0.128679 -14.431765 -3.399414 -9.908349 -0.011509 -0.048713 0.001674 -0.000002 0.000000 0.000000 -0.011701 -0.029588 -0.016302 -0.000001 0.000003 -0.000001 -0.018463 -0.075698 -0.024375 -0.000004 0.000003 -0.000000 -0.000000 -0.000000 -0.000000 -0.000001 -0.000000 0.000001 -0.108498 0.010680 -0.004987 -8.950229 -6.381049 1.215893 -0.042813 -0.034513 -0.413943 27.175482 -2.238431 -2.406865 -0.057838 0.011271 -0.433514 -28.096943 7.245561 2.043135 -0.014582 -0.140202 -0.044665 -0.000002 0.000001 -0.000000 0.352207 -0.331174 0.370911 -0.000000 0.000000 -0.000000 0.253490 -0.139412 0.043517 38.570300 51.595071 -0.000012 -0.275499 -0.250273 0.370911 -0.000000 0.000000 -0.000000 -0.232716 -0.461183 0.053609 -0.000001 -38.791356 0.000007 0.125668 -0.265692 -0.313595 -0.000000 0.000000 -0.000000 0.130146 -0.534334 -0.668620 -12.382659 0.000001 -9.258735 -0.113330 -0.268834 -0.313595 -0.000000 0.000000 -0.000000 -0.095191 -0.015211 -0.747160 -0.000001 -0.000001 -0.000000 
0.000000 -0.210014 0.052218 9.577158 0.000000 -0.000000 0.000000 -0.000000 -0.000000 -0.000001 0.000000 -0.000001 0.108498 0.010680 -0.004987 -51.910513 3.233828 -2.754348 0.042686 -0.033397 -0.412863 36.706249 4.702672 2.347132 0.051757 0.026022 -0.434841 -6.906977 -5.816532 -8.145475 0.014582 -0.140203 -0.041002 -0.000002 0.000001 0.000000 0.000000 0.031892 0.087417 -0.000003 0.000000 -0.000000 0.000000 -0.000295 0.129738 -0.000000 0.000000 -0.000000 0.000000 0.021603 0.135532 0.000003 0.000000 -0.000000 0.022776 -0.072500 0.132876 0.000001 0.000000 -0.000000 0.163716 0.004516 -0.030142 29.330304 23.861013 -1.254537 0.165715 0.002195 -0.189845 17.766840 8.169188 -9.106849 0.134640 -0.191983 -0.128679 -20.422447 16.986858 7.569700 0.001147 -0.048713 -0.006655 -0.000001 -0.000000 0.000003 0.011701 -0.029588 -0.016302 -0.000004 -0.000002 0.000000 0.018464 -0.075698 -0.024375 -0.000002 0.000004 0.000000 0.000000 -0.061697 0.207353 -0.000002 0.000000 -0.000000 0.000000 -0.018035 0.048318 -0.000003 0.000000 -0.000000 0.000000 -0.018035 0.048318 -0.000002 0.000000 -0.000000 -0.022776 -0.072500 0.132876 0.000001 -0.000000 0.000000 -0.163716 0.004516 -0.030142 -0.522852 -27.323214 8.756569 -0.165715 0.002195 -0.189845 5.220011 -5.584096 6.860060 -0.134640 -0.191983 -0.128679 -14.431765 -3.399414 -9.908349 -0.011509 -0.048713 0.001674 -0.000002 0.000000 0.000000 -0.011701 -0.029588 -0.016302 -0.000001 0.000003 -0.000001 -0.018463 -0.075698 -0.024375 -0.000004 0.000003 -0.000000 -0.000000 -0.000000 -0.000000 -0.000001 -0.000000 0.000001 -0.108498 0.010680 -0.004987 -8.950229 -6.381049 1.215893 -0.042813 -0.034513 -0.413943 27.175482 -2.238431 -2.406865 -0.057838 0.011271 -0.433514 -28.096943 7.245561 2.043135 -0.014582 -0.140202 -0.044665 -0.000002 0.000001 -0.000000 0.352207 -0.331174 0.370911 -0.000000 0.000000 -0.000000 0.253490 -0.139412 0.043517 38.570300 51.595071 -0.000012 -0.275499 -0.250273 0.370911 -0.000000 0.000000 -0.000000 -0.232716 -0.461183 0.053609 -0.000001 -38.791356 0.000007 0.125668 -0.265692 -0.313595 -0.000000 0.000000 -0.000000 0.130146 -0.534334 -0.668620 -12.382659 0.000001 -9.258735 -0.113330 -0.268834 -0.313595 -0.000000 0.000000 -0.000000 -0.095191 -0.015211 -0.747160 -0.000001 -0.000001 -0.000000 
0.000000 -0.210014 0.052218 9.577158 0.000000 -0.000000 0.000000 -0.000000 -0.000000 -0.000001 0.000000 -0.000001 0.108498 0.010680 -0.004987 -51.910513 3.233828 -2.754348 0.042686 -0.033397 -0.412863 36.706249 4.702672 2.347132 0.051757 0.026022 -0.434841 -6.906977 -5.816532 -8.145475 0.014582 -0.140203 -0.041002 -0.000002 0.000001 0.000000 0.000000 0.031892 0.087417 -0.000003 0.000000 -0.000000 0.000000 -0.000295 0.129738 -0.000000 0.000000 -0.000000 0.000000 0.021603 0.135532 0.000003 0.000000 -0.000000 0.022776 -0.072500 0.132876 0.000001 0.000000 -0.000000 0.163716 0.004516 -0.030142 29.330304 23.861013 -1.254537 0.165715 0.002195 -0.189845 17.766840 8.169188 -9.106849 0.134640 -0.191983 -0.128679 -20.422447 16.986858 7.569700 0.001147 -0.048713 -0.006655 -0.000001 -0.000000 0.000003 0.011701 -0.029588 -0.016302 -0.000004 -0.000002 0.000000 0.018464 -0.075698 -0.024375 -0.000002 0.000004 0.000000 0.000000 -0.061697 0.207353 -0.000002 0.000000 -0.000000 0.000000 -0.018035 0.048318 -0.000003 0.000000 -0.000000 0.000000 -0.018035 0.048318 -0.000002 0.000000 -0.000000 -0.022776 -0.072500 0.132876 0.000001 -0.000000 0.000000 -0.163716 0.004516 -0.030142 -0.522852 -27.323214 8.756569 -0.165715 0.002195 -0.189845 5.220011 -5.584096 6.860060 -0.134640 -0.191983 -0.128679 -14.431765 -3.399414 -9.908349 -0.011509 -0.048713 0.001674 -0.000002 0.000000 0.000000 -0.011701 -0.029588 -0.016302 -0.000001 0.000003 -0.000001 -0.018463 -0.075698 -0.024375 -0.000004 0.000003 -0.000000 -0.000000 -0.000000 -0.000000 -0.000001 -0.000000 0.000001 -0.108498 0.010680 -0.004987 -8.950229 -6.381049 1.215893 -0.042813 -0.034513 -0.413943 27.175482 -2.238431 -2.406865 -0.057838 0.011271 -0.433514 -28.096943 7.245561 2.043135 -0.014582 -0.140202 -0.044665 -0.000002 0.000001 -0.000000 0.352207 -0.331174 0.370911 -0.000000 0.000000 -0.000000 0.253490 -0.139412 0.043517 38.570300 51.595071 -0.000012 -0.275499 -0.250273 0.370911 -0.000000 0.000000 -0.000000 -0.232716 -0.461183 0.053609 -0.000001 -38.791356 0.000007 0.125668 -0.265692 -0.313595 -0.000000 0.000000 -0.000000 0.130146 -0.534334 -0.668620 -12.382659 0.000001 -9.258735 -0.113330 -0.268834 -0.313595 -0.000000 0.000000 -0.000000 -0.095191 -0.015211 -0.747160 -0.000001 -0.000001 -0.000000 
0.000000 -0.210014 0.052218 9.577158 0.000000 -0.000000 0.000000 -0.000000 -0.000000 -0.000001 0.000000 -0.000001 0.108498 0.010680 -0.004987 -51.910513 3.233828 -2.754348 0.042686 -0.033397 -0.412863 36.706249 4.702672 2.347132 0.051757 0.026022 -0.434841 -6.906977 -5.816532 -8.145475 0.014582 -0.140203 -0.041002 -0.000002 0.000001 0.000000 0.000000 0.031892 0.087417 -0.000003 0.000000 -0.000000 0.000000 -0.000295 0.129738 -0.000000 0.000000 -0.000000 0.000000 0.021603 0.135532 0.000003 0.000000 -0.000000 0.022776 -0.072500 0.132876 0.000001 0.000000 -0.000000 0.163716 0.004516 -0.030142 29.330304 23.861013 -1.254537 0.165715 0.002195 -0.189845 17.766840 8.169188 -9.106849 0.134640 -0.191983 -0.128679 -20.422447 16.986858 7.569700 0.001147 -0.048713 -0.006655 -0.000001 -0.000000 0.000003 0.011701 -0.029588 -0.016302 -0.000004 -0.000002 0.000000 0.018464 -0.075698 -0.024375 -0.000002 0.000004 0.000000 0.000000 -0.061697 0.207353 -0.000002 0.000000 -0.000000 0.000000 -0.018035 0.048318 -0.000003 0.000000 -0.000000 0.000000 -0.018035 0.048318 -0.000002 0.000000 -0.000000 -0.022776 -0.072500 0.132876 0.000001 -0.000000 0.000000 -0.163716 0.004516 -0.030142 -0.522852 -27.323214 8.756569 -0.165715 0.002195 -0.189845 5.220011 -5.584096 6.860060 -0.134640 -0.191983 -0.128679 -14.431765 -3.399414 -9.908349 -0.011509 -0.048713 0.001674 -0.000002 0.000000 0.000000 -0.011701 -0.029588 -0.016302 -0.000001 0.000003 -0.000001 -0.018463 -0.075698 -0.024375 -0.000004 0.000003 -0.000000 -0.000000 -0.000000 -0.000000 -0.000001 -0.000000 0.000001 -0.108498 0.010680 -0.004987 -8.950229 -6.381049 1.215893 -0.042813 -0.034513 -0.413943 27.175482 -2.238431 -2.406865 -0.057838 0.011271 -0.433514 -28.096943 7.245561 2.043135 -0.014582 -0.140202 -0.044665 -0.000002 0.000001 -0.000000 0.352207 -0.331174 0.370911 -0.000000 0.000000 -0.000000 0.253490 -0.139412 0.043517 38.570300 51.595071 -0.000012 -0.275499 -0.250273 0.370911 -0.000000 0.000000 -0.000000 -0.232716 -0.461183 0.053609 -0.000001 -38.791356 0.000007 0.125668 -0.265692 -0.313595 -0.000000 0.000000 -0.000000 0.130146 -0.534334 -0.668620 -12.382659 0.000001 -9.258735 -0.113330 -0.268834 -0.313595 -0.000000 0.000000 -0.000000 -0.095191 -0.015211 -0.747160 -0.000001 -0.000001 -0.000000 
0.000000 -0.210014 0.052218 9.577158 0.000000 -0.000000 0.000000 -0.000000 -0.000000 -0.000001 0.000000 -0.000001 0.108498 0.010680 -0.004987 -51.910513 3.233828 -2.754348 0.042686 -0.033397 -0.412863 36.706249 4.702672 2.347132 0.051757 0.026022 -0.434841 -6.906977 -5.816532 -8.145475 0.014582 -0.140203 -0.041002 -0.000002 0.000001 0.000000 0.000000 0.031892 0.087417 -0.000003 0.000000 -0.000000 0.000000 -0.000295 0.129738 -0.000000 0.000000 -0.000000 0.000000 0.021603 0.135532 0.000003 0.000000 -0.000000 0.022776 -0.072500 0.132876 0.000001 0.000000 -0.000000 0.163716 0.004516 -0.030142 29.330304 23.861013 -1.254537 0.165715 0.002195 -0.189845 17.766840 8.169188 -9.106849 0.134640 -0.191983 -0.128679 -20.422447 16.986858 7.569700 0.001147 -0.048713 -0.006655 -0.000001 -0.000000 0.000003 0.011701 -0.029588 -0.016302 -0.000004 -0.000002 0.000000 0.018464 -0.075698 -0.024375 -0.000002 0.000004 0.000000 0.000000 -0.061697 0.207353 -0.000002 0.000000 -0.000000 0.000000 -0.018035 0.048318 -0.000003 0.000000 -0.000000 0.000000 -0.018035 0.048318 -0.000002 0.000000 -0.000000 -0.022776 -0.072500 0.132876 0.000001 -0.000000 0.000000 -0.163716 0.004516 -0.030142 -0.522852 -27.323214 8.756569 -0.165715 0.002195 -0.189845 5.220011 -5.584096 6.860060 -0.134640 -0.191983 -0.128679 -14.431765 -3.399414 -9.908349 -0.011509 -0.048713 0.001674 -0.000002 0.000000 0.000000 -0.011701 -0.029588 -0.016302 -0.000001 0.000003 -0.000001 -0.018463 -0.075698 -0.024375 -0.000004 0.000003 -0.000000 -0.000000 -0.000000 -0.000000 -0.000001 -0.000000 0.000001 -0.108498 0.010680 -0.004987 -8.950229 -6.381049 1.215893 -0.042813 -0.034513 -0.413943 27.175482 -2.238431 -2.406865 -0.057838 0.011271 -0.433514 -28.096943 7.245561 2.043135 -0.014582 -0.140202 -0.044665 -0.000002 0.000001 -0.000000 0.352207 -0.331174 0.370911 -0.000000 0.000000 -0.000000 0.253490 -0.139412 0.043517 38.570300 51.595071 -0.000012 -0.275499 -0.250273 0.370911 -0.000000 0.000000 -0.000000 -0.232716 -0.461183 0.053609 -0.000001 -38.791356 0.000007 0.125668 -0.265692 -0.313595 -0.000000 0.000000 -0.000000 0.130146 -0.534334 -0.668620 -12.382659 0.000001 -9.258735 -0.113330 -0.268834 -0.313595 -0.000000 0.000000 -0.000000 -0.095191 -0.015211 -0.747160 -0.000001 -0.000001 -0.000000 
0.000000 -0.210014 0.052218 9.577158 0.000000 -0.000000 0.000000 -0.000000 -0.000000 -0.000001 0.000000 -0.000001 0.108498 0.010680 -0.004987 -51.910513 3.233828 -2.754348 0.042686 -0.033397 -0.412863 36.706249 4.702672 2.347132 0.051757 0.026022 -0.434841 -6.906977 -5.816532 -8.145475 0.014582 -0.140203 -0.041002 -0.000002 0.000001 0.000000 0.000000 0.031892 0.087417 -0.000003 0.000000 -0.000000 0.000000 -0.000295 0.129738 -0.000000 0.000000 -0.000000 0.000000 0.021603 0.135532 0.000003 0.000000 -0.000000 0.022776 -0.072500 0.132876 0.000001 0.000000 -0.000000 0.163716 0.004516 -0.030142 29.330304 23.861013 -1.254537 0.165715 0.002195 -0.189845 17.766840 8.169188 -9.106849 0.134640 -0.191983 -0.128679 -20.422447 16.986858 7.569700 0.001147 -0.048713 -0.006655 -0.000001 -0.000000 0.000003 0.011701 -0.029588 -0.016302 -0.000004 -0.000002 0.000000 0.018464 -0.075698 -0.024375 -0.000002 0.000004 0.000000 0.000000 -0.061697 0.207353 -0.000002 0.000000 -0.000000 0.000000 -0.018035 0.048318 -0.000003 0.000000 -0.000000 0.000000 -0.018035 0.048318 -0.000002 0.000000 -0.000000 -0.022776 -0.072500 0.132876 0.000001 -0.000000 0.000000 -0.163716 0.004516 -0.030142 -0.522852 -27.323214 8.756569 -0.165715 0.002195 -0.189845 5.220011 -5.584096 6.860060 -0.134640 -0.191983 -0.128679 -14.431765 -3.399414 -9.908349 -0.011509 -0.048713 0.001674 -0.000002 0.000000 0.000000 -0.011701 -0.029588 -0.016302 -0.000001 0.000003 -0.000001 -0.018463 -0.075698 -0.024375 -0.000004 0.000003 -0.000000 -0.000000 -0.000000 -0.000000 -0.000001 -0.000000 0.000001 -0.108498 0.010680 -0.004987 -8.950229 -6.381049 1.215893 -0.042813 -0.034513 -0.413943 27.175482 -2.238431 -2.406865 -0.057838 0.011271 -0.433514 -28.096943 7.245561 2.043135 -0.014582 -0.140202 -0.044665 -0.000002 0.000001 -0.000000 0.352207 -0.331174 0.370911 -0.000000 0.000000 -0.000000 0.253490 -0.139412 0.043517 38.570300 51.595071 -0.000012 -0.275499 -0.250273 0.370911 -0.000000 0.000000 -0.000000 -0.232716 -0.461183 0.053609 -0.000001 -38.791356 0.000007 0.125668 -0.265692 -0.313595 -0.000000 0.000000 -0.000000 0.130146 -0.534334 -0.668620 -12.382659 0.000001 -9.258735 -0.113330 -0.268834 -0.313595 -0.000000 0.000000 -0.000000 -0.095191 -0.015211 -0.747160 -0.000001 -0.000001 -0.000000 
0.000000 -0.210014 0.052218 9.577158 0.000000 -0.000000 0.000000 -0.000000 -0.000000 -0.000001 0.000000 -0.000001 0.108498 0.010680 -0.004987 -51.910513 3.233828 -2.754348 0.042686 -0.033397 -0.412863 36.706249 4.702672 2.347132 0.051757 0.026022 -0.434841 -6.906977 -5.816532 -8.145475 0.014582 -0.140203 -0.041002 -0.000002 0.000001 0.000000 0.000000 0.031892 0.087417 -0.000003 0.000000 -0.000000 0.000000 -0.000295 0.129738 -0.000000 0.000000 -0.000000 0.000000 0.021603 0.135532 0.000003 0.000000 -0.000000 0.022776 -0.072500 0.132876 0.000001 0.000000 -0.000000 0.163716 0.004516 -0.030142 29.330304 23.861013 -1.254537 0.165715 0.002195 -0.189845 17.766840 8.169188 -9.106849 0.134640 -0.191983 -0.128679 -20.422447 16.986858 7.569700 0.001147 -0.048713 -0.006655 -0.000001 -0.000000 0.000003 0.011701 -0.029588 -0.016302 -0.000004 -0.000002 0.000000 0.018464 -0.075698 -0.024375 -0.000002 0.000004 0.000000 0.000000 -0.061697 0.207353 -0.000002 0.000000 -0.000000 0.000000 -0.018035 0.048318 -0.000003 0.000000 -0.000000 0.000000 -0.018035 0.048318 -0.000002 0.000000 -0.000000 -0.022776 -0.072500 0.132876 0.000001 -0.000000 0.000000 -0.163716 0.004516 -0.030142 -0.522852 -27.323214 8.756569 -0.165715 0.002195 -0.189845 5.220011 -5.584096 6.860060 -0.134640 -0.191983 -0.128679 -14.431765 -3.399414 -9.908349 -0.011509 -0.048713 0.001674 -0.000002 0.000000 0.000000 -0.011701 -0.029588 -0.016302 -0.000001 0.000003 -0.000001 -0.018463 -0.075698 -0.024375 -0.000004 0.000003 -0.000000 -0.000000 -0.000000 -0.000000 -0.000001 -0.000000 0.000001 -0.108498 0.010680 -0.004987 -8.950229 -6.381049 1.215893 -0.042813 -0.034513 -0.413943 27.175482 -2.238431 -2.406865 -0.057838 0.011271 -0.433514 -28.096943 7.245561 2.043135 -0.014582 -0.140202 -0.044665 -0.000002 0.000001 -0.000000 0.352207 -0.331174 0.370911 -0.000000 0.000000 -0.000000 0.253490 -0.139412 0.043517 38.570300 51.595071 -0.000012 -0.275499 -0.250273 0.370911 -0.000000 0.000000 -0.000000 -0.232716 -0.461183 0.053609 -0.000001 -38.791356 0.000007 0.125668 -0.265692 -0.313595 -0.000000 0.000000 -0.000000 0.130146 -0.534334 -0.668620 -12.382659 0.000001 -9.258735 -0.113330 -0.268834 -0.313595 -0.000000 0.000000 -0.000000 -0.095191 -0.015211 -0.747160 -0.000001 -0.000001 -0.000000 
0.000000 -0.210014 0.052218 9.577158 0.000000 -0.000000 0.000000 -0.000000 -0.000000 -0.000001 0.000000 -0.000001 0.108498 0.010680 -0.004987 -51.910513 3.233828 -2.754348 0.042686 -0.033397 -0.412863 36.706249 4.702672 2.347132 0.051757 0.026022 -0.434841 -6.906977 -5.816532 -8.145475 0.014582 -0.140203 -0.041002 -0.000002 0.000001 0.000000 0.000000 0.031892 0.087417 -0.000003 0.000000 -0.000000 0.000000 -0.000295 0.129738 -0.000000 0.000000 -0.000000 0.000000 0.021603 0.135532 0.000003 0.000000 -0.000000 0.022776 -0.072500 0.132876 0.000001 0.000000 -0.000000 0.163716 0.004516 -0.030142 29.330304 23.861013 -1.254537 0.165715 0.002195 -0.189845 17.766840 8.169188 -9.106849 0.134640 -0.191983 -0.128679 -20.422447 16.986858 7.569700 0.001147 -0.048713 -0.006655 -0.000001 -0.000000 0.000003 0.011701 -0.029588 -0.016302 -0.000004 -0.000002 0.000000 0.018464 -0.075698 -0.024375 -0.000002 0.000004 0.000000 0.000000 -0.061697 0.207353 -0.000002 0.000000 -0.000000 0.000000 -0.018035 0.048318 -0.000003 0.000000 -0.000000 0.000000 -0.018035 0.048318 -0.000002 0.000000 -0.000000 -0.022776 -0.072500 0.132876 0.000001 -0.000000 0.000000 -0.163716 0.004516 -0.030142 -0.522852 -27.323214 8.756569 -0.165715 0.002195 -0.189845 5.220011 -5.584096 6.860060 -0.134640 -0.191983 -0.128679 -14.431765 -3.399414 -9.908349 -0.011509 -0.048713 0.001674 -0.000002 0.000000 0.000000 -0.011701 -0.029588 -0.016302 -0.000001 0.000003 -0.000001 -0.018463 -0.075698 -0.024375 -0.000004 0.000003 -0.000000 -0.000000 -0.000000 -0.000000 -0.000001 -0.000000 0.000001 -0.108498 0.010680 -0.004987 -8.950229 -6.381049 1.215893 -0.042813 -0.034513 -0.413943 27.175482 -2.238431 -2.406865 -0.057838 0.011271 -0.433514 -28.096943 7.245561 2.043135 -0.014582 -0.140202 -0.044665 -0.000002 0.000001 -0.000000 0.352207 -0.331174 0.370911 -0.000000 0.000000 -0.000000 0.253490 -0.139412 0.043517 38.570300 51.595071 -0.000012 -0.275499 -0.250273 0.370911 -0.000000 0.000000 -0.000000 -0.232716 -0.461183 0.053609 -0.000001 -38.791356 0.000007 0.125668 -0.265692 -0.313595 -0.000000 0.000000 -0.000000 0.130146 -0.534334 -0.668620 -12.382659 0.000001 -9.258735 -0.113330 -0.268834 -0.313595 -0.000000 0.000000 -0.000000 -0.095191 -0.015211 -0.747160 -0.000001 -0.000001 -0.000000 
0.000000 -0.210014 0.052218 9.577158 0.000000 -0.000000 0.000000 -0.000000 -0.000000 -0.000001 0.000000 -0.000001 0.108498 0.010680 -0.004987 -51.910513 3.233828 -2.754348 0.042686 -0.033397 -0.412863 36.706249 4.702672 2.347132 0.051757 0.026022 -0.434841 -6.906977 -5.816532 -8.145475 0.014582 -0.140203 -0.041002 -0.000002 0.000001 0.000000 0.000000 0.031892 0.087417 -0.000003 0.000000 -0.000000 0.000000 -0.000295 0.129738 -0.000000 0.000000 -0.000000 0.000000 0.021603 0.135532 0.000003 0.000000 -0.000000 0.022776 -0.072500 0.132876 0.000001 0.000000 -0.000000 0.163716 0.004516 -0.030142 29.330304 23.861013 -1.254537 0.165715 0.002195 -0.189845 17.766840 8.169188 -9.106849 0.134640 -0.191983 -0.128679 -20.422447 16.986858 7.569700 0.001147 -0.048713 -0.006655 -0.000001 -0.000000 0.000003 0.011701 -0.029588 -0.016302 -0.000004 -0.000002 0.000000 0.018464 -0.075698 -0.024375 -0.000002 0.000004 0.000000 0.000000 -0.061697 0.207353 -0.000002 0.000000 -0.000000 0.000000 -0.018035 0.048318 -0.000003 0.000000 -0.000000 0.000000 -0.018035 0.048318 -0.000002 0.000000 -0.000000 -0.022776 -0.072500 0.132876 0.000001 -0.000000 0.000000 -0.163716 0.004516 -0.030142 -0.522852 -27.323214 8.756569 -0.165715 0.002195 -0.189845 5.220011 -5.584096 6.860060 -0.134640 -0.191983 -0.128679 -14.431765 -3.399414 -9.908349 -0.011509 -0.048713 0.001674 -0.000002 0.000000 0.000000 -0.011701 -0.029588 -0.016302 -0.000001 0.000003 -0.000001 -0.018463 -0.075698 -0.024375 -0.000004 0.000003 -0.000000 -0.000000 -0.000000 -0.000000 -0.000001 -0.000000 0.000001 -0.108498 0.010680 -0.004987 -8.950229 -6.381049 1.215893 -0.042813 -0.034513 -0.413943 27.175482 -2.238431 -2.406865 -0.057838 0.011271 -0.433514 -28.096943 7.245561 2.043135 -0.014582 -0.140202 -0.044665 -0.000002 0.000001 -0.000000 0.352207 -0.331174 0.370911 -0.000000 0.000000 -0.000000 0.253490 -0.139412 0.043517 38.570300 51.595071 -0.000012 -0.275499 -0.250273 0.370911 -0.000000 0.000000 -0.000000 -0.232716 -0.461183 0.053609 -0.000001 -38.791356 0.000007 0.125668 -0.265692 -0.313595 -0.000000 0.000000 -0.000000 0.130146 -0.534334 -0.668620 -12.382659 0.000001 -9.258735 -0.113330 -0.268834 -0.313595 -0.000000 0.000000 -0.000000 -0.095191 -0.015211 -0.747160 -0.000001 -0.000001 -0.000000 
0.000000 -0.210014 0.052218 9.577158 0.000000 -0.000000 0.000000 -0.000000 -0.000000 -0.000001 0.000000 -0.000001 0.108498 0.010680 -0.004987 -51.910513 3.233828 -2.754348 0.042686 -0.033397 -0.412863 36.706249 4.702672 2.347132 0.051757 0.026022 -0.434841 -6.906977 -5.816532 -8.145475 0.014582 -0.140203 -0.041002 -0.000002 0.000001 0.000000 0.000000 0.031892 0.087417 -0.000003 0.000000 -0.000000 0.000000 -0.000295 0.129738 -0.000000 0.000000 -0.000000 0.000000 0.021603 0.135532 0.000003 0.000000 -0.000000 0.022776 -0.072500 0.132876 0.000001 0.000000 -0.000000 0.163716 0.004516 -0.030142 29.330304 23.861013 -1.254537 0.165715 0.002195 -0.189845 17.766840 8.169188 -9.106849 0.134640 -0.191983 -0.128679 -20.422447 16.986858 7.569700 0.001147 -0.048713 -0.006655 -0.000001 -0.000000 0.000003 0.011701 -0.029588 -0.016302 -0.000004 -0.000002 0.000000 0.018464 -0.075698 -0.024375 -0.000002 0.000004 0.000000 0.000000 -0.061697 0.207353 -0.000002 0.000000 -0.000000 0.000000 -0.018035 0.048318 -0.000003 0.000000 -0.000000 0.000000 -0.018035 0.048318 -0.000002 0.000000 -0.000000 -0.022776 -0.072500 0.132876 0.000001 -0.000000 0.000000 -0.163716 0.004516 -0.030142 -0.522852 -27.323214 8.756569 -0.165715 0.002195 -0.189845 5.220011 -5.584096 6.860060 -0.134640 -0.191983 -0.128679 -14.431765 -3.399414 -9.908349 -0.011509 -0.048713 0.001674 -0.000002 0.000000 0.000000 -0.011701 -0.029588 -0.016302 -0.000001 0.000003 -0.000001 -0.018463 -0.075698 -0.024375 -0.000004 0.000003 -0.000000 -0.000000 -0.000000 -0.000000 -0.000001 -0.000000 0.000001 -0.108498 0.010680 -0.004987 -8.950229 -6.381049 1.215893 -0.042813 -0.034513 -0.413943 27.175482 -2.238431 -2.406865 -0.057838 0.011271 -0.433514 -28.096943 7.245561 2.043135 -0.014582 -0.140202 -0.044665 -0.000002 0.000001 -0.000000 0.352207 -0.331174 0.370911 -0.000000 0.000000 -0.000000 0.253490 -0.139412 0.043517 38.570300 51.595071 -0.000012 -0.275499 -0.250273 0.370911 -0.000000 0.000000 -0.000000 -0.232716 -0.461183 0.053609 -0.000001 -38.791356 0.000007 0.125668 -0.265692 -0.313595 -0.000000 0.000000 -0.000000 0.130146 -0.534334 -0.668620 -12.382659 0.000001 -9.258735 -0.113330 -0.268834 -0.313595 -0.000000 0.000000 -0.000000 -0.095191 -0.015211 -0.747160 -0.000001 -0.000001 -0.000000 
0.000000 -0.210014 0.052218 9.577158 0.000000 -0.000000 0.000000 -0.000000 -0.000000 -0.000001 0.000000 -0.000001 0.108498 0.010680 -0.004987 -51.910513 3.233828 -2.754348 0.042686 -0.033397 -0.412863 36.706249 4.702672 2.347132 0.051757 0.026022 -0.434841 -6.906977 -5.816532 -8.145475 0.014582 -0.140203 -0.041002 -0.000002 0.000001 0.000000 0.000000 0.031892 0.087417 -0.000003 0.000000 -0.000000 0.000000 -0.000295 0.129738 -0.000000 0.000000 -0.000000 0.000000 0.021603 0.135532 0.000003 0.000000 -0.000000 0.022776 -0.072500 0.132876 0.000001 0.000000 -0.000000 0.163716 0.004516 -0.030142 29.330304 23.861013 -1.254537 0.165715 0.002195 -0.189845 17.766840 8.169188 -9.106849 0.134640 -0.191983 -0.128679 -20.422447 16.986858 7.569700 0.001147 -0.048713 -0.006655 -0.000001 -0.000000 0.000003 0.011701 -0.029588 -0.016302 -0.000004 -0.000002 0.000000 0.018464 -0.075698 -0.024375 -0.000002 0.000004 0.000000 0.000000 -0.061697 0.207353 -0.000002 0.000000 -0.000000 0.000000 -0.018035 0.048318 -0.000003 0.000000 -0.000000 0.000000 -0.018035 0.048318 -0.000002 0.000000 -0.000000 -0.022776 -0.072500 0.132876 0.000001 -0.000000 0.000000 -0.163716 0.004516 -0.030142 -0.522852 -27.323214 8.756569 -0.165715 0.002195 -0.189845 5.220011 -5.584096 6.860060 -0.134640 -0.191983 -0.128679 -14.431765 -3.399414 -9.908349 -0.011509 -0.048713 0.001674 -0.000002 0.000000 0.000000 -0.011701 -0.029588 -0.016302 -0.000001 0.000003 -0.000001 -0.018463 -0.075698 -0.024375 -0.000004 0.000003 -0.000000 -0.000000 -0.000000 -0.000000 -0.000001 -0.000000 0.000001 -0.108498 0.010680 -0.004987 -8.950229 -6.381049 1.215893 -0.042813 -0.034513 -0.413943 27.175482 -2.238431 -2.406865 -0.057838 0.011271 -0.433514 -28.096943 7.245561 2.043135 -0.014582 -0.140202 -0.044665 -0.000002 0.000001 -0.000000 0.352207 -0.331174 0.370911 -0.000000 0.000000 -0.000000 0.253490 -0.139412 0.043517 38.570300 51.595071 -0.000012 -0.275499 -0.250273 0.370911 -0.000000 0.000000 -0.000000 -0.232716 -0.461183 0.053609 -0.000001 -38.791356 0.000007 0.125668 -0.265692 -0.313595 -0.000000 0.000000 -0.000000 0.130146 -0.534334 -0.668620 -12.382659 0.000001 -9.258735 -0.113330 -0.268834 -0.313595 -0.000000 0.000000 -0.000000 -0.095191 -0.015211 -0.747160 -0.000001 -0.000001 -0.000000 
0.000000 -0.210014 0.052218 9.577158 0.000000 -0.000000 0.000000 -0.000000 -0.000000 -0.000001 0.000000 -0.000001 0.108498 0.010680 -0.004987 -51.910513 3.233828 -2.754348 0.042686 -0.033397 -0.412863 36.706249 4.702672 2.347132 0.051757 0.026022 -0.434841 -6.906977 -5.816532 -8.145475 0.014582 -0.140203 -0.041002 -0.000002 0.000001 0.000000 0.000000 0.031892 0.087417 -0.000003 0.000000 -0.000000 0.000000 -0.000295 0.129738 -0.000000 0.000000 -0.000000 0.000000 0.021603 0.135532 0.000003 0.000000 -0.000000 0.022776 -0.072500 0.132876 0.000001 0.000000 -0.000000 0.163716 0.004516 -0.030142 29.330304 23.861013 -1.254537 0.165715 0.002195 -0.189845 17.766840 8.169188 -9.106849 0.134640 -0.191983 -0.128679 -20.422447 16.986858 7.569700 0.001147 -0.048713 -0.006655 -0.000001 -0.000000 0.000003 0.011701 -0.029588 -0.016302 -0.000004 -0.000002 0.000000 0.018464 -0.075698 -0.024375 -0.000002 0.000004 0.000000 0.000000 -0.061697 0.207353 -0.000002 0.000000 -0.000000 0.000000 -0.018035 0.048318 -0.000003 0.000000 -0.000000 0.000000 -0.018035 0.048318 -0.000002 0.000000 -0.000000 -0.022776 -0.072500 0.132876 0.000001 -0.000000 0.000000 -0.163716 0.004516 -0.030142 -0.522852 -27.323214 8.756569 -0.165715 0.002195 -0.189845 5.220011 -5.584096 6.860060 -0.134640 -0.191983 -0.128679 -14.431765 -3.399414 -9.908349 -0.011509 -0.048713 0.001674 -0.000002 0.000000 0.000000 -0.011701 -0.029588 -0.016302 -0.000001 0.000003 -0.000001 -0.018463 -0.075698 -0.024375 -0.000004 0.000003 -0.000000 -0.000000 -0.000000 -0.000000 -0.000001 -0.000000 0.000001 -0.108498 0.010680 -0.004987 -8.950229 -6.381049 1.215893 -0.042813 -0.034513 -0.413943 27.175482 -2.238431 -2.406865 -0.057838 0.011271 -0.433514 -28.096943 7.245561 2.043135 -0.014582 -0.140202 -0.044665 -0.000002 0.000001 -0.000000 0.352207 -0.331174 0.370911 -0.000000 0.000000 -0.000000 0.253490 -0.139412 0.043517 38.570300 51.595071 -0.000012 -0.275499 -0.250273 0.370911 -0.000000 0.000000 -0.000000 -0.232716 -0.461183 0.053609 -0.000001 -38.791356 0.000007 0.125668 -0.265692 -0.313595 -0.000000 0.000000 -0.000000 0.130146 -0.534334 -0.668620 -12.382659 0.000001 -9.258735 -0.113330 -0.268834 -0.313595 -0.000000 0.000000 -0.000000 -0.095191 -0.015211 -0.747160 -0.000001 -0.000001 -0.000000 
0.000000 -0.210014 0.052218 9.577158 0.000000 -0.000000 0.000000 -0.000000 -0.000000 -0.000001 0.000000 -0.000001 0.108498 0.010680 -0.004987 -51.910513 3.233828 -2.754348 0.042686 -0.033397 -0.412863 36.706249 4.702672 2.347132 0.051757 0.026022 -0.434841 -6.906977 -5.816532 -8.145475 0.014582 -0.140203 -0.041002 -0.000002 0.000001 0.000000 0.000000 0.031892 0.087417 -0.000003 0.000000 -0.000000 0.000000 -0.000295 0.129738 -0.000000 0.000000 -0.000000 0.000000 0.021603 0.135532 0.000003 0.000000 -0.000000 0.022776 -0.072500 0.132876 0.000001 0.000000 -0.000000 0.163716 0.004516 -0.030142 29.330304 23.861013 -1.254537 0.165715 0.002195 -0.189845 17.766840 8.169188 -9.106849 0.134640 -0.191983 -0.128679 -20.422447 16.986858 7.569700 0.001147 -0.048713 -0.006655 -0.000001 -0.000000 0.000003 0.011701 -0.029588 -0.016302 -0.000004 -0.000002 0.000000 0.018464 -0.075698 -0.024375 -0.000002 0.000004 0.000000 0.000000 -0.061697 0.207353 -0.000002 0.000000 -0.000000 0.000000 -0.018035 0.048318 -0.000003 0.000000 -0.000000 0.000000 -0.018035 0.048318 -0.000002 0.000000 -0.000000 -0.022776 -0.072500 0.132876 0.000001 -0.000000 0.000000 -0.163716 0.004516 -0.030142 -0.522852 -27.323214 8.756569 -0.165715 0.002195 -0.189845 5.220011 -5.584096 6.860060 -0.134640 -0.191983 -0.128679 -14.431765 -3.399414 -9.908349 -0.011509 -0.048713 0.001674 -0.000002 0.000000 0.000000 -0.011701 -0.029588 -0.016302 -0.000001 0.000003 -0.000001 -0.018463 -0.075698 -0.024375 -0.000004 0.000003 -0.000000 -0.000000 -0.000000 -0.000000 -0.000001 -0.000000 0.000001 -0.108498 0.010680 -0.004987 -8.950229 -6.381049 1.215893 -0.042813 -0.034513 -0.413943 27.175482 -2.238431 -2.406865 -0.057838 0.011271 -0.433514 -28.096943 7.245561 2.043135 -0.014582 -0.140202 -0.044665 -0.000002 0.000001 -0.000000 0.352207 -0.331174 0.370911 -0.000000 0.000000 -0.000000 0.253490 -0.139412 0.043517 38.570300 51.595071 -0.000012 -0.275499 -0.250273 0.370911 -0.000000 0.000000 -0.000000 -0.232716 -0.461183 0.053609 -0.000001 -38.791356 0.000007 0.125668 -0.265692 -0.313595 -0.000000 0.000000 -0.000000 0.130146 -0.534334 -0.668620 -12.382659 0.000001 -9.258735 -0.113330 -0.268834 -0.313595 -0.000000 0.000000 -0.000000 -0.095191 -0.015211 -0.747160 -0.000001 -0.000001 -0.000000 
0.000000 -0.210014 0.052218 9.577158 0.000000 -0.000000 0.000000 -0.000000 -0.000000 -0.000001 0.000000 -0.000001 0.108498 0.010680 -0.004987 -51.910513 3.233828 -2.754348 0.042686 -0.033397 -0.412863 36.706249 4.702672 2.347132 0.051757 0.026022 -0.434841 -6.906977 -5.816532 -8.145475 0.014582 -0.140203 -0.041002 -0.000002 0.000001 0.000000 0.000000 0.031892 0.087417 -0.000003 0.000000 -0.000000 0.000000 -0.000295 0.129738 -0.000000 0.000000 -0.000000 0.000000 0.021603 0.135532 0.000003 0.000000 -0.000000 0.022776 -0.072500 0.132876 0.000001 0.000000 -0.000000 0.163716 0.004516 -0.030142 29.330304 23.861013 -1.254537 0.165715 0.002195 -0.189845 17.766840 8.169188 -9.106849 0.134640 -0.191983 -0.128679 -20.422447 16.986858 7.569700 0.001147 -0.048713 -0.006655 -0.000001 -0.000000 0.000003 0.011701 -0.029588 -0.016302 -0.000004 -0.000002 0.000000 0.018464 -0.075698 -0.024375 -0.000002 0.000004 0.000000 0.000000 -0.061697 0.207353 -0.000002 0.000000 -0.000000 0.000000 -0.018035 0.048318 -0.000003 0.000000 -0.000000 0.000000 -0.018035 0.048318 -0.000002 0.000000 -0.000000 -0.022776 -0.072500 0.132876 0.000001 -0.000000 0.000000 -0.163716 0.004516 -0.030142 -0.522852 -27.323214 8.756569 -0.165715 0.002195 -0.189845 5.220011 -5.584096 6.860060 -0.134640 -0.191983 -0.128679 -14.431765 -3.399414 -9.908349 -0.011509 -0.048713 0.001674 -0.000002 0.000000 0.000000 -0.011701 -0.029588 -0.016302 -0.000001 0.000003 -0.000001 -0.018463 -0.075698 -0.024375 -0.000004 0.000003 -0.000000 -0.000000 -0.000000 -0.000000 -0.000001 -0.000000 0.000001 -0.108498 0.010680 -0.004987 -8.950229 -6.381049 1.215893 -0.042813 -0.034513 -0.413943 27.175482 -2.238431 -2.406865 -0.057838 0.011271 -0.433514 -28.096943 7.245561 2.043135 -0.014582 -0.140202 -0.044665 -0.000002 0.000001 -0.000000 0.352207 -0.331174 0.370911 -0.000000 0.000000 -0.000000 0.253490 -0.139412 0.043517 38.570300 51.595071 -0.000012 -0.275499 -0.250273 0.370911 -0.000000 0.000000 -0.000000 -0.232716 -0.461183 0.053609 -0.000001 -38.791356 0.000007 0.125668 -0.265692 -0.313595 -0.000000 0.000000 -0.000000 0.130146 -0.534334 -0.668620 -12.382659 0.000001 -9.258735 -0.113330 -0.268834 -0.313595 -0.000000 0.000000 -0.000000 -0.095191 -0.015211 -0.747160 -0.000001 -0.000001 -0.000000 
0.000000 -0.210014 0.052218 9.577158 0.000000 -0.000000 0.000000 -0.000000 -0.000000 -0.000001 0.000000 -0.000001 0.108498 0.010680 -0.004987 -51.910513 3.233828 -2.754348 0.042686 -0.033397 -0.412863 36.706249 4.702672 2.347132 0.051757 0.026022 -0.434841 -6.906977 -5.816532 -8.145475 0.014582 -0.140203 -0.041002 -0.000002 0.000001 0.000000 0.000000 0.031892 0.087417 -0.000003 0.000000 -0.000000 0.000000 -0.000295 0.129738 -0.000000 0.000000 -0.000000 0.000000 0.021603 0.135532 0.000003 0.000000 -0.000000 0.022776 -0.072500 0.132876 0.000001 0.000000 -0.000000 0.163716 0.004516 -0.030142 29.330304 23.861013 -1.254537 0.165715 0.002195 -0.189845 17.766840 8.169188 -9.106849 0.134640 -0.191983 -0.128679 -20.422447 16.986858 7.569700 0.001147 -0.048713 -0.006655 -0.000001 -0.000000 0.000003 0.011701 -0.029588 -0.016302 -0.000004 -0.000002 0.000000 0.018464 -0.075698 -0.024375 -0.000002 0.000004 0.000000 0.000000 -0.061697 0.207353 -0.000002 0.000000 -0.000000 0.000000 -0.018035 0.048318 -0.000003 0.000000 -0.000000 0.000000 -0.018035 0.048318 -0.000002 0.000000 -0.000000 -0.022776 -0.072500 0.132876 0.000001 -0.000000 0.000000 -0.163716 0.004516 -0.030142 -0.522852 -27.323214 8.756569 -0.165715 0.002195 -0.189845 5.220011 -5.584096 6.860060 -0.134640 -0.191983 -0.128679 -14.431765 -3.399414 -9.908349 -0.011509 -0.048713 0.001674 -0.000002 0.000000 0.000000 -0.011701 -0.029588 -0.016302 -0.000001 0.000003 -0.000001 -0.018463 -0.075698 -0.024375 -0.000004 0.000003 -0.000000 -0.000000 -0.000000 -0.000000 -0.000001 -0.000000 0.000001 -0.108498 0.010680 -0.004987 -8.950229 -6.381049 1.215893 -0.042813 -0.034513 -0.413943 27.175482 -2.238431 -2.406865 -0.057838 0.011271 -0.433514 -28.096943 7.245561 2.043135 -0.014582 -0.140202 -0.044665 -0.000002 0.000001 -0.000000 0.352207 -0.331174 0.370911 -0.000000 0.000000 -0.000000 0.253490 -0.139412 0.043517 38.570300 51.595071 -0.000012 -0.275499 -0.250273 0.370911 -0.000000 0.000000 -0.000000 -0.232716 -0.461183 0.053609 -0.000001 -38.791356 0.000007 0.125668 -0.265692 -0.313595 -0.000000 0.000000 -0.000000 0.130146 -0.534334 -0.668620 -12.382659 0.000001 -9.258735 -0.113330 -0.268834 -0.313595 -0.000000 0.000000 -0.000000 -0.095191 -0.015211 -0.747160 -0.000001 -0.000001 -0.000000 
0.000000 -0.210014 0.052218 9.577158 0.000000 -0.000000 0.000000 -0.000000 -0.000000 -0.000001 0.000000 -0.000001 0.108498 0.010680 -0.004987 -51.910513 3.233828 -2.754348 0.042686 -0.033397 -0.412863 36.706249 4.702672 2.347132 0.051757 0.026022 -0.434841 -6.906977 -5.816532 -8.145475 0.014582 -0.140203 -0.041002 -0.000002 0.000001 0.000000 0.000000 0.031892 0.087417 -0.000003 0.000000 -0.000000 0.000000 -0.000295 0.129738 -0.000000 0.000000 -0.000000 0.000000 0.021603 0.135532 0.000003 0.000000 -0.000000 0.022776 -0.072500 0.132876 0.000001 0.000000 -0.000000 0.163716 0.004516 -0.030142 29.330304 23.861013 -1.254537 0.165715 0.002195 -0.189845 17.766840 8.169188 -9.106849 0.134640 -0.191983 -0.128679 -20.422447 16.986858 7.569700 0.001147 -0.048713 -0.006655 -0.000001 -0.000000 0.000003 0.011701 -0.029588 -0.016302 -0.000004 -0.000002 0.000000 0.018464 -0.075698 -0.024375 -0.000002 0.000004 0.000000 0.000000 -0.061697 0.207353 -0.000002 0.000000 -0.000000 0.000000 -0.018035 0.048318 -0.000003 0.000000 -0.000000 0.000000 -0.018035 0.048318 -0.000002 0.000000 -0.000000 -0.022776 -0.072500 0.132876 0.000001 -0.000000 0.000000 -0.163716 0.004516 -0.030142 -0.522852 -27.323214 8.756569 -0.165715 0.002195 -0.189845 5.220011 -5.584096 6.860060 -0.134640 -0.191983 -0.128679 -14.431765 -3.399414 -9.908349 -0.011509 -0.048713 0.001674 -0.000002 0.000000 0.000000 -0.011701 -0.029588 -0.016302 -0.000001 0.000003 -0.000001 -0.018463 -0.075698 -0.024375 -0.000004 0.000003 -0.000000 -0.000000 -0.000000 -0.000000 -0.000001 -0.000000 0.000001 -0.108498 0.010680 -0.004987 -8.950229 -6.381049 1.215893 -0.042813 -0.034513 -0.413943 27.175482 -2.238431 -2.406865 -0.057838 0.011271 -0.433514 -28.096943 7.245561 2.043135 -0.014582 -0.140202 -0.044665 -0.000002 0.000001 -0.000000 0.352207 -0.331174 0.370911 -0.000000 0.000000 -0.000000 0.253490 -0.139412 0.043517 38.570300 51.595071 -0.000012 -0.275499 -0.250273 0.370911 -0.000000 0.000000 -0.000000 -0.232716 -0.461183 0.053609 -0.000001 -38.791356 0.000007 0.125668 -0.265692 -0.313595 -0.000000 0.000000 -0.000000 0.130146 -0.534334 -0.668620 -12.382659 0.000001 -9.258735 -0.113330 -0.268834 -0.313595 -0.000000 0.000000 -0.000000 -0.095191 -0.015211 -0.747160 -0.000001 -0.000001 -0.000000 
0.000000 -0.210014 0.052218 9.577158 0.000000 -0.000000 0.000000 -0.000000 -0.000000 -0.000001 0.000000 -0.000001 0.108498 0.010680 -0.004987 -51.910513 3.233828 -2.754348 0.042686 -0.033397 -0.412863 36.706249 4.702672 2.347132 0.051757 0.026022 -0.434841 -6.906977 -5.816532 -8.145475 0.014582 -0.140203 -0.041002 -0.000002 0.000001 0.000000 0.000000 0.031892 0.087417 -0.000003 0.000000 -0.000000 0.000000 -0.000295 0.129738 -0.000000 0.000000 -0.000000 0.000000 0.021603 0.135532 0.000003 0.000000 -0.000000 0.022776 -0.072500 0.132876 0.000001 0.000000 -0.000000 0.163716 0.004516 -0.030142 29.330304 23.861013 -1.254537 0.165715 0.002195 -0.189845 17.766840 8.169188 -9.106849 0.134640 -0.191983 -0.128679 -20.422447 16.986858 7.569700 0.001147 -0.048713 -0.006655 -0.000001 -0.000000 0.000003 0.011701 -0.029588 -0.016302 -0.000004 -0.000002 0.000000 0.018464 -0.075698 -0.024375 -0.000002 0.000004 0.000000 0.000000 -0.061697 0.207353 -0.000002 0.000000 -0.000000 0.000000 -0.018035 0.048318 -0.000003 0.000000 -0.000000 0.000000 -0.018035 0.048318 -0.000002 0.000000 -0.000000 -0.022776 -0.072500 0.132876 0.000001 -0.000000 0.000000 -0.163716 0.004516 -0.030142 -0.522852 -27.323214 8.756569 -0.165715 0.002195 -0.189845 5.220011 -5.584096 6.860060 -0.134640 -0.191983 -0.128679 -14.431765 -3.399414 -9.908349 -0.011509 -0.048713 0.001674 -0.000002 0.000000 0.000000 -0.011701 -0.029588 -0.016302 -0.000001 0.000003 -0.000001 -0.018463 -0.075698 -0.024375 -0.000004 0.000003 -0.000000 -0.000000 -0.000000 -0.000000 -0.000001 -0.000000 0.000001 -0.108498 0.010680 -0.004987 -8.950229 -6.381049 1.215893 -0.042813 -0.034513 -0.413943 27.175482 -2.238431 -2.406865 -0.057838 0.011271 -0.433514 -28.096943 7.245561 2.043135 -0.014582 -0.140202 -0.044665 -0.000002 0.000001 -0.000000 0.352207 -0.331174 0.370911 -0.000000 0.000000 -0.000000 0.253490 -0.139412 0.043517 38.570300 51.595071 -0.000012 -0.275499 -0.250273 0.370911 -0.000000 0.000000 -0.000000 -0.232716 -0.461183 0.053609 -0.000001 -38.791356 0.000007 0.125668 -0.265692 -0.313595 -0.000000 0.000000 -0.000000 0.130146 -0.534334 -0.668620 -12.382659 0.000001 -9.258735 -0.113330 -0.268834 -0.313595 -0.000000 0.000000 -0.000000 -0.095191 -0.015211 -0.747160 -0.000001 -0.000001 -0.000000 
0.000000 -0.210014 0.052218 9.577158 0.000000 -0.000000 0.000000 -0.000000 -0.000000 -0.000001 0.000000 -0.000001 0.108498 0.010680 -0.004987 -51.910513 3.233828 -2.754348 0.042686 -0.033397 -0.412863 36.706249 4.702672 2.347132 0.051757 0.026022 -0.434841 -6.906977 -5.816532 -8.145475 0.014582 -0.140203 -0.041002 -0.000002 0.000001 0.000000 0.000000 0.031892 0.087417 -0.000003 0.000000 -0.000000 0.000000 -0.000295 0.129738 -0.000000 0.000000 -0.000000 0.000000 0.021603 0.135532 0.000003 0.000000 -0.000000 0.022776 -0.072500 0.132876 0.000001 0.000000 -0.000000 0.163716 0.004516 -0.030142 29.330304 23.861013 -1.254537 0.165715 0.002195 -0.189845 17.766840 8.169188 -9.106849 0.134640 -0.191983 -0.128679 -20.422447 16.986858 7.569700 0.001147 -0.048713 -0.006655 -0.000001 -0.000000 0.000003 0.011701 -0.029588 -0.016302 -0.000004 -0.000002 0.000000 0.018464 -0.075698 -0.024375 -0.000002 0.000004 0.000000 0.000000 -0.061697 0.207353 -0.000002 0.000000 -0.000000 0.000000 -0.018035 0.048318 -0.000003 0.000000 -0.000000 0.000000 -0.018035 0.048318 -0.000002 0.000000 -0.000000 -0.022776 -0.072500 0.132876 0.000001 -0.000000 0.000000 -0.163716 0.004516 -0.030142 -0.522852 -27.323214 8.756569 -0.165715 0.002195 -0.189845 5.220011 -5.584096 6.860060 -0.134640 -0.191983 -0.128679 -14.431765 -3.399414 -9.908349 -0.011509 -0.048713 0.001674 -0.000002 0.000000 0.000000 -0.011701 -0.029588 -0.016302 -0.000001 0.000003 -0.000001 -0.018463 -0.075698 -0.024375 -0.000004 0.000003 -0.000000 -0.000000 -0.000000 -0.000000 -0.000001 -0.000000 0.000001 -0.108498 0.010680 -0.004987 -8.950229 -6.381049 1.215893 -0.042813 -0.034513 -0.413943 27.175482 -2.238431 -2.406865 -0.057838 0.011271 -0.433514 -28.096943 7.245561 2.043135 -0.014582 -0.140202 -0.044665 -0.000002 0.000001 -0.000000 0.352207 -0.331174 0.370911 -0.000000 0.000000 -0.000000 0.253490 -0.139412 0.043517 38.570300 51.595071 -0.000012 -0.275499 -0.250273 0.370911 -0.000000 0.000000 -0.000000 -0.232716 -0.461183 0.053609 -0.000001 -38.791356 0.000007 0.125668 -0.265692 -0.313595 -0.000000 0.000000 -0.000000 0.130146 -0.534334 -0.668620 -12.382659 0.000001 -9.258735 -0.113330 -0.268834 -0.313595 -0.000000 0.000000 -0.000000 -0.095191 -0.015211 -0.747160 -0.000001 -0.000001 -0.000000 
0.000000 -0.210014 0.052218 9.577158 0.000000 -0.000000 0.000000 -0.000000 -0.000000 -0.000001 0.000000 -0.000001 0.108498 0.010680 -0.004987 -51.910513 3.233828 -2.754348 0.042686 -0.033397 -0.412863 36.706249 4.702672 2.347132 0.051757 0.026022 -0.434841 -6.906977 -5.816532 -8.145475 0.014582 -0.140203 -0.041002 -0.000002 0.000001 0.000000 0.000000 0.031892 0.087417 -0.000003 0.000000 -0.000000 0.000000 -0.000295 0.129738 -0.000000 0.000000 -0.000000 0.000000 0.021603 0.135532 0.000003 0.000000 -0.000000 0.022776 -0.072500 0.132876 0.000001 0.000000 -0.000000 0.163716 0.004516 -0.030142 29.330304 23.861013 -1.254537 0.165715 0.002195 -0.189845 17.766840 8.169188 -9.106849 0.134640 -0.191983 -0.128679 -20.422447 16.986858 7.569700 0.001147 -0.048713 -0.006655 -0.000001 -0.000000 0.000003 0.011701 -0.029588 -0.016302 -0.000004 -0.000002 0.000000 0.018464 -0.075698 -0.024375 -0.000002 0.000004 0.000000 0.000000 -0.061697 0.207353 -0.000002 0.000000 -0.000000 0.000000 -0.018035 0.048318 -0.000003 0.000000 -0.000000 0.000000 -0.018035 0.048318 -0.000002 0.000000 -0.000000 -0.022776 -0.072500 0.132876 0.000001 -0.000000 0.000000 -0.163716 0.004516 -0.030142 -0.522852 -27.323214 8.756569 -0.165715 0.002195 -0.189845 5.220011 -5.584096 6.860060 -0.134640 -0.191983 -0.128679 -14.431765 -3.399414 -9.908349 -0.011509 -0.048713 0.001674 -0.000002 0.000000 0.000000 -0.011701 -0.029588 -0.016302 -0.000001 0.000003 -0.000001 -0.018463 -0.075698 -0.024375 -0.000004 0.000003 -0.000000 -0.000000 -0.000000 -0.000000 -0.000001 -0.000000 0.000001 -0.108498 0.010680 -0.004987 -8.950229 -6.381049 1.215893 -0.042813 -0.034513 -0.413943 27.175482 -2.238431 -2.406865 -0.057838 0.011271 -0.433514 -28.096943 7.245561 2.043135 -0.014582 -0.140202 -0.044665 -0.000002 0.000001 -0.000000 0.352207 -0.331174 0.370911 -0.000000 0.000000 -0.000000 0.253490 -0.139412 0.043517 38.570300 51.595071 -0.000012 -0.275499 -0.250273 0.370911 -0.000000 0.000000 -0.000000 -0.232716 -0.461183 0.053609 -0.000001 -38.791356 0.000007 0.125668 -0.265692 -0.313595 -0.000000 0.000000 -0.000000 0.130146 -0.534334 -0.668620 -12.382659 0.000001 -9.258735 -0.113330 -0.268834 -0.313595 -0.000000 0.000000 -0.000000 -0.095191 -0.015211 -0.747160 -0.000001 -0.000001 -0.000000 
0.000000 -0.210014 0.052218 9.577158 0.000000 -0.000000 0.000000 -0.000000 -0.000000 -0.000001 0.000000 -0.000001 0.108498 0.010680 -0.004987 -51.910513 3.233828 -2.754348 0.042686 -0.033397 -0.412863 36.706249 4.702672 2.347132 0.051757 0.026022 -0.434841 -6.906977 -5.816532 -8.145475 0.014582 -0.140203 -0.041002 -0.000002 0.000001 0.000000 0.000000 0.031892 0.087417 -0.000003 0.000000 -0.000000 0.000000 -0.000295 0.129738 -0.000000 0.000000 -0.000000 0.000000 0.021603 0.135532 0.000003 0.000000 -0.000000 0.022776 -0.072500 0.132876 0.000001 0.000000 -0.000000 0.163716 0.004516 -0.030142 29.330304 23.861013 -1.254537 0.165715 0.002195 -0.189845 17.766840 8.169188 -9.106849 0.134640 -0.191983 -0.128679 -20.422447 16.986858 7.569700 0.001147 -0.048713 -0.006655 -0.000001 -0.000000 0.000003 0.011701 -0.029588 -0.016302 -0.000004 -0.000002 0.000000 0.018464 -0.075698 -0.024375 -0.000002 0.000004 0.000000 0.000000 -0.061697 0.207353 -0.000002 0.000000 -0.000000 0.000000 -0.018035 0.048318 -0.000003 0.000000 -0.000000 0.000000 -0.018035 0.048318 -0.000002 0.000000 -0.000000 -0.022776 -0.072500 0.132876 0.000001 -0.000000 0.000000 -0.163716 0.004516 -0.030142 -0.522852 -27.323214 8.756569 -0.165715 0.002195 -0.189845 5.220011 -5.584096 6.860060 -0.134640 -0.191983 -0.128679 -14.431765 -3.399414 -9.908349 -0.011509 -0.048713 0.001674 -0.000002 0.000000 0.000000 -0.011701 -0.029588 -0.016302 -0.000001 0.000003 -0.000001 -0.018463 -0.075698 -0.024375 -0.000004 0.000003 -0.000000 -0.000000 -0.000000 -0.000000 -0.000001 -0.000000 0.000001 -0.108498 0.010680 -0.004987 -8.950229 -6.381049 1.215893 -0.042813 -0.034513 -0.413943 27.175482 -2.238431 -2.406865 -0.057838 0.011271 -0.433514 -28.096943 7.245561 2.043135 -0.014582 -0.140202 -0.044665 -0.000002 0.000001 -0.000000 0.352207 -0.331174 0.370911 -0.000000 0.000000 -0.000000 0.253490 -0.139412 0.043517 38.570300 51.595071 -0.000012 -0.275499 -0.250273 0.370911 -0.000000 0.000000 -0.000000 -0.232716 -0.461183 0.053609 -0.000001 -38.791356 0.000007 0.125668 -0.265692 -0.313595 -0.000000 0.000000 -0.000000 0.130146 -0.534334 -0.668620 -12.382659 0.000001 -9.258735 -0.113330 -0.268834 -0.313595 -0.000000 0.000000 -0.000000 -0.095191 -0.015211 -0.747160 -0.000001 -0.000001 -0.000000 
0.000000 -0.210014 0.052218 9.577158 0.000000 -0.000000 0.000000 -0.000000 -0.000000 -0.000001 0.000000 -0.000001 0.108498 0.010680 -0.004987 -51.910513 3.233828 -2.754348 0.042686 -0.033397 -0.412863 36.706249 4.702672 2.347132 0.051757 0.026022 -0.434841 -6.906977 -5.816532 -8.145475 0.014582 -0.140203 -0.041002 -0.000002 0.000001 0.000000 0.000000 0.031892 0.087417 -0.000003 0.000000 -0.000000 0.000000 -0.000295 0.129738 -0.000000 0.000000 -0.000000 0.000000 0.021603 0.135532 0.000003 0.000000 -0.000000 0.022776 -0.072500 0.132876 0.000001 0.000000 -0.000000 0.163716 0.004516 -0.030142 29.330304 23.861013 -1.254537 0.165715 0.002195 -0.189845 17.766840 8.169188 -9.106849 0.134640 -0.191983 -0.128679 -20.422447 16.986858 7.569700 0.001147 -0.048713 -0.006655 -0.000001 -0.000000 0.000003 0.011701 -0.029588 -0.016302 -0.000004 -0.000002 0.000000 0.018464 -0.075698 -0.024375 -0.000002 0.000004 0.000000 0.000000 -0.061697 0.207353 -0.000002 0.000000 -0.000000 0.000000 -0.018035 0.048318 -0.000003 0.000000 -0.000000 0.000000 -0.018035 0.048318 -0.000002 0.000000 -0.000000 -0.022776 -0.072500 0.132876 0.000001 -0.000000 0.000000 -0.163716 0.004516 -0.030142 -0.522852 -27.323214 8.756569 -0.165715 0.002195 -0.189845 5.220011 -5.584096 6.860060 -0.134640 -0.191983 -0.128679 -14.431765 -3.399414 -9.908349 -0.011509 -0.048713 0.001674 -0.000002 0.000000 0.000000 -0.011701 -0.029588 -0.016302 -0.000001 0.000003 -0.000001 -0.018463 -0.075698 -0.024375 -0.000004 0.000003 -0.000000 -0.000000 -0.000000 -0.000000 -0.000001 -0.000000 0.000001 -0.108498 0.010680 -0.004987 -8.950229 -6.381049 1.215893 -0.042813 -0.034513 -0.413943 27.175482 -2.238431 -2.406865 -0.057838 0.011271 -0.433514 -28.096943 7.245561 2.043135 -0.014582 -0.140202 -0.044665 -0.000002 0.000001 -0.000000 0.352207 -0.331174 0.370911 -0.000000 0.000000 -0.000000 0.253490 -0.139412 0.043517 38.570300 51.595071 -0.000012 -0.275499 -0.250273 0.370911 -0.000000 0.000000 -0.000000 -0.232716 -0.461183 0.053609 -0.000001 -38.791356 0.000007 0.125668 -0.265692 -0.313595 -0.000000 0.000000 -0.000000 0.130146 -0.534334 -0.668620 -12.382659 0.000001 -9.258735 -0.113330 -0.268834 -0.313595 -0.000000 0.000000 -0.000000 -0.095191 -0.015211 -0.747160 -0.000001 -0.000001 -0.000000 
0.000000 -0.210014 0.052218 9.577158 0.000000 -0.000000 0.000000 -0.000000 -0.000000 -0.000001 0.000000 -0.000001 0.108498 0.010680 -0.004987 -51.910513 3.233828 -2.754348 0.042686 -0.033397 -0.412863 36.706249 4.702672 2.347132 0.051757 0.026022 -0.434841 -6.906977 -5.816532 -8.145475 0.014582 -0.140203 -0.041002 -0.000002 0.000001 0.000000 0.000000 0.031892 0.087417 -0.000003 0.000000 -0.000000 0.000000 -0.000295 0.129738 -0.000000 0.000000 -0.000000 0.000000 0.021603 0.135532 0.000003 0.000000 -0.000000 0.022776 -0.072500 0.132876 0.000001 0.000000 -0.000000 0.163716 0.004516 -0.030142 29.330304 23.861013 -1.254537 0.165715 0.002195 -0.189845 17.766840 8.169188 -9.106849 0.134640 -0.191983 -0.128679 -20.422447 16.986858 7.569700 0.001147 -0.048713 -0.006655 -0.000001 -0.000000 0.000003 0.011701 -0.029588 -0.016302 -0.000004 -0.000002 0.000000 0.018464 -0.075698 -0.024375 -0.000002 0.000004 0.000000 0.000000 -0.061697 0.207353 -0.000002 0.000000 -0.000000 0.000000 -0.018035 0.048318 -0.000003 0.000000 -0.000000 0.000000 -0.018035 0.048318 -0.000002 0.000000 -0.000000 -0.022776 -0.072500 0.132876 0.000001 -0.000000 0.000000 -0.163716 0.004516 -0.030142 -0.522852 -27.323214 8.756569 -0.165715 0.002195 -0.189845 5.220011 -5.584096 6.860060 -0.134640 -0.191983 -0.128679 -14.431765 -3.399414 -9.908349 -0.011509 -0.048713 0.001674 -0.000002 0.000000 0.000000 -0.011701 -0.029588 -0.016302 -0.000001 0.000003 -0.000001 -0.018463 -0.075698 -0.024375 -0.000004 0.000003 -0.000000 -0.000000 -0.000000 -0.000000 -0.000001 -0.000000 0.000001 -0.108498 0.010680 -0.004987 -8.950229 -6.381049 1.215893 -0.042813 -0.034513 -0.413943 27.175482 -2.238431 -2.406865 -0.057838 0.011271 -0.433514 -28.096943 7.245561 2.043135 -0.014582 -0.140202 -0.044665 -0.000002 0.000001 -0.000000 0.352207 -0.331174 0.370911 -0.000000 0.000000 -0.000000 0.253490 -0.139412 0.043517 38.570300 51.595071 -0.000012 -0.275499 -0.250273 0.370911 -0.000000 0.000000 -0.000000 -0.232716 -0.461183 0.053609 -0.000001 -38.791356 0.000007 0.125668 -0.265692 -0.313595 -0.000000 0.000000 -0.000000 0.130146 -0.534334 -0.668620 -12.382659 0.000001 -9.258735 -0.113330 -0.268834 -0.313595 -0.000000 0.000000 -0.000000 -0.095191 -0.015211 -0.747160 -0.000001 -0.000001 -0.000000 
0.000000 -0.210014 0.052218 9.577158 0.000000 -0.000000 0.000000 -0.000000 -0.000000 -0.000001 0.000000 -0.000001 0.108498 0.010680 -0.004987 -51.910513 3.233828 -2.754348 0.042686 -0.033397 -0.412863 36.706249 4.702672 2.347132 0.051757 0.026022 -0.434841 -6.906977 -5.816532 -8.145475 0.014582 -0.140203 -0.041002 -0.000002 0.000001 0.000000 0.000000 0.031892 0.087417 -0.000003 0.000000 -0.000000 0.000000 -0.000295 0.129738 -0.000000 0.000000 -0.000000 0.000000 0.021603 0.135532 0.000003 0.000000 -0.000000 0.022776 -0.072500 0.132876 0.000001 0.000000 -0.000000 0.163716 0.004516 -0.030142 29.330304 23.861013 -1.254537 0.165715 0.002195 -0.189845 17.766840 8.169188 -9.106849 0.134640 -0.191983 -0.128679 -20.422447 16.986858 7.569700 0.001147 -0.048713 -0.006655 -0.000001 -0.000000 0.000003 0.011701 -0.029588 -0.016302 -0.000004 -0.000002 0.000000 0.018464 -0.075698 -0.024375 -0.000002 0.000004 0.000000 0.000000 -0.061697 0.207353 -0.000002 0.000000 -0.000000 0.000000 -0.018035 0.048318 -0.000003 0.000000 -0.000000 0.000000 -0.018035 0.048318 -0.000002 0.000000 -0.000000 -0.022776 -0.072500 0.132876 0.000001 -0.000000 0.000000 -0.163716 0.004516 -0.030142 -0.522852 -27.323214 8.756569 -0.165715 0.002195 -0.189845 5.220011 -5.584096 6.860060 -0.134640 -0.191983 -0.128679 -14.431765 -3.399414 -9.908349 -0.011509 -0.048713 0.001674 -0.000002 0.000000 0.000000 -0.011701 -0.029588 -0.016302 -0.000001 0.000003 -0.000001 -0.018463 -0.075698 -0.024375 -0.000004 0.000003 -0.000000 -0.000000 -0.000000 -0.000000 -0.000001 -0.000000 0.000001 -0.108498 0.010680 -0.004987 -8.950229 -6.381049 1.215893 -0.042813 -0.034513 -0.413943 27.175482 -2.238431 -2.406865 -0.057838 0.011271 -0.433514 -28.096943 7.245561 2.043135 -0.014582 -0.140202 -0.044665 -0.000002 0.000001 -0.000000 0.352207 -0.331174 0.370911 -0.000000 0.000000 -0.000000 0.253490 -0.139412 0.043517 38.570300 51.595071 -0.000012 -0.275499 -0.250273 0.370911 -0.000000 0.000000 -0.000000 -0.232716 -0.461183 0.053609 -0.000001 -38.791356 0.000007 0.125668 -0.265692 -0.313595 -0.000000 0.000000 -0.000000 0.130146 -0.534334 -0.668620 -12.382659 0.000001 -9.258735 -0.113330 -0.268834 -0.313595 -0.000000 0.000000 -0.000000 -0.095191 -0.015211 -0.747160 -0.000001 -0.000001 -0.000000 
0.000000 -0.210014 0.052218 9.577158 0.000000 -0.000000 0.000000 -0.000000 -0.000000 -0.000001 0.000000 -0.000001 0.108498 0.010680 -0.004987 -51.910513 3.233828 -2.754348 0.042686 -0.033397 -0.412863 36.706249 4.702672 2.347132 0.051757 0.026022 -0.434841 -6.906977 -5.816532 -8.145475 0.014582 -0.140203 -0.041002 -0.000002 0.000001 0.000000 0.000000 0.031892 0.087417 -0.000003 0.000000 -0.000000 0.000000 -0.000295 0.129738 -0.000000 0.000000 -0.000000 0.000000 0.021603 0.135532 0.000003 0.000000 -0.000000 0.022776 -0.072500 0.132876 0.000001 0.000000 -0.000000 0.163716 0.004516 -0.030142 29.330304 23.861013 -1.254537 0.165715 0.002195 -0.189845 17.766840 8.169188 -9.106849 0.134640 -0.191983 -0.128679 -20.422447 16.986858 7.569700 0.001147 -0.048713 -0.006655 -0.000001 -0.000000 0.000003 0.011701 -0.029588 -0.016302 -0.000004 -0.000002 0.000000 0.018464 -0.075698 -0.024375 -0.000002 0.000004 0.000000 0.000000 -0.061697 0.207353 -0.000002 0.000000 -0.000000 0.000000 -0.018035 0.048318 -0.000003 0.000000 -0.000000 0.000000 -0.018035 0.048318 -0.000002 0.000000 -0.000000 -0.022776 -0.072500 0.132876 0.000001 -0.000000 0.000000 -0.163716 0.004516 -0.030142 -0.522852 -27.323214 8.756569 -0.165715 0.002195 -0.189845 5.220011 -5.584096 6.860060 -0.134640 -0.191983 -0.128679 -14.431765 -3.399414 -9.908349 -0.011509 -0.048713 0.001674 -0.000002 0.000000 0.000000 -0.011701 -0.029588 -0.016302 -0.000001 0.000003 -0.000001 -0.018463 -0.075698 -0.024375 -0.000004 0.000003 -0.000000 -0.000000 -0.000000 -0.000000 -0.000001 -0.000000 0.000001 -0.108498 0.010680 -0.004987 -8.950229 -6.381049 1.215893 -0.042813 -0.034513 -0.413943 27.175482 -2.238431 -2.406865 -0.057838 0.011271 -0.433514 -28.096943 7.245561 2.043135 -0.014582 -0.140202 -0.044665 -0.000002 0.000001 -0.000000 0.352207 -0.331174 0.370911 -0.000000 0.000000 -0.000000 0.253490 -0.139412 0.043517 38.570300 51.595071 -0.000012 -0.275499 -0.250273 0.370911 -0.000000 0.000000 -0.000000 -0.232716 -0.461183 0.053609 -0.000001 -38.791356 0.000007 0.125668 -0.265692 -0.313595 -0.000000 0.000000 -0.000000 0.130146 -0.534334 -0.668620 -12.382659 0.000001 -9.258735 -0.113330 -0.268834 -0.313595 -0.000000 0.000000 -0.000000 -0.095191 -0.015211 -0.747160 -0.000001 -0.000001 -0.000000 
0.000000 -0.210014 0.052218 9.577158 0.000000 -0.000000 0.000000 -0.000000 -0.000000 -0.000001 0.000000 -0.000001 0.108498 0.010680 -0.004987 -51.910513 3.233828 -2.754348 0.042686 -0.033397 -0.412863 36.706249 4.702672 2.347132 0.051757 0.026022 -0.434841 -6.906977 -5.816532 -8.145475 0.014582 -0.140203 -0.041002 -0.000002 0.000001 0.000000 0.000000 0.031892 0.087417 -0.000003 0.000000 -0.000000 0.000000 -0.000295 0.129738 -0.000000 0.000000 -0.000000 0.000000 0.021603 0.135532 0.000003 0.000000 -0.000000 0.022776 -0.072500 0.132876 0.000001 0.000000 -0.000000 0.163716 0.004516 -0.030142 29.330304 23.861013 -1.254537 0.165715 0.002195 -0.189845 17.766840 8.169188 -9.106849 0.134640 -0.191983 -0.128679 -20.422447 16.986858 7.569700 0.001147 -0.048713 -0.006655 -0.000001 -0.000000 0.000003 0.011701 -0.029588 -0.016302 -0.000004 -0.000002 0.000000 0.018464 -0.075698 -0.024375 -0.000002 0.000004 0.000000 0.000000 -0.061697 0.207353 -0.000002 0.000000 -0.000000 0.000000 -0.018035 0.048318 -0.000003 0.000000 -0.000000 0.000000 -0.018035 0.048318 -0.000002 0.000000 -0.000000 -0.022776 -0.072500 0.132876 0.000001 -0.000000 0.000000 -0.163716 0.004516 -0.030142 -0.522852 -27.323214 8.756569 -0.165715 0.002195 -0.189845 5.220011 -5.584096 6.860060 -0.134640 -0.191983 -0.128679 -14.431765 -3.399414 -9.908349 -0.011509 -0.048713 0.001674 -0.000002 0.000000 0.000000 -0.011701 -0.029588 -0.016302 -0.000001 0.000003 -0.000001 -0.018463 -0.075698 -0.024375 -0.000004 0.000003 -0.000000 -0.000000 -0.000000 -0.000000 -0.000001 -0.000000 0.000001 -0.108498 0.010680 -0.004987 -8.950229 -6.381049 1.215893 -0.042813 -0.034513 -0.413943 27.175482 -2.238431 -2.406865 -0.057838 0.011271 -0.433514 -28.096943 7.245561 2.043135 -0.014582 -0.140202 -0.044665 -0.000002 0.000001 -0.000000 0.352207 -0.331174 0.370911 -0.000000 0.000000 -0.000000 0.253490 -0.139412 0.043517 38.570300 51.595071 -0.000012 -0.275499 -0.250273 0.370911 -0.000000 0.000000 -0.000000 -0.232716 -0.461183 0.053609 -0.000001 -38.791356 0.000007 0.125668 -0.265692 -0.313595 -0.000000 0.000000 -0.000000 0.130146 -0.534334 -0.668620 -12.382659 0.000001 -9.258735 -0.113330 -0.268834 -0.313595 -0.000000 0.000000 -0.000000 -0.095191 -0.015211 -0.747160 -0.000001 -0.000001 -0.000000 
0.000000 -0.210014 0.052218 9.577158 0.000000 -0.000000 0.000000 -0.000000 -0.000000 -0.000001 0.000000 -0.000001 0.108498 0.010680 -0.004987 -51.910513 3.233828 -2.754348 0.042686 -0.033397 -0.412863 36.706249 4.702672 2.347132 0.051757 0.026022 -0.434841 -6.906977 -5.816532 -8.145475 0.014582 -0.140203 -0.041002 -0.000002 0.000001 0.000000 0.000000 0.031892 0.087417 -0.000003 0.000000 -0.000000 0.000000 -0.000295 0.129738 -0.000000 0.000000 -0.000000 0.000000 0.021603 0.135532 0.000003 0.000000 -0.000000 0.022776 -0.072500 0.132876 0.000001 0.000000 -0.000000 0.163716 0.004516 -0.030142 29.330304 23.861013 -1.254537 0.165715 0.002195 -0.189845 17.766840 8.169188 -9.106849 0.134640 -0.191983 -0.128679 -20.422447 16.986858 7.569700 0.001147 -0.048713 -0.006655 -0.000001 -0.000000 0.000003 0.011701 -0.029588 -0.016302 -0.000004 -0.000002 0.000000 0.018464 -0.075698 -0.024375 -0.000002 0.000004 0.000000 0.000000 -0.061697 0.207353 -0.000002 0.000000 -0.000000 0.000000 -0.018035 0.048318 -0.000003 0.000000 -0.000000 0.000000 -0.018035 0.048318 -0.000002 0.000000 -0.000000 -0.022776 -0.072500 0.132876 0.000001 -0.000000 0.000000 -0.163716 0.004516 -0.030142 -0.522852 -27.323214 8.756569 -0.165715 0.002195 -0.189845 5.220011 -5.584096 6.860060 -0.134640 -0.191983 -0.128679 -14.431765 -3.399414 -9.908349 -0.011509 -0.048713 0.001674 -0.000002 0.000000 0.000000 -0.011701 -0.029588 -0.016302 -0.000001 0.000003 -0.000001 -0.018463 -0.075698 -0.024375 -0.000004 0.000003 -0.000000 -0.000000 -0.000000 -0.000000 -0.000001 -0.000000 0.000001 -0.108498 0.010680 -0.004987 -8.950229 -6.381049 1.215893 -0.042813 -0.034513 -0.413943 27.175482 -2.238431 -2.406865 -0.057838 0.011271 -0.433514 -28.096943 7.245561 2.043135 -0.014582 -0.140202 -0.044665 -0.000002 0.000001 -0.000000 0.352207 -0.331174 0.370911 -0.000000 0.000000 -0.000000 0.253490 -0.139412 0.043517 38.570300 51.595071 -0.000012 -0.275499 -0.250273 0.370911 -0.000000 0.000000 -0.000000 -0.232716 -0.461183 0.053609 -0.000001 -38.791356 0.000007 0.125668 -0.265692 -0.313595 -0.000000 0.000000 -0.000000 0.130146 -0.534334 -0.668620 -12.382659 0.000001 -9.258735 -0.113330 -0.268834 -0.313595 -0.000000 0.000000 -0.000000 -0.095191 -0.015211 -0.747160 -0.000001 -0.000001 -0.000000 
0.000000 -0.210014 0.052218 9.577158 0.000000 -0.000000 0.000000 -0.000000 -0.000000 -0.000001 0.000000 -0.000001 0.108498 0.010680 -0.004987 -51.910513 3.233828 -2.754348 0.042686 -0.033397 -0.412863 36.706249 4.702672 2.347132 0.051757 0.026022 -0.434841 -6.906977 -5.816532 -8.145475 0.014582 -0.140203 -0.041002 -0.000002 0.000001 0.000000 0.000000 0.031892 0.087417 -0.000003 0.000000 -0.000000 0.000000 -0.000295 0.129738 -0.000000 0.000000 -0.000000 0.000000 0.021603 0.135532 0.000003 0.000000 -0.000000 0.022776 -0.072500 0.132876 0.000001 0.000000 -0.000000 0.163716 0.004516 -0.030142 29.330304 23.861013 -1.254537 0.165715 0.002195 -0.189845 17.766840 8.169188 -9.106849 0.134640 -0.191983 -0.128679 -20.422447 16.986858 7.569700 0.001147 -0.048713 -0.006655 -0.000001 -0.000000 0.000003 0.011701 -0.029588 -0.016302 -0.000004 -0.000002 0.000000 0.018464 -0.075698 -0.024375 -0.000002 0.000004 0.000000 0.000000 -0.061697 0.207353 -0.000002 0.000000 -0.000000 0.000000 -0.018035 0.048318 -0.000003 0.000000 -0.000000 0.000000 -0.018035 0.048318 -0.000002 0.000000 -0.000000 -0.022776 -0.072500 0.132876 0.000001 -0.000000 0.000000 -0.163716 0.004516 -0.030142 -0.522852 -27.323214 8.756569 -0.165715 0.002195 -0.189845 5.220011 -5.584096 6.860060 -0.134640 -0.191983 -0.128679 -14.431765 -3.399414 -9.908349 -0.011509 -0.048713 0.001674 -0.000002 0.000000 0.000000 -0.011701 -0.029588 -0.016302 -0.000001 0.000003 -0.000001 -0.018463 -0.075698 -0.024375 -0.000004 0.000003 -0.000000 -0.000000 -0.000000 -0.000000 -0.000001 -0.000000 0.000001 -0.108498 0.010680 -0.004987 -8.950229 -6.381049 1.215893 -0.042813 -0.034513 -0.413943 27.175482 -2.238431 -2.406865 -0.057838 0.011271 -0.433514 -28.096943 7.245561 2.043135 -0.014582 -0.140202 -0.044665 -0.000002 0.000001 -0.000000 0.352207 -0.331174 0.370911 -0.000000 0.000000 -0.000000 0.253490 -0.139412 0.043517 38.570300 51.595071 -0.000012 -0.275499 -0.250273 0.370911 -0.000000 0.000000 -0.000000 -0.232716 -0.461183 0.053609 -0.000001 -38.791356 0.000007 0.125668 -0.265692 -0.313595 -0.000000 0.000000 -0.000000 0.130146 -0.534334 -0.668620 -12.382659 0.000001 -9.258735 -0.113330 -0.268834 -0.313595 -0.000000 0.000000 -0.000000 -0.095191 -0.015211 -0.747160 -0.000001 -0.000001 -0.000000 
0.000000 -0.210014 0.052218 9.577158 0.000000 -0.000000 0.000000 -0.000000 -0.000000 -0.000001 0.000000 -0.000001 0.108498 0.010680 -0.004987 -51.910513 3.233828 -2.754348 0.042686 -0.033397 -0.412863 36.706249 4.702672 2.347132 0.051757 0.026022 -0.434841 -6.906977 -5.816532 -8.145475 0.014582 -0.140203 -0.041002 -0.000002 0.000001 0.000000 0.000000 0.031892 0.087417 -0.000003 0.000000 -0.000000 0.000000 -0.000295 0.129738 -0.000000 0.000000 -0.000000 0.000000 0.021603 0.135532 0.000003 0.000000 -0.000000 0.022776 -0.072500 0.132876 0.000001 0.000000 -0.000000 0.163716 0.004516 -0.030142 29.330304 23.861013 -1.254537 0.165715 0.002195 -0.189845 17.766840 8.169188 -9.106849 0.134640 -0.191983 -0.128679 -20.422447 16.986858 7.569700 0.001147 -0.048713 -0.006655 -0.000001 -0.000000 0.000003 0.011701 -0.029588 -0.016302 -0.000004 -0.000002 0.000000 0.018464 -0.075698 -0.024375 -0.000002 0.000004 0.000000 0.000000 -0.061697 0.207353 -0.000002 0.000000 -0.000000 0.000000 -0.018035 0.048318 -0.000003 0.000000 -0.000000 0.000000 -0.018035 0.048318 -0.000002 0.000000 -0.000000 -0.022776 -0.072500 0.132876 0.000001 -0.000000 0.000000 -0.163716 0.004516 -0.030142 -0.522852 -27.323214 8.756569 -0.165715 0.002195 -0.189845 5.220011 -5.584096 6.860060 -0.134640 -0.191983 -0.128679 -14.431765 -3.399414 -9.908349 -0.011509 -0.048713 0.001674 -0.000002 0.000000 0.000000 -0.011701 -0.029588 -0.016302 -0.000001 0.000003 -0.000001 -0.018463 -0.075698 -0.024375 -0.000004 0.000003 -0.000000 -0.000000 -0.000000 -0.000000 -0.000001 -0.000000 0.000001 -0.108498 0.010680 -0.004987 -8.950229 -6.381049 1.215893 -0.042813 -0.034513 -0.413943 27.175482 -2.238431 -2.406865 -0.057838 0.011271 -0.433514 -28.096943 7.245561 2.043135 -0.014582 -0.140202 -0.044665 -0.000002 0.000001 -0.000000 0.352207 -0.331174 0.370911 -0.000000 0.000000 -0.000000 0.253490 -0.139412 0.043517 38.570300 51.595071 -0.000012 -0.275499 -0.250273 0.370911 -0.000000 0.000000 -0.000000 -0.232716 -0.461183 0.053609 -0.000001 -38.791356 0.000007 0.125668 -0.265692 -0.313595 -0.000000 0.000000 -0.000000 0.130146 -0.534334 -0.668620 -12.382659 0.000001 -9.258735 -0.113330 -0.268834 -0.313595 -0.000000 0.000000 -0.000000 -0.095191 -0.015211 -0.747160 -0.000001 -0.000001 -0.000000 
0.000000 -0.210014 0.052218 9.577158 0.000000 -0.000000 0.000000 -0.000000 -0.000000 -0.000001 0.000000 -0.000001 0.108498 0.010680 -0.004987 -51.910513 3.233828 -2.754348 0.042686 -0.033397 -0.412863 36.706249 4.702672 2.347132 0.051757 0.026022 -0.434841 -6.906977 -5.816532 -8.145475 0.014582 -0.140203 -0.041002 -0.000002 0.000001 0.000000 0.000000 0.031892 0.087417 -0.000003 0.000000 -0.000000 0.000000 -0.000295 0.129738 -0.000000 0.000000 -0.000000 0.000000 0.021603 0.135532 0.000003 0.000000 -0.000000 0.022776 -0.072500 0.132876 0.000001 0.000000 -0.000000 0.163716 0.004516 -0.030142 29.330304 23.861013 -1.254537 0.165715 0.002195 -0.189845 17.766840 8.169188 -9.106849 0.134640 -0.191983 -0.128679 -20.422447 16.986858 7.569700 0.001147 -0.048713 -0.006655 -0.000001 -0.000000 0.000003 0.011701 -0.029588 -0.016302 -0.000004 -0.000002 0.000000 0.018464 -0.075698 -0.024375 -0.000002 0.000004 0.000000 0.000000 -0.061697 0.207353 -0.000002 0.000000 -0.000000 0.000000 -0.018035 0.048318 -0.000003 0.000000 -0.000000 0.000000 -0.018035 0.048318 -0.000002 0.000000 -0.000000 -0.022776 -0.072500 0.132876 0.000001 -0.000000 0.000000 -0.163716 0.004516 -0.030142 -0.522852 -27.323214 8.756569 -0.165715 0.002195 -0.189845 5.220011 -5.584096 6.860060 -0.134640 -0.191983 -0.128679 -14.431765 -3.399414 -9.908349 -0.011509 -0.048713 0.001674 -0.000002 0.000000 0.000000 -0.011701 -0.029588 -0.016302 -0.000001 0.000003 -0.000001 -0.018463 -0.075698 -0.024375 -0.000004 0.000003 -0.000000 -0.000000 -0.000000 -0.000000 -0.000001 -0.000000 0.000001 -0.108498 0.010680 -0.004987 -8.950229 -6.381049 1.215893 -0.042813 -0.034513 -0.413943 27.175482 -2.238431 -2.406865 -0.057838 0.011271 -0.433514 -28.096943 7.245561 2.043135 -0.014582 -0.140202 -0.044665 -0.000002 0.000001 -0.000000 0.352207 -0.331174 0.370911 -0.000000 0.000000 -0.000000 0.253490 -0.139412 0.043517 38.570300 51.595071 -0.000012 -0.275499 -0.250273 0.370911 -0.000000 0.000000 -0.000000 -0.232716 -0.461183 0.053609 -0.000001 -38.791356 0.000007 0.125668 -0.265692 -0.313595 -0.000000 0.000000 -0.000000 0.130146 -0.534334 -0.668620 -12.382659 0.000001 -9.258735 -0.113330 -0.268834 -0.313595 -0.000000 0.000000 -0.000000 -0.095191 -0.015211 -0.747160 -0.000001 -0.000001 -0.000000 
0.000000 -0.210014 0.052218 9.577158 0.000000 -0.000000 0.000000 -0.000000 -0.000000 -0.000001 0.000000 -0.000001 0.108498 0.010680 -0.004987 -51.910513 3.233828 -2.754348 0.042686 -0.033397 -0.412863 36.706249 4.702672 2.347132 0.051757 0.026022 -0.434841 -6.906977 -5.816532 -8.145475 0.014582 -0.140203 -0.041002 -0.000002 0.000001 0.000000 0.000000 0.031892 0.087417 -0.000003 0.000000 -0.000000 0.000000 -0.000295 0.129738 -0.000000 0.000000 -0.000000 0.000000 0.021603 0.135532 0.000003 0.000000 -0.000000 0.022776 -0.072500 0.132876 0.000001 0.000000 -0.000000 0.163716 0.004516 -0.030142 29.330304 23.861013 -1.254537 0.165715 0.002195 -0.189845 17.766840 8.169188 -9.106849 0.134640 -0.191983 -0.128679 -20.422447 16.986858 7.569700 0.001147 -0.048713 -0.006655 -0.000001 -0.000000 0.000003 0.011701 -0.029588 -0.016302 -0.000004 -0.000002 0.000000 0.018464 -0.075698 -0.024375 -0.000002 0.000004 0.000000 0.000000 -0.061697 0.207353 -0.000002 0.000000 -0.000000 0.000000 -0.018035 0.048318 -0.000003 0.000000 -0.000000 0.000000 -0.018035 0.048318 -0.000002 0.000000 -0.000000 -0.022776 -0.072500 0.132876 0.000001 -0.000000 0.000000 -0.163716 0.004516 -0.030142 -0.522852 -27.323214 8.756569 -0.165715 0.002195 -0.189845 5.220011 -5.584096 6.860060 -0.134640 -0.191983 -0.128679 -14.431765 -3.399414 -9.908349 -0.011509 -0.048713 0.001674 -0.000002 0.000000 0.000000 -0.011701 -0.029588 -0.016302 -0.000001 0.000003 -0.000001 -0.018463 -0.075698 -0.024375 -0.000004 0.000003 -0.000000 -0.000000 -0.000000 -0.000000 -0.000001 -0.000000 0.000001 -0.108498 0.010680 -0.004987 -8.950229 -6.381049 1.215893 -0.042813 -0.034513 -0.413943 27.175482 -2.238431 -2.406865 -0.057838 0.011271 -0.433514 -28.096943 7.245561 2.043135 -0.014582 -0.140202 -0.044665 -0.000002 0.000001 -0.000000 0.352207 -0.331174 0.370911 -0.000000 0.000000 -0.000000 0.253490 -0.139412 0.043517 38.570300 51.595071 -0.000012 -0.275499 -0.250273 0.370911 -0.000000 0.000000 -0.000000 -0.232716 -0.461183 0.053609 -0.000001 -38.791356 0.000007 0.125668 -0.265692 -0.313595 -0.000000 0.000000 -0.000000 0.130146 -0.534334 -0.668620 -12.382659 0.000001 -9.258735 -0.113330 -0.268834 -0.313595 -0.000000 0.000000 -0.000000 -0.095191 -0.015211 -0.747160 -0.000001 -0.000001 -0.000000 
0.000000 -0.210014 0.052218 9.577158 0.000000 -0.000000 0.000000 -0.000000 -0.000000 -0.000001 0.000000 -0.000001 0.108498 0.010680 -0.004987 -51.910513 3.233828 -2.754348 0.042686 -0.033397 -0.412863 36.706249 4.702672 2.347132 0.051757 0.026022 -0.434841 -6.906977 -5.816532 -8.145475 0.014582 -0.140203 -0.041002 -0.000002 0.000001 0.000000 0.000000 0.031892 0.087417 -0.000003 0.000000 -0.000000 0.000000 -0.000295 0.129738 -0.000000 0.000000 -0.000000 0.000000 0.021603 0.135532 0.000003 0.000000 -0.000000 0.022776 -0.072500 0.132876 0.000001 0.000000 -0.000000 0.163716 0.004516 -0.030142 29.330304 23.861013 -1.254537 0.165715 0.002195 -0.189845 17.766840 8.169188 -9.106849 0.134640 -0.191983 -0.128679 -20.422447 16.986858 7.569700 0.001147 -0.048713 -0.006655 -0.000001 -0.000000 0.000003 0.011701 -0.029588 -0.016302 -0.000004 -0.000002 0.000000 0.018464 -0.075698 -0.024375 -0.000002 0.000004 0.000000 0.000000 -0.061697 0.207353 -0.000002 0.000000 -0.000000 0.000000 -0.018035 0.048318 -0.000003 0.000000 -0.000000 0.000000 -0.018035 0.048318 -0.000002 0.000000 -0.000000 -0.022776 -0.072500 0.132876 0.000001 -0.000000 0.000000 -0.163716 0.004516 -0.030142 -0.522852 -27.323214 8.756569 -0.165715 0.002195 -0.189845 5.220011 -5.584096 6.860060 -0.134640 -0.191983 -0.128679 -14.431765 -3.399414 -9.908349 -0.011509 -0.048713 0.001674 -0.000002 0.000000 0.000000 -0.011701 -0.029588 -0.016302 -0.000001 0.000003 -0.000001 -0.018463 -0.075698 -0.024375 -0.000004 0.000003 -0.000000 -0.000000 -0.000000 -0.000000 -0.000001 -0.000000 0.000001 -0.108498 0.010680 -0.004987 -8.950229 -6.381049 1.215893 -0.042813 -0.034513 -0.413943 27.175482 -2.238431 -2.406865 -0.057838 0.011271 -0.433514 -28.096943 7.245561 2.043135 -0.014582 -0.140202 -0.044665 -0.000002 0.000001 -0.000000 0.352207 -0.331174 0.370911 -0.000000 0.000000 -0.000000 0.253490 -0.139412 0.043517 38.570300 51.595071 -0.000012 -0.275499 -0.250273 0.370911 -0.000000 0.000000 -0.000000 -0.232716 -0.461183 0.053609 -0.000001 -38.791356 0.000007 0.125668 -0.265692 -0.313595 -0.000000 0.000000 -0.000000 0.130146 -0.534334 -0.668620 -12.382659 0.000001 -9.258735 -0.113330 -0.268834 -0.313595 -0.000000 0.000000 -0.000000 -0.095191 -0.015211 -0.747160 -0.000001 -0.000001 -0.000000 
0.000000 -0.210014 0.052218 9.577158 0.000000 -0.000000 0.000000 -0.000000 -0.000000 -0.000001 0.000000 -0.000001 0.108498 0.010680 -0.004987 -51.910513 3.233828 -2.754348 0.042686 -0.033397 -0.412863 36.706249 4.702672 2.347132 0.051757 0.026022 -0.434841 -6.906977 -5.816532 -8.145475 0.014582 -0.140203 -0.041002 -0.000002 0.000001 0.000000 0.000000 0.031892 0.087417 -0.000003 0.000000 -0.000000 0.000000 -0.000295 0.129738 -0.000000 0.000000 -0.000000 0.000000 0.021603 0.135532 0.000003 0.000000 -0.000000 0.022776 -0.072500 0.132876 0.000001 0.000000 -0.000000 0.163716 0.004516 -0.030142 29.330304 23.861013 -1.254537 0.165715 0.002195 -0.189845 17.766840 8.169188 -9.106849 0.134640 -0.191983 -0.128679 -20.422447 16.986858 7.569700 0.001147 -0.048713 -0.006655 -0.000001 -0.000000 0.000003 0.011701 -0.029588 -0.016302 -0.000004 -0.000002 0.000000 0.018464 -0.075698 -0.024375 -0.000002 0.000004 0.000000 0.000000 -0.061697 0.207353 -0.000002 0.000000 -0.000000 0.000000 -0.018035 0.048318 -0.000003 0.000000 -0.000000 0.000000 -0.018035 0.048318 -0.000002 0.000000 -0.000000 -0.022776 -0.072500 0.132876 0.000001 -0.000000 0.000000 -0.163716 0.004516 -0.030142 -0.522852 -27.323214 8.756569 -0.165715 0.002195 -0.189845 5.220011 -5.584096 6.860060 -0.134640 -0.191983 -0.128679 -14.431765 -3.399414 -9.908349 -0.011509 -0.048713 0.001674 -0.000002 0.000000 0.000000 -0.011701 -0.029588 -0.016302 -0.000001 0.000003 -0.000001 -0.018463 -0.075698 -0.024375 -0.000004 0.000003 -0.000000 -0.000000 -0.000000 -0.000000 -0.000001 -0.000000 0.000001 -0.108498 0.010680 -0.004987 -8.950229 -6.381049 1.215893 -0.042813 -0.034513 -0.413943 27.175482 -2.238431 -2.406865 -0.057838 0.011271 -0.433514 -28.096943 7.245561 2.043135 -0.014582 -0.140202 -0.044665 -0.000002 0.000001 -0.000000 0.352207 -0.331174 0.370911 -0.000000 0.000000 -0.000000 0.253490 -0.139412 0.043517 38.570300 51.595071 -0.000012 -0.275499 -0.250273 0.370911 -0.000000 0.000000 -0.000000 -0.232716 -0.461183 0.053609 -0.000001 -38.791356 0.000007 0.125668 -0.265692 -0.313595 -0.000000 0.000000 -0.000000 0.130146 -0.534334 -0.668620 -12.382659 0.000001 -9.258735 -0.113330 -0.268834 -0.313595 -0.000000 0.000000 -0.000000 -0.095191 -0.015211 -0.747160 -0.000001 -0.000001 -0.000000 
0.000000 -0.210014 0.052218 9.577158 0.000000 -0.000000 0.000000 -0.000000 -0.000000 -0.000001 0.000000 -0.000001 0.108498 0.010680 -0.004987 -51.910513 3.233828 -2.754348 0.042686 -0.033397 -0.412863 36.706249 4.702672 2.347132 0.051757 0.026022 -0.434841 -6.906977 -5.816532 -8.145475 0.014582 -0.140203 -0.041002 -0.000002 0.000001 0.000000 0.000000 0.031892 0.087417 -0.000003 0.000000 -0.000000 0.000000 -0.000295 0.129738 -0.000000 0.000000 -0.000000 0.000000 0.021603 0.135532 0.000003 0.000000 -0.000000 0.022776 -0.072500 0.132876 0.000001 0.000000 -0.000000 0.163716 0.004516 -0.030142 29.330304 23.861013 -1.254537 0.165715 0.002195 -0.189845 17.766840 8.169188 -9.106849 0.134640 -0.191983 -0.128679 -20.422447 16.986858 7.569700 0.001147 -0.048713 -0.006655 -0.000001 -0.000000 0.000003 0.011701 -0.029588 -0.016302 -0.000004 -0.000002 0.000000 0.018464 -0.075698 -0.024375 -0.000002 0.000004 0.000000 0.000000 -0.061697 0.207353 -0.000002 0.000000 -0.000000 0.000000 -0.018035 0.048318 -0.000003 0.000000 -0.000000 0.000000 -0.018035 0.048318 -0.000002 0.000000 -0.000000 -0.022776 -0.072500 0.132876 0.000001 -0.000000 0.000000 -0.163716 0.004516 -0.030142 -0.522852 -27.323214 8.756569 -0.165715 0.002195 -0.189845 5.220011 -5.584096 6.860060 -0.134640 -0.191983 -0.128679 -14.431765 -3.399414 -9.908349 -0.011509 -0.048713 0.001674 -0.000002 0.000000 0.000000 -0.011701 -0.029588 -0.016302 -0.000001 0.000003 -0.000001 -0.018463 -0.075698 -0.024375 -0.000004 0.000003 -0.000000 -0.000000 -0.000000 -0.000000 -0.000001 -0.000000 0.000001 -0.108498 0.010680 -0.004987 -8.950229 -6.381049 1.215893 -0.042813 -0.034513 -0.413943 27.175482 -2.238431 -2.406865 -0.057838 0.011271 -0.433514 -28.096943 7.245561 2.043135 -0.014582 -0.140202 -0.044665 -0.000002 0.000001 -0.000000 0.352207 -0.331174 0.370911 -0.000000 0.000000 -0.000000 0.253490 -0.139412 0.043517 38.570300 51.595071 -0.000012 -0.275499 -0.250273 0.370911 -0.000000 0.000000 -0.000000 -0.232716 -0.461183 0.053609 -0.000001 -38.791356 0.000007 0.125668 -0.265692 -0.313595 -0.000000 0.000000 -0.000000 0.130146 -0.534334 -0.668620 -12.382659 0.000001 -9.258735 -0.113330 -0.268834 -0.313595 -0.000000 0.000000 -0.000000 -0.095191 -0.015211 -0.747160 -0.000001 -0.000001 -0.000000 
0.000000 -0.210014 0.052218 9.577158 0.000000 -0.000000 0.000000 -0.000000 -0.000000 -0.000001 0.000000 -0.000001 0.108498 0.010680 -0.004987 -51.910513 3.233828 -2.754348 0.042686 -0.033397 -0.412863 36.706249 4.702672 2.347132 0.051757 0.026022 -0.434841 -6.906977 -5.816532 -8.145475 0.014582 -0.140203 -0.041002 -0.000002 0.000001 0.000000 0.000000 0.031892 0.087417 -0.000003 0.000000 -0.000000 0.000000 -0.000295 0.129738 -0.000000 0.000000 -0.000000 0.000000 0.021603 0.135532 0.000003 0.000000 -0.000000 0.022776 -0.072500 0.132876 0.000001 0.000000 -0.000000 0.163716 0.004516 -0.030142 29.330304 23.861013 -1.254537 0.165715 0.002195 -0.189845 17.766840 8.169188 -9.106849 0.134640 -0.191983 -0.128679 -20.422447 16.986858 7.569700 0.001147 -0.048713 -0.006655 -0.000001 -0.000000 0.000003 0.011701 -0.029588 -0.016302 -0.000004 -0.000002 0.000000 0.018464 -0.075698 -0.024375 -0.000002 0.000004 0.000000 0.000000 -0.061697 0.207353 -0.000002 0.000000 -0.000000 0.000000 -0.018035 0.048318 -0.000003 0.000000 -0.000000 0.000000 -0.018035 0.048318 -0.000002 0.000000 -0.000000 -0.022776 -0.072500 0.132876 0.000001 -0.000000 0.000000 -0.163716 0.004516 -0.030142 -0.522852 -27.323214 8.756569 -0.165715 0.002195 -0.189845 5.220011 -5.584096 6.860060 -0.134640 -0.191983 -0.128679 -14.431765 -3.399414 -9.908349 -0.011509 -0.048713 0.001674 -0.000002 0.000000 0.000000 -0.011701 -0.029588 -0.016302 -0.000001 0.000003 -0.000001 -0.018463 -0.075698 -0.024375 -0.000004 0.000003 -0.000000 -0.000000 -0.000000 -0.000000 -0.000001 -0.000000 0.000001 -0.108498 0.010680 -0.004987 -8.950229 -6.381049 1.215893 -0.042813 -0.034513 -0.413943 27.175482 -2.238431 -2.406865 -0.057838 0.011271 -0.433514 -28.096943 7.245561 2.043135 -0.014582 -0.140202 -0.044665 -0.000002 0.000001 -0.000000 0.352207 -0.331174 0.370911 -0.000000 0.000000 -0.000000 0.253490 -0.139412 0.043517 38.570300 51.595071 -0.000012 -0.275499 -0.250273 0.370911 -0.000000 0.000000 -0.000000 -0.232716 -0.461183 0.053609 -0.000001 -38.791356 0.000007 0.125668 -0.265692 -0.313595 -0.000000 0.000000 -0.000000 0.130146 -0.534334 -0.668620 -12.382659 0.000001 -9.258735 -0.113330 -0.268834 -0.313595 -0.000000 0.000000 -0.000000 -0.095191 -0.015211 -0.747160 -0.000001 -0.000001 -0.000000 
0.000000 -0.210014 0.052218 9.577158 0.000000 -0.000000 0.000000 -0.000000 -0.000000 -0.000001 0.000000 -0.000001 0.108498 0.010680 -0.004987 -51.910513 3.233828 -2.754348 0.042686 -0.033397 -0.412863 36.706249 4.702672 2.347132 0.051757 0.026022 -0.434841 -6.906977 -5.816532 -8.145475 0.014582 -0.140203 -0.041002 -0.000002 0.000001 0.000000 0.000000 0.031892 0.087417 -0.000003 0.000000 -0.000000 0.000000 -0.000295 0.129738 -0.000000 0.000000 -0.000000 0.000000 0.021603 0.135532 0.000003 0.000000 -0.000000 0.022776 -0.072500 0.132876 0.000001 0.000000 -0.000000 0.163716 0.004516 -0.030142 29.330304 23.861013 -1.254537 0.165715 0.002195 -0.189845 17.766840 8.169188 -9.106849 0.134640 -0.191983 -0.128679 -20.422447 16.986858 7.569700 0.001147 -0.048713 -0.006655 -0.000001 -0.000000 0.000003 0.011701 -0.029588 -0.016302 -0.000004 -0.000002 0.000000 0.018464 -0.075698 -0.024375 -0.000002 0.000004 0.000000 0.000000 -0.061697 0.207353 -0.000002 0.000000 -0.000000 0.000000 -0.018035 0.048318 -0.000003 0.000000 -0.000000 0.000000 -0.018035 0.048318 -0.000002 0.000000 -0.000000 -0.022776 -0.072500 0.132876 0.000001 -0.000000 0.000000 -0.163716 0.004516 -0.030142 -0.522852 -27.323214 8.756569 -0.165715 0.002195 -0.189845 5.220011 -5.584096 6.860060 -0.134640 -0.191983 -0.128679 -14.431765 -3.399414 -9.908349 -0.011509 -0.048713 0.001674 -0.000002 0.000000 0.000000 -0.011701 -0.029588 -0.016302 -0.000001 0.000003 -0.000001 -0.018463 -0.075698 -0.024375 -0.000004 0.000003 -0.000000 -0.000000 -0.000000 -0.000000 -0.000001 -0.000000 0.000001 -0.108498 0.010680 -0.004987 -8.950229 -6.381049 1.215893 -0.042813 -0.034513 -0.413943 27.175482 -2.238431 -2.406865 -0.057838 0.011271 -0.433514 -28.096943 7.245561 2.043135 -0.014582 -0.140202 -0.044665 -0.000002 0.000001 -0.000000 0.352207 -0.331174 0.370911 -0.000000 0.000000 -0.000000 0.253490 -0.139412 0.043517 38.570300 51.595071 -0.000012 -0.275499 -0.250273 0.370911 -0.000000 0.000000 -0.000000 -0.232716 -0.461183 0.053609 -0.000001 -38.791356 0.000007 0.125668 -0.265692 -0.313595 -0.000000 0.000000 -0.000000 0.130146 -0.534334 -0.668620 -12.382659 0.000001 -9.258735 -0.113330 -0.268834 -0.313595 -0.000000 0.000000 -0.000000 -0.095191 -0.015211 -0.747160 -0.000001 -0.000001 -0.000000 
0.000000 -0.210014 0.052218 9.577158 0.000000 -0.000000 0.000000 -0.000000 -0.000000 -0.000001 0.000000 -0.000001 0.108498 0.010680 -0.004987 -51.910513 3.233828 -2.754348 0.042686 -0.033397 -0.412863 36.706249 4.702672 2.347132 0.051757 0.026022 -0.434841 -6.906977 -5.816532 -8.145475 0.014582 -0.140203 -0.041002 -0.000002 0.000001 0.000000 0.000000 0.031892 0.087417 -0.000003 0.000000 -0.000000 0.000000 -0.000295 0.129738 -0.000000 0.000000 -0.000000 0.000000 0.021603 0.135532 0.000003 0.000000 -0.000000 0.022776 -0.072500 0.132876 0.000001 0.000000 -0.000000 0.163716 0.004516 -0.030142 29.330304 23.861013 -1.254537 0.165715 0.002195 -0.189845 17.766840 8.169188 -9.106849 0.134640 -0.191983 -0.128679 -20.422447 16.986858 7.569700 0.001147 -0.048713 -0.006655 -0.000001 -0.000000 0.000003 0.011701 -0.029588 -0.016302 -0.000004 -0.000002 0.000000 0.018464 -0.075698 -0.024375 -0.000002 0.000004 0.000000 0.000000 -0.061697 0.207353 -0.000002 0.000000 -0.000000 0.000000 -0.018035 0.048318 -0.000003 0.000000 -0.000000 0.000000 -0.018035 0.048318 -0.000002 0.000000 -0.000000 -0.022776 -0.072500 0.132876 0.000001 -0.000000 0.000000 -0.163716 0.004516 -0.030142 -0.522852 -27.323214 8.756569 -0.165715 0.002195 -0.189845 5.220011 -5.584096 6.860060 -0.134640 -0.191983 -0.128679 -14.431765 -3.399414 -9.908349 -0.011509 -0.048713 0.001674 -0.000002 0.000000 0.000000 -0.011701 -0.029588 -0.016302 -0.000001 0.000003 -0.000001 -0.018463 -0.075698 -0.024375 -0.000004 0.000003 -0.000000 -0.000000 -0.000000 -0.000000 -0.000001 -0.000000 0.000001 -0.108498 0.010680 -0.004987 -8.950229 -6.381049 1.215893 -0.042813 -0.034513 -0.413943 27.175482 -2.238431 -2.406865 -0.057838 0.011271 -0.433514 -28.096943 7.245561 2.043135 -0.014582 -0.140202 -0.044665 -0.000002 0.000001 -0.000000 0.352207 -0.331174 0.370911 -0.000000 0.000000 -0.000000 0.253490 -0.139412 0.043517 38.570300 51.595071 -0.000012 -0.275499 -0.250273 0.370911 -0.000000 0.000000 -0.000000 -0.232716 -0.461183 0.053609 -0.000001 -38.791356 0.000007 0.125668 -0.265692 -0.313595 -0.000000 0.000000 -0.000000 0.130146 -0.534334 -0.668620 -12.382659 0.000001 -9.258735 -0.113330 -0.268834 -0.313595 -0.000000 0.000000 -0.000000 -0.095191 -0.015211 -0.747160 -0.000001 -0.000001 -0.000000 
0.000000 -0.210014 0.052218 9.577158 0.000000 -0.000000 0.000000 -0.000000 -0.000000 -0.000001 0.000000 -0.000001 0.108498 0.010680 -0.004987 -51.910513 3.233828 -2.754348 0.042686 -0.033397 -0.412863 36.706249 4.702672 2.347132 0.051757 0.026022 -0.434841 -6.906977 -5.816532 -8.145475 0.014582 -0.140203 -0.041002 -0.000002 0.000001 0.000000 0.000000 0.031892 0.087417 -0.000003 0.000000 -0.000000 0.000000 -0.000295 0.129738 -0.000000 0.000000 -0.000000 0.000000 0.021603 0.135532 0.000003 0.000000 -0.000000 0.022776 -0.072500 0.132876 0.000001 0.000000 -0.000000 0.163716 0.004516 -0.030142 29.330304 23.861013 -1.254537 0.165715 0.002195 -0.189845 17.766840 8.169188 -9.106849 0.134640 -0.191983 -0.128679 -20.422447 16.986858 7.569700 0.001147 -0.048713 -0.006655 -0.000001 -0.000000 0.000003 0.011701 -0.029588 -0.016302 -0.000004 -0.000002 0.000000 0.018464 -0.075698 -0.024375 -0.000002 0.000004 0.000000 0.000000 -0.061697 0.207353 -0.000002 0.000000 -0.000000 0.000000 -0.018035 0.048318 -0.000003 0.000000 -0.000000 0.000000 -0.018035 0.048318 -0.000002 0.000000 -0.000000 -0.022776 -0.072500 0.132876 0.000001 -0.000000 0.000000 -0.163716 0.004516 -0.030142 -0.522852 -27.323214 8.756569 -0.165715 0.002195 -0.189845 5.220011 -5.584096 6.860060 -0.134640 -0.191983 -0.128679 -14.431765 -3.399414 -9.908349 -0.011509 -0.048713 0.001674 -0.000002 0.000000 0.000000 -0.011701 -0.029588 -0.016302 -0.000001 0.000003 -0.000001 -0.018463 -0.075698 -0.024375 -0.000004 0.000003 -0.000000 -0.000000 -0.000000 -0.000000 -0.000001 -0.000000 0.000001 -0.108498 0.010680 -0.004987 -8.950229 -6.381049 1.215893 -0.042813 -0.034513 -0.413943 27.175482 -2.238431 -2.406865 -0.057838 0.011271 -0.433514 -28.096943 7.245561 2.043135 -0.014582 -0.140202 -0.044665 -0.000002 0.000001 -0.000000 0.352207 -0.331174 0.370911 -0.000000 0.000000 -0.000000 0.253490 -0.139412 0.043517 38.570300 51.595071 -0.000012 -0.275499 -0.250273 0.370911 -0.000000 0.000000 -0.000000 -0.232716 -0.461183 0.053609 -0.000001 -38.791356 0.000007 0.125668 -0.265692 -0.313595 -0.000000 0.000000 -0.000000 0.130146 -0.534334 -0.668620 -12.382659 0.000001 -9.258735 -0.113330 -0.268834 -0.313595 -0.000000 0.000000 -0.000000 -0.095191 -0.015211 -0.747160 -0.000001 -0.000001 -0.000000 
0.000000 -0.210014 0.052218 9.577158 0.000000 -0.000000 0.000000 -0.000000 -0.000000 -0.000001 0.000000 -0.000001 0.108498 0.010680 -0.004987 -51.910513 3.233828 -2.754348 0.042686 -0.033397 -0.412863 36.706249 4.702672 2.347132 0.051757 0.026022 -0.434841 -6.906977 -5.816532 -8.145475 0.014582 -0.140203 -0.041002 -0.000002 0.000001 0.000000 0.000000 0.031892 0.087417 -0.000003 0.000000 -0.000000 0.000000 -0.000295 0.129738 -0.000000 0.000000 -0.000000 0.000000 0.021603 0.135532 0.000003 0.000000 -0.000000 0.022776 -0.072500 0.132876 0.000001 0.000000 -0.000000 0.163716 0.004516 -0.030142 29.330304 23.861013 -1.254537 0.165715 0.002195 -0.189845 17.766840 8.169188 -9.106849 0.134640 -0.191983 -0.128679 -20.422447 16.986858 7.569700 0.001147 -0.048713 -0.006655 -0.000001 -0.000000 0.000003 0.011701 -0.029588 -0.016302 -0.000004 -0.000002 0.000000 0.018464 -0.075698 -0.024375 -0.000002 0.000004 0.000000 0.000000 -0.061697 0.207353 -0.000002 0.000000 -0.000000 0.000000 -0.018035 0.048318 -0.000003 0.000000 -0.000000 0.000000 -0.018035 0.048318 -0.000002 0.000000 -0.000000 -0.022776 -0.072500 0.132876 0.000001 -0.000000 0.000000 -0.163716 0.004516 -0.030142 -0.522852 -27.323214 8.756569 -0.165715 0.002195 -0.189845 5.220011 -5.584096 6.860060 -0.134640 -0.191983 -0.128679 -14.431765 -3.399414 -9.908349 -0.011509 -0.048713 0.001674 -0.000002 0.000000 0.000000 -0.011701 -0.029588 -0.016302 -0.000001 0.000003 -0.000001 -0.018463 -0.075698 -0.024375 -0.000004 0.000003 -0.000000 -0.000000 -0.000000 -0.000000 -0.000001 -0.000000 0.000001 -0.108498 0.010680 -0.004987 -8.950229 -6.381049 1.215893 -0.042813 -0.034513 -0.413943 27.175482 -2.238431 -2.406865 -0.057838 0.011271 -0.433514 -28.096943 7.245561 2.043135 -0.014582 -0.140202 -0.044665 -0.000002 0.000001 -0.000000 0.352207 -0.331174 0.370911 -0.000000 0.000000 -0.000000 0.253490 -0.139412 0.043517 38.570300 51.595071 -0.000012 -0.275499 -0.250273 0.370911 -0.000000 0.000000 -0.000000 -0.232716 -0.461183 0.053609 -0.000001 -38.791356 0.000007 0.125668 -0.265692 -0.313595 -0.000000 0.000000 -0.000000 0.130146 -0.534334 -0.668620 -12.382659 0.000001 -9.258735 -0.113330 -0.268834 -0.313595 -0.000000 0.000000 -0.000000 -0.095191 -0.015211 -0.747160 -0.000001 -0.000001 -0.000000 
0.000000 -0.210014 0.052218 9.577158 0.000000 -0.000000 0.000000 -0.000000 -0.000000 -0.000001 0.000000 -0.000001 0.108498 0.010680 -0.004987 -51.910513 3.233828 -2.754348 0.042686 -0.033397 -0.412863 36.706249 4.702672 2.347132 0.051757 0.026022 -0.434841 -6.906977 -5.816532 -8.145475 0.014582 -0.140203 -0.041002 -0.000002 0.000001 0.000000 0.000000 0.031892 0.087417 -0.000003 0.000000 -0.000000 0.000000 -0.000295 0.129738 -0.000000 0.000000 -0.000000 0.000000 0.021603 0.135532 0.000003 0.000000 -0.000000 0.022776 -0.072500 0.132876 0.000001 0.000000 -0.000000 0.163716 0.004516 -0.030142 29.330304 23.861013 -1.254537 0.165715 0.002195 -0.189845 17.766840 8.169188 -9.106849 0.134640 -0.191983 -0.128679 -20.422447 16.986858 7.569700 0.001147 -0.048713 -0.006655 -0.000001 -0.000000 0.000003 0.011701 -0.029588 -0.016302 -0.000004 -0.000002 0.000000 0.018464 -0.075698 -0.024375 -0.000002 0.000004 0.000000 0.000000 -0.061697 0.207353 -0.000002 0.000000 -0.000000 0.000000 -0.018035 0.048318 -0.000003 0.000000 -0.000000 0.000000 -0.018035 0.048318 -0.000002 0.000000 -0.000000 -0.022776 -0.072500 0.132876 0.000001 -0.000000 0.000000 -0.163716 0.004516 -0.030142 -0.522852 -27.323214 8.756569 -0.165715 0.002195 -0.189845 5.220011 -5.584096 6.860060 -0.134640 -0.191983 -0.128679 -14.431765 -3.399414 -9.908349 -0.011509 -0.048713 0.001674 -0.000002 0.000000 0.000000 -0.011701 -0.029588 -0.016302 -0.000001 0.000003 -0.000001 -0.018463 -0.075698 -0.024375 -0.000004 0.000003 -0.000000 -0.000000 -0.000000 -0.000000 -0.000001 -0.000000 0.000001 -0.108498 0.010680 -0.004987 -8.950229 -6.381049 1.215893 -0.042813 -0.034513 -0.413943 27.175482 -2.238431 -2.406865 -0.057838 0.011271 -0.433514 -28.096943 7.245561 2.043135 -0.014582 -0.140202 -0.044665 -0.000002 0.000001 -0.000000 0.352207 -0.331174 0.370911 -0.000000 0.000000 -0.000000 0.253490 -0.139412 0.043517 38.570300 51.595071 -0.000012 -0.275499 -0.250273 0.370911 -0.000000 0.000000 -0.000000 -0.232716 -0.461183 0.053609 -0.000001 -38.791356 0.000007 0.125668 -0.265692 -0.313595 -0.000000 0.000000 -0.000000 0.130146 -0.534334 -0.668620 -12.382659 0.000001 -9.258735 -0.113330 -0.268834 -0.313595 -0.000000 0.000000 -0.000000 -0.095191 -0.015211 -0.747160 -0.000001 -0.000001 -0.000000 
0.000000 -0.210014 0.052218 9.577158 0.000000 -0.000000 0.000000 -0.000000 -0.000000 -0.000001 0.000000 -0.000001 0.108498 0.010680 -0.004987 -51.910513 3.233828 -2.754348 0.042686 -0.033397 -0.412863 36.706249 4.702672 2.347132 0.051757 0.026022 -0.434841 -6.906977 -5.816532 -8.145475 0.014582 -0.140203 -0.041002 -0.000002 0.000001 0.000000 0.000000 0.031892 0.087417 -0.000003 0.000000 -0.000000 0.000000 -0.000295 0.129738 -0.000000 0.000000 -0.000000 0.000000 0.021603 0.135532 0.000003 0.000000 -0.000000 0.022776 -0.072500 0.132876 0.000001 0.000000 -0.000000 0.163716 0.004516 -0.030142 29.330304 23.861013 -1.254537 0.165715 0.002195 -0.189845 17.766840 8.169188 -9.106849 0.134640 -0.191983 -0.128679 -20.422447 16.986858 7.569700 0.001147 -0.048713 -0.006655 -0.000001 -0.000000 0.000003 0.011701 -0.029588 -0.016302 -0.000004 -0.000002 0.000000 0.018464 -0.075698 -0.024375 -0.000002 0.000004 0.000000 0.000000 -0.061697 0.207353 -0.000002 0.000000 -0.000000 0.000000 -0.018035 0.048318 -0.000003 0.000000 -0.000000 0.000000 -0.018035 0.048318 -0.000002 0.000000 -0.000000 -0.022776 -0.072500 0.132876 0.000001 -0.000000 0.000000 -0.163716 0.004516 -0.030142 -0.522852 -27.323214 8.756569 -0.165715 0.002195 -0.189845 5.220011 -5.584096 6.860060 -0.134640 -0.191983 -0.128679 -14.431765 -3.399414 -9.908349 -0.011509 -0.048713 0.001674 -0.000002 0.000000 0.000000 -0.011701 -0.029588 -0.016302 -0.000001 0.000003 -0.000001 -0.018463 -0.075698 -0.024375 -0.000004 0.000003 -0.000000 -0.000000 -0.000000 -0.000000 -0.000001 -0.000000 0.000001 -0.108498 0.010680 -0.004987 -8.950229 -6.381049 1.215893 -0.042813 -0.034513 -0.413943 27.175482 -2.238431 -2.406865 -0.057838 0.011271 -0.433514 -28.096943 7.245561 2.043135 -0.014582 -0.140202 -0.044665 -0.000002 0.000001 -0.000000 0.352207 -0.331174 0.370911 -0.000000 0.000000 -0.000000 0.253490 -0.139412 0.043517 38.570300 51.595071 -0.000012 -0.275499 -0.250273 0.370911 -0.000000 0.000000 -0.000000 -0.232716 -0.461183 0.053609 -0.000001 -38.791356 0.000007 0.125668 -0.265692 -0.313595 -0.000000 0.000000 -0.000000 0.130146 -0.534334 -0.668620 -12.382659 0.000001 -9.258735 -0.113330 -0.268834 -0.313595 -0.000000 0.000000 -0.000000 -0.095191 -0.015211 -0.747160 -0.000001 -0.000001 -0.000000 
0.000000 -0.210014 0.052218 9.577158 0.000000 -0.000000 0.000000 -0.000000 -0.000000 -0.000001 0.000000 -0.000001 0.108498 0.010680 -0.004987 -51.910513 3.233828 -2.754348 0.042686 -0.033397 -0.412863 36.706249 4.702672 2.347132 0.051757 0.026022 -0.434841 -6.906977 -5.816532 -8.145475 0.014582 -0.140203 -0.041002 -0.000002 0.000001 0.000000 0.000000 0.031892 0.087417 -0.000003 0.000000 -0.000000 0.000000 -0.000295 0.129738 -0.000000 0.000000 -0.000000 0.000000 0.021603 0.135532 0.000003 0.000000 -0.000000 0.022776 -0.072500 0.132876 0.000001 0.000000 -0.000000 0.163716 0.004516 -0.030142 29.330304 23.861013 -1.254537 0.165715 0.002195 -0.189845 17.766840 8.169188 -9.106849 0.134640 -0.191983 -0.128679 -20.422447 16.986858 7.569700 0.001147 -0.048713 -0.006655 -0.000001 -0.000000 0.000003 0.011701 -0.029588 -0.016302 -0.000004 -0.000002 0.000000 0.018464 -0.075698 -0.024375 -0.000002 0.000004 0.000000 0.000000 -0.061697 0.207353 -0.000002 0.000000 -0.000000 0.000000 -0.018035 0.048318 -0.000003 0.000000 -0.000000 0.000000 -0.018035 0.048318 -0.000002 0.000000 -0.000000 -0.022776 -0.072500 0.132876 0.000001 -0.000000 0.000000 -0.163716 0.004516 -0.030142 -0.522852 -27.323214 8.756569 -0.165715 0.002195 -0.189845 5.220011 -5.584096 6.860060 -0.134640 -0.191983 -0.128679 -14.431765 -3.399414 -9.908349 -0.011509 -0.048713 0.001674 -0.000002 0.000000 0.000000 -0.011701 -0.029588 -0.016302 -0.000001 0.000003 -0.000001 -0.018463 -0.075698 -0.024375 -0.000004 0.000003 -0.000000 -0.000000 -0.000000 -0.000000 -0.000001 -0.000000 0.000001 -0.108498 0.010680 -0.004987 -8.950229 -6.381049 1.215893 -0.042813 -0.034513 -0.413943 27.175482 -2.238431 -2.406865 -0.057838 0.011271 -0.433514 -28.096943 7.245561 2.043135 -0.014582 -0.140202 -0.044665 -0.000002 0.000001 -0.000000 0.352207 -0.331174 0.370911 -0.000000 0.000000 -0.000000 0.253490 -0.139412 0.043517 38.570300 51.595071 -0.000012 -0.275499 -0.250273 0.370911 -0.000000 0.000000 -0.000000 -0.232716 -0.461183 0.053609 -0.000001 -38.791356 0.000007 0.125668 -0.265692 -0.313595 -0.000000 0.000000 -0.000000 0.130146 -0.534334 -0.668620 -12.382659 0.000001 -9.258735 -0.113330 -0.268834 -0.313595 -0.000000 0.000000 -0.000000 -0.095191 -0.015211 -0.747160 -0.000001 -0.000001 -0.000000 
0.000000 -0.210014 0.052218 9.577158 0.000000 -0.000000 0.000000 -0.000000 -0.000000 -0.000001 0.000000 -0.000001 0.108498 0.010680 -0.004987 -51.910513 3.233828 -2.754348 0.042686 -0.033397 -0.412863 36.706249 4.702672 2.347132 0.051757 0.026022 -0.434841 -6.906977 -5.816532 -8.145475 0.014582 -0.140203 -0.041002 -0.000002 0.000001 0.000000 0.000000 0.031892 0.087417 -0.000003 0.000000 -0.000000 0.000000 -0.000295 0.129738 -0.000000 0.000000 -0.000000 0.000000 0.021603 0.135532 0.000003 0.000000 -0.000000 0.022776 -0.072500 0.132876 0.000001 0.000000 -0.000000 0.163716 0.004516 -0.030142 29.330304 23.861013 -1.254537 0.165715 0.002195 -0.189845 17.766840 8.169188 -9.106849 0.134640 -0.191983 -0.128679 -20.422447 16.986858 7.569700 0.001147 -0.048713 -0.006655 -0.000001 -0.000000 0.000003 0.011701 -0.029588 -0.016302 -0.000004 -0.000002 0.000000 0.018464 -0.075698 -0.024375 -0.000002 0.000004 0.000000 0.000000 -0.061697 0.207353 -0.000002 0.000000 -0.000000 0.000000 -0.018035 0.048318 -0.000003 0.000000 -0.000000 0.000000 -0.018035 0.048318 -0.000002 0.000000 -0.000000 -0.022776 -0.072500 0.132876 0.000001 -0.000000 0.000000 -0.163716 0.004516 -0.030142 -0.522852 -27.323214 8.756569 -0.165715 0.002195 -0.189845 5.220011 -5.584096 6.860060 -0.134640 -0.191983 -0.128679 -14.431765 -3.399414 -9.908349 -0.011509 -0.048713 0.001674 -0.000002 0.000000 0.000000 -0.011701 -0.029588 -0.016302 -0.000001 0.000003 -0.000001 -0.018463 -0.075698 -0.024375 -0.000004 0.000003 -0.000000 -0.000000 -0.000000 -0.000000 -0.000001 -0.000000 0.000001 -0.108498 0.010680 -0.004987 -8.950229 -6.381049 1.215893 -0.042813 -0.034513 -0.413943 27.175482 -2.238431 -2.406865 -0.057838 0.011271 -0.433514 -28.096943 7.245561 2.043135 -0.014582 -0.140202 -0.044665 -0.000002 0.000001 -0.000000 0.352207 -0.331174 0.370911 -0.000000 0.000000 -0.000000 0.253490 -0.139412 0.043517 38.570300 51.595071 -0.000012 -0.275499 -0.250273 0.370911 -0.000000 0.000000 -0.000000 -0.232716 -0.461183 0.053609 -0.000001 -38.791356 0.000007 0.125668 -0.265692 -0.313595 -0.000000 0.000000 -0.000000 0.130146 -0.534334 -0.668620 -12.382659 0.000001 -9.258735 -0.113330 -0.268834 -0.313595 -0.000000 0.000000 -0.000000 -0.095191 -0.015211 -0.747160 -0.000001 -0.000001 -0.000000 
0.000000 -0.210014 0.052218 9.577158 0.000000 -0.000000 0.000000 -0.000000 -0.000000 -0.000001 0.000000 -0.000001 0.108498 0.010680 -0.004987 -51.910513 3.233828 -2.754348 0.042686 -0.033397 -0.412863 36.706249 4.702672 2.347132 0.051757 0.026022 -0.434841 -6.906977 -5.816532 -8.145475 0.014582 -0.140203 -0.041002 -0.000002 0.000001 0.000000 0.000000 0.031892 0.087417 -0.000003 0.000000 -0.000000 0.000000 -0.000295 0.129738 -0.000000 0.000000 -0.000000 0.000000 0.021603 0.135532 0.000003 0.000000 -0.000000 0.022776 -0.072500 0.132876 0.000001 0.000000 -0.000000 0.163716 0.004516 -0.030142 29.330304 23.861013 -1.254537 0.165715 0.002195 -0.189845 17.766840 8.169188 -9.106849 0.134640 -0.191983 -0.128679 -20.422447 16.986858 7.569700 0.001147 -0.048713 -0.006655 -0.000001 -0.000000 0.000003 0.011701 -0.029588 -0.016302 -0.000004 -0.000002 0.000000 0.018464 -0.075698 -0.024375 -0.000002 0.000004 0.000000 0.000000 -0.061697 0.207353 -0.000002 0.000000 -0.000000 0.000000 -0.018035 0.048318 -0.000003 0.000000 -0.000000 0.000000 -0.018035 0.048318 -0.000002 0.000000 -0.000000 -0.022776 -0.072500 0.132876 0.000001 -0.000000 0.000000 -0.163716 0.004516 -0.030142 -0.522852 -27.323214 8.756569 -0.165715 0.002195 -0.189845 5.220011 -5.584096 6.860060 -0.134640 -0.191983 -0.128679 -14.431765 -3.399414 -9.908349 -0.011509 -0.048713 0.001674 -0.000002 0.000000 0.000000 -0.011701 -0.029588 -0.016302 -0.000001 0.000003 -0.000001 -0.018463 -0.075698 -0.024375 -0.000004 0.000003 -0.000000 -0.000000 -0.000000 -0.000000 -0.000001 -0.000000 0.000001 -0.108498 0.010680 -0.004987 -8.950229 -6.381049 1.215893 -0.042813 -0.034513 -0.413943 27.175482 -2.238431 -2.406865 -0.057838 0.011271 -0.433514 -28.096943 7.245561 2.043135 -0.014582 -0.140202 -0.044665 -0.000002 0.000001 -0.000000 0.352207 -0.331174 0.370911 -0.000000 0.000000 -0.000000 0.253490 -0.139412 0.043517 38.570300 51.595071 -0.000012 -0.275499 -0.250273 0.370911 -0.000000 0.000000 -0.000000 -0.232716 -0.461183 0.053609 -0.000001 -38.791356 0.000007 0.125668 -0.265692 -0.313595 -0.000000 0.000000 -0.000000 0.130146 -0.534334 -0.668620 -12.382659 0.000001 -9.258735 -0.113330 -0.268834 -0.313595 -0.000000 0.000000 -0.000000 -0.095191 -0.015211 -0.747160 -0.000001 -0.000001 -0.000000 
0.000000 -0.210014 0.052218 9.577158 0.000000 -0.000000 0.000000 -0.000000 -0.000000 -0.000001 0.000000 -0.000001 0.108498 0.010680 -0.004987 -51.910513 3.233828 -2.754348 0.042686 -0.033397 -0.412863 36.706249 4.702672 2.347132 0.051757 0.026022 -0.434841 -6.906977 -5.816532 -8.145475 0.014582 -0.140203 -0.041002 -0.000002 0.000001 0.000000 0.000000 0.031892 0.087417 -0.000003 0.000000 -0.000000 0.000000 -0.000295 0.129738 -0.000000 0.000000 -0.000000 0.000000 0.021603 0.135532 0.000003 0.000000 -0.000000 0.022776 -0.072500 0.132876 0.000001 0.000000 -0.000000 0.163716 0.004516 -0.030142 29.330304 23.861013 -1.254537 0.165715 0.002195 -0.189845 17.766840 8.169188 -9.106849 0.134640 -0.191983 -0.128679 -20.422447 16.986858 7.569700 0.001147 -0.048713 -0.006655 -0.000001 -0.000000 0.000003 0.011701 -0.029588 -0.016302 -0.000004 -0.000002 0.000000 0.018464 -0.075698 -0.024375 -0.000002 0.000004 0.000000 0.000000 -0.061697 0.207353 -0.000002 0.000000 -0.000000 0.000000 -0.018035 0.048318 -0.000003 0.000000 -0.000000 0.000000 -0.018035 0.048318 -0.000002 0.000000 -0.000000 -0.022776 -0.072500 0.132876 0.000001 -0.000000 0.000000 -0.163716 0.004516 -0.030142 -0.522852 -27.323214 8.756569 -0.165715 0.002195 -0.189845 5.220011 -5.584096 6.860060 -0.134640 -0.191983 -0.128679 -14.431765 -3.399414 -9.908349 -0.011509 -0.048713 0.001674 -0.000002 0.000000 0.000000 -0.011701 -0.029588 -0.016302 -0.000001 0.000003 -0.000001 -0.018463 -0.075698 -0.024375 -0.000004 0.000003 -0.000000 -0.000000 -0.000000 -0.000000 -0.000001 -0.000000 0.000001 -0.108498 0.010680 -0.004987 -8.950229 -6.381049 1.215893 -0.042813 -0.034513 -0.413943 27.175482 -2.238431 -2.406865 -0.057838 0.011271 -0.433514 -28.096943 7.245561 2.043135 -0.014582 -0.140202 -0.044665 -0.000002 0.000001 -0.000000 0.352207 -0.331174 0.370911 -0.000000 0.000000 -0.000000 0.253490 -0.139412 0.043517 38.570300 51.595071 -0.000012 -0.275499 -0.250273 0.370911 -0.000000 0.000000 -0.000000 -0.232716 -0.461183 0.053609 -0.000001 -38.791356 0.000007 0.125668 -0.265692 -0.313595 -0.000000 0.000000 -0.000000 0.130146 -0.534334 -0.668620 -12.382659 0.000001 -9.258735 -0.113330 -0.268834 -0.313595 -0.000000 0.000000 -0.000000 -0.095191 -0.015211 -0.747160 -0.000001 -0.000001 -0.000000 
0.000000 -0.210014 0.052218 9.577158 0.000000 -0.000000 0.000000 -0.000000 -0.000000 -0.000001 0.000000 -0.000001 0.108498 0.010680 -0.004987 -51.910513 3.233828 -2.754348 0.042686 -0.033397 -0.412863 36.706249 4.702672 2.347132 0.051757 0.026022 -0.434841 -6.906977 -5.816532 -8.145475 0.014582 -0.140203 -0.041002 -0.000002 0.000001 0.000000 0.000000 0.031892 0.087417 -0.000003 0.000000 -0.000000 0.000000 -0.000295 0.129738 -0.000000 0.000000 -0.000000 0.000000 0.021603 0.135532 0.000003 0.000000 -0.000000 0.022776 -0.072500 0.132876 0.000001 0.000000 -0.000000 0.163716 0.004516 -0.030142 29.330304 23.861013 -1.254537 0.165715 0.002195 -0.189845 17.766840 8.169188 -9.106849 0.134640 -0.191983 -0.128679 -20.422447 16.986858 7.569700 0.001147 -0.048713 -0.006655 -0.000001 -0.000000 0.000003 0.011701 -0.029588 -0.016302 -0.000004 -0.000002 0.000000 0.018464 -0.075698 -0.024375 -0.000002 0.000004 0.000000 0.000000 -0.061697 0.207353 -0.000002 0.000000 -0.000000 0.000000 -0.018035 0.048318 -0.000003 0.000000 -0.000000 0.000000 -0.018035 0.048318 -0.000002 0.000000 -0.000000 -0.022776 -0.072500 0.132876 0.000001 -0.000000 0.000000 -0.163716 0.004516 -0.030142 -0.522852 -27.323214 8.756569 -0.165715 0.002195 -0.189845 5.220011 -5.584096 6.860060 -0.134640 -0.191983 -0.128679 -14.431765 -3.399414 -9.908349 -0.011509 -0.048713 0.001674 -0.000002 0.000000 0.000000 -0.011701 -0.029588 -0.016302 -0.000001 0.000003 -0.000001 -0.018463 -0.075698 -0.024375 -0.000004 0.000003 -0.000000 -0.000000 -0.000000 -0.000000 -0.000001 -0.000000 0.000001 -0.108498 0.010680 -0.004987 -8.950229 -6.381049 1.215893 -0.042813 -0.034513 -0.413943 27.175482 -2.238431 -2.406865 -0.057838 0.011271 -0.433514 -28.096943 7.245561 2.043135 -0.014582 -0.140202 -0.044665 -0.000002 0.000001 -0.000000 0.352207 -0.331174 0.370911 -0.000000 0.000000 -0.000000 0.253490 -0.139412 0.043517 38.570300 51.595071 -0.000012 -0.275499 -0.250273 0.370911 -0.000000 0.000000 -0.000000 -0.232716 -0.461183 0.053609 -0.000001 -38.791356 0.000007 0.125668 -0.265692 -0.313595 -0.000000 0.000000 -0.000000 0.130146 -0.534334 -0.668620 -12.382659 0.000001 -9.258735 -0.113330 -0.268834 -0.313595 -0.000000 0.000000 -0.000000 -0.095191 -0.015211 -0.747160 -0.000001 -0.000001 -0.000000 
0.000000 -0.210014 0.052218 9.577158 0.000000 -0.000000 0.000000 -0.000000 -0.000000 -0.000001 0.000000 -0.000001 0.108498 0.010680 -0.004987 -51.910513 3.233828 -2.754348 0.042686 -0.033397 -0.412863 36.706249 4.702672 2.347132 0.051757 0.026022 -0.434841 -6.906977 -5.816532 -8.145475 0.014582 -0.140203 -0.041002 -0.000002 0.000001 0.000000 0.000000 0.031892 0.087417 -0.000003 0.000000 -0.000000 0.000000 -0.000295 0.129738 -0.000000 0.000000 -0.000000 0.000000 0.021603 0.135532 0.000003 0.000000 -0.000000 0.022776 -0.072500 0.132876 0.000001 0.000000 -0.000000 0.163716 0.004516 -0.030142 29.330304 23.861013 -1.254537 0.165715 0.002195 -0.189845 17.766840 8.169188 -9.106849 0.134640 -0.191983 -0.128679 -20.422447 16.986858 7.569700 0.001147 -0.048713 -0.006655 -0.000001 -0.000000 0.000003 0.011701 -0.029588 -0.016302 -0.000004 -0.000002 0.000000 0.018464 -0.075698 -0.024375 -0.000002 0.000004 0.000000 0.000000 -0.061697 0.207353 -0.000002 0.000000 -0.000000 0.000000 -0.018035 0.048318 -0.000003 0.000000 -0.000000 0.000000 -0.018035 0.048318 -0.000002 0.000000 -0.000000 -0.022776 -0.072500 0.132876 0.000001 -0.000000 0.000000 -0.163716 0.004516 -0.030142 -0.522852 -27.323214 8.756569 -0.165715 0.002195 -0.189845 5.220011 -5.584096 6.860060 -0.134640 -0.191983 -0.128679 -14.431765 -3.399414 -9.908349 -0.011509 -0.048713 0.001674 -0.000002 0.000000 0.000000 -0.011701 -0.029588 -0.016302 -0.000001 0.000003 -0.000001 -0.018463 -0.075698 -0.024375 -0.000004 0.000003 -0.000000 -0.000000 -0.000000 -0.000000 -0.000001 -0.000000 0.000001 -0.108498 0.010680 -0.004987 -8.950229 -6.381049 1.215893 -0.042813 -0.034513 -0.413943 27.175482 -2.238431 -2.406865 -0.057838 0.011271 -0.433514 -28.096943 7.245561 2.043135 -0.014582 -0.140202 -0.044665 -0.000002 0.000001 -0.000000 0.352207 -0.331174 0.370911 -0.000000 0.000000 -0.000000 0.253490 -0.139412 0.043517 38.570300 51.595071 -0.000012 -0.275499 -0.250273 0.370911 -0.000000 0.000000 -0.000000 -0.232716 -0.461183 0.053609 -0.000001 -38.791356 0.000007 0.125668 -0.265692 -0.313595 -0.000000 0.000000 -0.000000 0.130146 -0.534334 -0.668620 -12.382659 0.000001 -9.258735 -0.113330 -0.268834 -0.313595 -0.000000 0.000000 -0.000000 -0.095191 -0.015211 -0.747160 -0.000001 -0.000001 -0.000000 
0.000000 -0.210014 0.052218 9.577158 0.000000 -0.000000 0.000000 -0.000000 -0.000000 -0.000001 0.000000 -0.000001 0.108498 0.010680 -0.004987 -51.910513 3.233828 -2.754348 0.042686 -0.033397 -0.412863 36.706249 4.702672 2.347132 0.051757 0.026022 -0.434841 -6.906977 -5.816532 -8.145475 0.014582 -0.140203 -0.041002 -0.000002 0.000001 0.000000 0.000000 0.031892 0.087417 -0.000003 0.000000 -0.000000 0.000000 -0.000295 0.129738 -0.000000 0.000000 -0.000000 0.000000 0.021603 0.135532 0.000003 0.000000 -0.000000 0.022776 -0.072500 0.132876 0.000001 0.000000 -0.000000 0.163716 0.004516 -0.030142 29.330304 23.861013 -1.254537 0.165715 0.002195 -0.189845 17.766840 8.169188 -9.106849 0.134640 -0.191983 -0.128679 -20.422447 16.986858 7.569700 0.001147 -0.048713 -0.006655 -0.000001 -0.000000 0.000003 0.011701 -0.029588 -0.016302 -0.000004 -0.000002 0.000000 0.018464 -0.075698 -0.024375 -0.000002 0.000004 0.000000 0.000000 -0.061697 0.207353 -0.000002 0.000000 -0.000000 0.000000 -0.018035 0.048318 -0.000003 0.000000 -0.000000 0.000000 -0.018035 0.048318 -0.000002 0.000000 -0.000000 -0.022776 -0.072500 0.132876 0.000001 -0.000000 0.000000 -0.163716 0.004516 -0.030142 -0.522852 -27.323214 8.756569 -0.165715 0.002195 -0.189845 5.220011 -5.584096 6.860060 -0.134640 -0.191983 -0.128679 -14.431765 -3.399414 -9.908349 -0.011509 -0.048713 0.001674 -0.000002 0.000000 0.000000 -0.011701 -0.029588 -0.016302 -0.000001 0.000003 -0.000001 -0.018463 -0.075698 -0.024375 -0.000004 0.000003 -0.000000 -0.000000 -0.000000 -0.000000 -0.000001 -0.000000 0.000001 -0.108498 0.010680 -0.004987 -8.950229 -6.381049 1.215893 -0.042813 -0.034513 -0.413943 27.175482 -2.238431 -2.406865 -0.057838 0.011271 -0.433514 -28.096943 7.245561 2.043135 -0.014582 -0.140202 -0.044665 -0.000002 0.000001 -0.000000 0.352207 -0.331174 0.370911 -0.000000 0.000000 -0.000000 0.253490 -0.139412 0.043517 38.570300 51.595071 -0.000012 -0.275499 -0.250273 0.370911 -0.000000 0.000000 -0.000000 -0.232716 -0.461183 0.053609 -0.000001 -38.791356 0.000007 0.125668 -0.265692 -0.313595 -0.000000 0.000000 -0.000000 0.130146 -0.534334 -0.668620 -12.382659 0.000001 -9.258735 -0.113330 -0.268834 -0.313595 -0.000000 0.000000 -0.000000 -0.095191 -0.015211 -0.747160 -0.000001 -0.000001 -0.000000 
0.000000 -0.210014 0.052218 9.577158 0.000000 -0.000000 0.000000 -0.000000 -0.000000 -0.000001 0.000000 -0.000001 0.108498 0.010680 -0.004987 -51.910513 3.233828 -2.754348 0.042686 -0.033397 -0.412863 36.706249 4.702672 2.347132 0.051757 0.026022 -0.434841 -6.906977 -5.816532 -8.145475 0.014582 -0.140203 -0.041002 -0.000002 0.000001 0.000000 0.000000 0.031892 0.087417 -0.000003 0.000000 -0.000000 0.000000 -0.000295 0.129738 -0.000000 0.000000 -0.000000 0.000000 0.021603 0.135532 0.000003 0.000000 -0.000000 0.022776 -0.072500 0.132876 0.000001 0.000000 -0.000000 0.163716 0.004516 -0.030142 29.330304 23.861013 -1.254537 0.165715 0.002195 -0.189845 17.766840 8.169188 -9.106849 0.134640 -0.191983 -0.128679 -20.422447 16.986858 7.569700 0.001147 -0.048713 -0.006655 -0.000001 -0.000000 0.000003 0.011701 -0.029588 -0.016302 -0.000004 -0.000002 0.000000 0.018464 -0.075698 -0.024375 -0.000002 0.000004 0.000000 0.000000 -0.061697 0.207353 -0.000002 0.000000 -0.000000 0.000000 -0.018035 0.048318 -0.000003 0.000000 -0.000000 0.000000 -0.018035 0.048318 -0.000002 0.000000 -0.000000 -0.022776 -0.072500 0.132876 0.000001 -0.000000 0.000000 -0.163716 0.004516 -0.030142 -0.522852 -27.323214 8.756569 -0.165715 0.002195 -0.189845 5.220011 -5.584096 6.860060 -0.134640 -0.191983 -0.128679 -14.431765 -3.399414 -9.908349 -0.011509 -0.048713 0.001674 -0.000002 0.000000 0.000000 -0.011701 -0.029588 -0.016302 -0.000001 0.000003 -0.000001 -0.018463 -0.075698 -0.024375 -0.000004 0.000003 -0.000000 -0.000000 -0.000000 -0.000000 -0.000001 -0.000000 0.000001 -0.108498 0.010680 -0.004987 -8.950229 -6.381049 1.215893 -0.042813 -0.034513 -0.413943 27.175482 -2.238431 -2.406865 -0.057838 0.011271 -0.433514 -28.096943 7.245561 2.043135 -0.014582 -0.140202 -0.044665 -0.000002 0.000001 -0.000000 0.352207 -0.331174 0.370911 -0.000000 0.000000 -0.000000 0.253490 -0.139412 0.043517 38.570300 51.595071 -0.000012 -0.275499 -0.250273 0.370911 -0.000000 0.000000 -0.000000 -0.232716 -0.461183 0.053609 -0.000001 -38.791356 0.000007 0.125668 -0.265692 -0.313595 -0.000000 0.000000 -0.000000 0.130146 -0.534334 -0.668620 -12.382659 0.000001 -9.258735 -0.113330 -0.268834 -0.313595 -0.000000 0.000000 -0.000000 -0.095191 -0.015211 -0.747160 -0.000001 -0.000001 -0.000000 
0.000000 -0.210014 0.052218 9.577158 0.000000 -0.000000 0.000000 -0.000000 -0.000000 -0.000001 0.000000 -0.000001 0.108498 0.010680 -0.004987 -51.910513 3.233828 -2.754348 0.042686 -0.033397 -0.412863 36.706249 4.702672 2.347132 0.051757 0.026022 -0.434841 -6.906977 -5.816532 -8.145475 0.014582 -0.140203 -0.041002 -0.000002 0.000001 0.000000 0.000000 0.031892 0.087417 -0.000003 0.000000 -0.000000 0.000000 -0.000295 0.129738 -0.000000 0.000000 -0.000000 0.000000 0.021603 0.135532 0.000003 0.000000 -0.000000 0.022776 -0.072500 0.132876 0.000001 0.000000 -0.000000 0.163716 0.004516 -0.030142 29.330304 23.861013 -1.254537 0.165715 0.002195 -0.189845 17.766840 8.169188 -9.106849 0.134640 -0.191983 -0.128679 -20.422447 16.986858 7.569700 0.001147 -0.048713 -0.006655 -0.000001 -0.000000 0.000003 0.011701 -0.029588 -0.016302 -0.000004 -0.000002 0.000000 0.018464 -0.075698 -0.024375 -0.000002 0.000004 0.000000 0.000000 -0.061697 0.207353 -0.000002 0.000000 -0.000000 0.000000 -0.018035 0.048318 -0.000003 0.000000 -0.000000 0.000000 -0.018035 0.048318 -0.000002 0.000000 -0.000000 -0.022776 -0.072500 0.132876 0.000001 -0.000000 0.000000 -0.163716 0.004516 -0.030142 -0.522852 -27.323214 8.756569 -0.165715 0.002195 -0.189845 5.220011 -5.584096 6.860060 -0.134640 -0.191983 -0.128679 -14.431765 -3.399414 -9.908349 -0.011509 -0.048713 0.001674 -0.000002 0.000000 0.000000 -0.011701 -0.029588 -0.016302 -0.000001 0.000003 -0.000001 -0.018463 -0.075698 -0.024375 -0.000004 0.000003 -0.000000 -0.000000 -0.000000 -0.000000 -0.000001 -0.000000 0.000001 -0.108498 0.010680 -0.004987 -8.950229 -6.381049 1.215893 -0.042813 -0.034513 -0.413943 27.175482 -2.238431 -2.406865 -0.057838 0.011271 -0.433514 -28.096943 7.245561 2.043135 -0.014582 -0.140202 -0.044665 -0.000002 0.000001 -0.000000 0.352207 -0.331174 0.370911 -0.000000 0.000000 -0.000000 0.253490 -0.139412 0.043517 38.570300 51.595071 -0.000012 -0.275499 -0.250273 0.370911 -0.000000 0.000000 -0.000000 -0.232716 -0.461183 0.053609 -0.000001 -38.791356 0.000007 0.125668 -0.265692 -0.313595 -0.000000 0.000000 -0.000000 0.130146 -0.534334 -0.668620 -12.382659 0.000001 -9.258735 -0.113330 -0.268834 -0.313595 -0.000000 0.000000 -0.000000 -0.095191 -0.015211 -0.747160 -0.000001 -0.000001 -0.000000 
0.000000 -0.210014 0.052218 9.577158 0.000000 -0.000000 0.000000 -0.000000 -0.000000 -0.000001 0.000000 -0.000001 0.108498 0.010680 -0.004987 -51.910513 3.233828 -2.754348 0.042686 -0.033397 -0.412863 36.706249 4.702672 2.347132 0.051757 0.026022 -0.434841 -6.906977 -5.816532 -8.145475 0.014582 -0.140203 -0.041002 -0.000002 0.000001 0.000000 0.000000 0.031892 0.087417 -0.000003 0.000000 -0.000000 0.000000 -0.000295 0.129738 -0.000000 0.000000 -0.000000 0.000000 0.021603 0.135532 0.000003 0.000000 -0.000000 0.022776 -0.072500 0.132876 0.000001 0.000000 -0.000000 0.163716 0.004516 -0.030142 29.330304 23.861013 -1.254537 0.165715 0.002195 -0.189845 17.766840 8.169188 -9.106849 0.134640 -0.191983 -0.128679 -20.422447 16.986858 7.569700 0.001147 -0.048713 -0.006655 -0.000001 -0.000000 0.000003 0.011701 -0.029588 -0.016302 -0.000004 -0.000002 0.000000 0.018464 -0.075698 -0.024375 -0.000002 0.000004 0.000000 0.000000 -0.061697 0.207353 -0.000002 0.000000 -0.000000 0.000000 -0.018035 0.048318 -0.000003 0.000000 -0.000000 0.000000 -0.018035 0.048318 -0.000002 0.000000 -0.000000 -0.022776 -0.072500 0.132876 0.000001 -0.000000 0.000000 -0.163716 0.004516 -0.030142 -0.522852 -27.323214 8.756569 -0.165715 0.002195 -0.189845 5.220011 -5.584096 6.860060 -0.134640 -0.191983 -0.128679 -14.431765 -3.399414 -9.908349 -0.011509 -0.048713 0.001674 -0.000002 0.000000 0.000000 -0.011701 -0.029588 -0.016302 -0.000001 0.000003 -0.000001 -0.018463 -0.075698 -0.024375 -0.000004 0.000003 -0.000000 -0.000000 -0.000000 -0.000000 -0.000001 -0.000000 0.000001 -0.108498 0.010680 -0.004987 -8.950229 -6.381049 1.215893 -0.042813 -0.034513 -0.413943 27.175482 -2.238431 -2.406865 -0.057838 0.011271 -0.433514 -28.096943 7.245561 2.043135 -0.014582 -0.140202 -0.044665 -0.000002 0.000001 -0.000000 0.352207 -0.331174 0.370911 -0.000000 0.000000 -0.000000 0.253490 -0.139412 0.043517 38.570300 51.595071 -0.000012 -0.275499 -0.250273 0.370911 -0.000000 0.000000 -0.000000 -0.232716 -0.461183 0.053609 -0.000001 -38.791356 0.000007 0.125668 -0.265692 -0.313595 -0.000000 0.000000 -0.000000 0.130146 -0.534334 -0.668620 -12.382659 0.000001 -9.258735 -0.113330 -0.268834 -0.313595 -0.000000 0.000000 -0.000000 -0.095191 -0.015211 -0.747160 -0.000001 -0.000001 -0.000000 
0.000000 -0.210014 0.052218 9.577158 0.000000 -0.000000 0.000000 -0.000000 -0.000000 -0.000001 0.000000 -0.000001 0.108498 0.010680 -0.004987 -51.910513 3.233828 -2.754348 0.042686 -0.033397 -0.412863 36.706249 4.702672 2.347132 0.051757 0.026022 -0.434841 -6.906977 -5.816532 -8.145475 0.014582 -0.140203 -0.041002 -0.000002 0.000001 0.000000 0.000000 0.031892 0.087417 -0.000003 0.000000 -0.000000 0.000000 -0.000295 0.129738 -0.000000 0.000000 -0.000000 0.000000 0.021603 0.135532 0.000003 0.000000 -0.000000 0.022776 -0.072500 0.132876 0.000001 0.000000 -0.000000 0.163716 0.004516 -0.030142 29.330304 23.861013 -1.254537 0.165715 0.002195 -0.189845 17.766840 8.169188 -9.106849 0.134640 -0.191983 -0.128679 -20.422447 16.986858 7.569700 0.001147 -0.048713 -0.006655 -0.000001 -0.000000 0.000003 0.011701 -0.029588 -0.016302 -0.000004 -0.000002 0.000000 0.018464 -0.075698 -0.024375 -0.000002 0.000004 0.000000 0.000000 -0.061697 0.207353 -0.000002 0.000000 -0.000000 0.000000 -0.018035 0.048318 -0.000003 0.000000 -0.000000 0.000000 -0.018035 0.048318 -0.000002 0.000000 -0.000000 -0.022776 -0.072500 0.132876 0.000001 -0.000000 0.000000 -0.163716 0.004516 -0.030142 -0.522852 -27.323214 8.756569 -0.165715 0.002195 -0.189845 5.220011 -5.584096 6.860060 -0.134640 -0.191983 -0.128679 -14.431765 -3.399414 -9.908349 -0.011509 -0.048713 0.001674 -0.000002 0.000000 0.000000 -0.011701 -0.029588 -0.016302 -0.000001 0.000003 -0.000001 -0.018463 -0.075698 -0.024375 -0.000004 0.000003 -0.000000 -0.000000 -0.000000 -0.000000 -0.000001 -0.000000 0.000001 -0.108498 0.010680 -0.004987 -8.950229 -6.381049 1.215893 -0.042813 -0.034513 -0.413943 27.175482 -2.238431 -2.406865 -0.057838 0.011271 -0.433514 -28.096943 7.245561 2.043135 -0.014582 -0.140202 -0.044665 -0.000002 0.000001 -0.000000 0.352207 -0.331174 0.370911 -0.000000 0.000000 -0.000000 0.253490 -0.139412 0.043517 38.570300 51.595071 -0.000012 -0.275499 -0.250273 0.370911 -0.000000 0.000000 -0.000000 -0.232716 -0.461183 0.053609 -0.000001 -38.791356 0.000007 0.125668 -0.265692 -0.313595 -0.000000 0.000000 -0.000000 0.130146 -0.534334 -0.668620 -12.382659 0.000001 -9.258735 -0.113330 -0.268834 -0.313595 -0.000000 0.000000 -0.000000 -0.095191 -0.015211 -0.747160 -0.000001 -0.000001 -0.000000 
0.000000 -0.210014 0.052218 9.577158 0.000000 -0.000000 0.000000 -0.000000 -0.000000 -0.000001 0.000000 -0.000001 0.108498 0.010680 -0.004987 -51.910513 3.233828 -2.754348 0.042686 -0.033397 -0.412863 36.706249 4.702672 2.347132 0.051757 0.026022 -0.434841 -6.906977 -5.816532 -8.145475 0.014582 -0.140203 -0.041002 -0.000002 0.000001 0.000000 0.000000 0.031892 0.087417 -0.000003 0.000000 -0.000000 0.000000 -0.000295 0.129738 -0.000000 0.000000 -0.000000 0.000000 0.021603 0.135532 0.000003 0.000000 -0.000000 0.022776 -0.072500 0.132876 0.000001 0.000000 -0.000000 0.163716 0.004516 -0.030142 29.330304 23.861013 -1.254537 0.165715 0.002195 -0.189845 17.766840 8.169188 -9.106849 0.134640 -0.191983 -0.128679 -20.422447 16.986858 7.569700 0.001147 -0.048713 -0.006655 -0.000001 -0.000000 0.000003 0.011701 -0.029588 -0.016302 -0.000004 -0.000002 0.000000 0.018464 -0.075698 -0.024375 -0.000002 0.000004 0.000000 0.000000 -0.061697 0.207353 -0.000002 0.000000 -0.000000 0.000000 -0.018035 0.048318 -0.000003 0.000000 -0.000000 0.000000 -0.018035 0.048318 -0.000002 0.000000 -0.000000 -0.022776 -0.072500 0.132876 0.000001 -0.000000 0.000000 -0.163716 0.004516 -0.030142 -0.522852 -27.323214 8.756569 -0.165715 0.002195 -0.189845 5.220011 -5.584096 6.860060 -0.134640 -0.191983 -0.128679 -14.431765 -3.399414 -9.908349 -0.011509 -0.048713 0.001674 -0.000002 0.000000 0.000000 -0.011701 -0.029588 -0.016302 -0.000001 0.000003 -0.000001 -0.018463 -0.075698 -0.024375 -0.000004 0.000003 -0.000000 -0.000000 -0.000000 -0.000000 -0.000001 -0.000000 0.000001 -0.108498 0.010680 -0.004987 -8.950229 -6.381049 1.215893 -0.042813 -0.034513 -0.413943 27.175482 -2.238431 -2.406865 -0.057838 0.011271 -0.433514 -28.096943 7.245561 2.043135 -0.014582 -0.140202 -0.044665 -0.000002 0.000001 -0.000000 0.352207 -0.331174 0.370911 -0.000000 0.000000 -0.000000 0.253490 -0.139412 0.043517 38.570300 51.595071 -0.000012 -0.275499 -0.250273 0.370911 -0.000000 0.000000 -0.000000 -0.232716 -0.461183 0.053609 -0.000001 -38.791356 0.000007 0.125668 -0.265692 -0.313595 -0.000000 0.000000 -0.000000 0.130146 -0.534334 -0.668620 -12.382659 0.000001 -9.258735 -0.113330 -0.268834 -0.313595 -0.000000 0.000000 -0.000000 -0.095191 -0.015211 -0.747160 -0.000001 -0.000001 -0.000000 
0.000000 -0.210014 0.052218 9.577158 0.000000 -0.000000 0.000000 -0.000000 -0.000000 -0.000001 0.000000 -0.000001 0.108498 0.010680 -0.004987 -51.910513 3.233828 -2.754348 0.042686 -0.033397 -0.412863 36.706249 4.702672 2.347132 0.051757 0.026022 -0.434841 -6.906977 -5.816532 -8.145475 0.014582 -0.140203 -0.041002 -0.000002 0.000001 0.000000 0.000000 0.031892 0.087417 -0.000003 0.000000 -0.000000 0.000000 -0.000295 0.129738 -0.000000 0.000000 -0.000000 0.000000 0.021603 0.135532 0.000003 0.000000 -0.000000 0.022776 -0.072500 0.132876 0.000001 0.000000 -0.000000 0.163716 0.004516 -0.030142 29.330304 23.861013 -1.254537 0.165715 0.002195 -0.189845 17.766840 8.169188 -9.106849 0.134640 -0.191983 -0.128679 -20.422447 16.986858 7.569700 0.001147 -0.048713 -0.006655 -0.000001 -0.000000 0.000003 0.011701 -0.029588 -0.016302 -0.000004 -0.000002 0.000000 0.018464 -0.075698 -0.024375 -0.000002 0.000004 0.000000 0.000000 -0.061697 0.207353 -0.000002 0.000000 -0.000000 0.000000 -0.018035 0.048318 -0.000003 0.000000 -0.000000 0.000000 -0.018035 0.048318 -0.000002 0.000000 -0.000000 -0.022776 -0.072500 0.132876 0.000001 -0.000000 0.000000 -0.163716 0.004516 -0.030142 -0.522852 -27.323214 8.756569 -0.165715 0.002195 -0.189845 5.220011 -5.584096 6.860060 -0.134640 -0.191983 -0.128679 -14.431765 -3.399414 -9.908349 -0.011509 -0.048713 0.001674 -0.000002 0.000000 0.000000 -0.011701 -0.029588 -0.016302 -0.000001 0.000003 -0.000001 -0.018463 -0.075698 -0.024375 -0.000004 0.000003 -0.000000 -0.000000 -0.000000 -0.000000 -0.000001 -0.000000 0.000001 -0.108498 0.010680 -0.004987 -8.950229 -6.381049 1.215893 -0.042813 -0.034513 -0.413943 27.175482 -2.238431 -2.406865 -0.057838 0.011271 -0.433514 -28.096943 7.245561 2.043135 -0.014582 -0.140202 -0.044665 -0.000002 0.000001 -0.000000 0.352207 -0.331174 0.370911 -0.000000 0.000000 -0.000000 0.253490 -0.139412 0.043517 38.570300 51.595071 -0.000012 -0.275499 -0.250273 0.370911 -0.000000 0.000000 -0.000000 -0.232716 -0.461183 0.053609 -0.000001 -38.791356 0.000007 0.125668 -0.265692 -0.313595 -0.000000 0.000000 -0.000000 0.130146 -0.534334 -0.668620 -12.382659 0.000001 -9.258735 -0.113330 -0.268834 -0.313595 -0.000000 0.000000 -0.000000 -0.095191 -0.015211 -0.747160 -0.000001 -0.000001 -0.000000 
0.000000 -0.210014 0.052218 9.577158 0.000000 -0.000000 0.000000 -0.000000 -0.000000 -0.000001 0.000000 -0.000001 0.108498 0.010680 -0.004987 -51.910513 3.233828 -2.754348 0.042686 -0.033397 -0.412863 36.706249 4.702672 2.347132 0.051757 0.026022 -0.434841 -6.906977 -5.816532 -8.145475 0.014582 -0.140203 -0.041002 -0.000002 0.000001 0.000000 0.000000 0.031892 0.087417 -0.000003 0.000000 -0.000000 0.000000 -0.000295 0.129738 -0.000000 0.000000 -0.000000 0.000000 0.021603 0.135532 0.000003 0.000000 -0.000000 0.022776 -0.072500 0.132876 0.000001 0.000000 -0.000000 0.163716 0.004516 -0.030142 29.330304 23.861013 -1.254537 0.165715 0.002195 -0.189845 17.766840 8.169188 -9.106849 0.134640 -0.191983 -0.128679 -20.422447 16.986858 7.569700 0.001147 -0.048713 -0.006655 -0.000001 -0.000000 0.000003 0.011701 -0.029588 -0.016302 -0.000004 -0.000002 0.000000 0.018464 -0.075698 -0.024375 -0.000002 0.000004 0.000000 0.000000 -0.061697 0.207353 -0.000002 0.000000 -0.000000 0.000000 -0.018035 0.048318 -0.000003 0.000000 -0.000000 0.000000 -0.018035 0.048318 -0.000002 0.000000 -0.000000 -0.022776 -0.072500 0.132876 0.000001 -0.000000 0.000000 -0.163716 0.004516 -0.030142 -0.522852 -27.323214 8.756569 -0.165715 0.002195 -0.189845 5.220011 -5.584096 6.860060 -0.134640 -0.191983 -0.128679 -14.431765 -3.399414 -9.908349 -0.011509 -0.048713 0.001674 -0.000002 0.000000 0.000000 -0.011701 -0.029588 -0.016302 -0.000001 0.000003 -0.000001 -0.018463 -0.075698 -0.024375 -0.000004 0.000003 -0.000000 -0.000000 -0.000000 -0.000000 -0.000001 -0.000000 0.000001 -0.108498 0.010680 -0.004987 -8.950229 -6.381049 1.215893 -0.042813 -0.034513 -0.413943 27.175482 -2.238431 -2.406865 -0.057838 0.011271 -0.433514 -28.096943 7.245561 2.043135 -0.014582 -0.140202 -0.044665 -0.000002 0.000001 -0.000000 0.352207 -0.331174 0.370911 -0.000000 0.000000 -0.000000 0.253490 -0.139412 0.043517 38.570300 51.595071 -0.000012 -0.275499 -0.250273 0.370911 -0.000000 0.000000 -0.000000 -0.232716 -0.461183 0.053609 -0.000001 -38.791356 0.000007 0.125668 -0.265692 -0.313595 -0.000000 0.000000 -0.000000 0.130146 -0.534334 -0.668620 -12.382659 0.000001 -9.258735 -0.113330 -0.268834 -0.313595 -0.000000 0.000000 -0.000000 -0.095191 -0.015211 -0.747160 -0.000001 -0.000001 -0.000000 
0.000000 -0.210014 0.052218 9.577158 0.000000 -0.000000 0.000000 -0.000000 -0.000000 -0.000001 0.000000 -0.000001 0.108498 0.010680 -0.004987 -51.910513 3.233828 -2.754348 0.042686 -0.033397 -0.412863 36.706249 4.702672 2.347132 0.051757 0.026022 -0.434841 -6.906977 -5.816532 -8.145475 0.014582 -0.140203 -0.041002 -0.000002 0.000001 0.000000 0.000000 0.031892 0.087417 -0.000003 0.000000 -0.000000 0.000000 -0.000295 0.129738 -0.000000 0.000000 -0.000000 0.000000 0.021603 0.135532 0.000003 0.000000 -0.000000 0.022776 -0.072500 0.132876 0.000001 0.000000 -0.000000 0.163716 0.004516 -0.030142 29.330304 23.861013 -1.254537 0.165715 0.002195 -0.189845 17.766840 8.169188 -9.106849 0.134640 -0.191983 -0.128679 -20.422447 16.986858 7.569700 0.001147 -0.048713 -0.006655 -0.000001 -0.000000 0.000003 0.011701 -0.029588 -0.016302 -0.000004 -0.000002 0.000000 0.018464 -0.075698 -0.024375 -0.000002 0.000004 0.000000 0.000000 -0.061697 0.207353 -0.000002 0.000000 -0.000000 0.000000 -0.018035 0.048318 -0.000003 0.000000 -0.000000 0.000000 -0.018035 0.048318 -0.000002 0.000000 -0.000000 -0.022776 -0.072500 0.132876 0.000001 -0.000000 0.000000 -0.163716 0.004516 -0.030142 -0.522852 -27.323214 8.756569 -0.165715 0.002195 -0.189845 5.220011 -5.584096 6.860060 -0.134640 -0.191983 -0.128679 -14.431765 -3.399414 -9.908349 -0.011509 -0.048713 0.001674 -0.000002 0.000000 0.000000 -0.011701 -0.029588 -0.016302 -0.000001 0.000003 -0.000001 -0.018463 -0.075698 -0.024375 -0.000004 0.000003 -0.000000 -0.000000 -0.000000 -0.000000 -0.000001 -0.000000 0.000001 -0.108498 0.010680 -0.004987 -8.950229 -6.381049 1.215893 -0.042813 -0.034513 -0.413943 27.175482 -2.238431 -2.406865 -0.057838 0.011271 -0.433514 -28.096943 7.245561 2.043135 -0.014582 -0.140202 -0.044665 -0.000002 0.000001 -0.000000 0.352207 -0.331174 0.370911 -0.000000 0.000000 -0.000000 0.253490 -0.139412 0.043517 38.570300 51.595071 -0.000012 -0.275499 -0.250273 0.370911 -0.000000 0.000000 -0.000000 -0.232716 -0.461183 0.053609 -0.000001 -38.791356 0.000007 0.125668 -0.265692 -0.313595 -0.000000 0.000000 -0.000000 0.130146 -0.534334 -0.668620 -12.382659 0.000001 -9.258735 -0.113330 -0.268834 -0.313595 -0.000000 0.000000 -0.000000 -0.095191 -0.015211 -0.747160 -0.000001 -0.000001 -0.000000 
0.000000 -0.210014 0.052218 9.577158 0.000000 -0.000000 0.000000 -0.000000 -0.000000 -0.000001 0.000000 -0.000001 0.108498 0.010680 -0.004987 -51.910513 3.233828 -2.754348 0.042686 -0.033397 -0.412863 36.706249 4.702672 2.347132 0.051757 0.026022 -0.434841 -6.906977 -5.816532 -8.145475 0.014582 -0.140203 -0.041002 -0.000002 0.000001 0.000000 0.000000 0.031892 0.087417 -0.000003 0.000000 -0.000000 0.000000 -0.000295 0.129738 -0.000000 0.000000 -0.000000 0.000000 0.021603 0.135532 0.000003 0.000000 -0.000000 0.022776 -0.072500 0.132876 0.000001 0.000000 -0.000000 0.163716 0.004516 -0.030142 29.330304 23.861013 -1.254537 0.165715 0.002195 -0.189845 17.766840 8.169188 -9.106849 0.134640 -0.191983 -0.128679 -20.422447 16.986858 7.569700 0.001147 -0.048713 -0.006655 -0.000001 -0.000000 0.000003 0.011701 -0.029588 -0.016302 -0.000004 -0.000002 0.000000 0.018464 -0.075698 -0.024375 -0.000002 0.000004 0.000000 0.000000 -0.061697 0.207353 -0.000002 0.000000 -0.000000 0.000000 -0.018035 0.048318 -0.000003 0.000000 -0.000000 0.000000 -0.018035 0.048318 -0.000002 0.000000 -0.000000 -0.022776 -0.072500 0.132876 0.000001 -0.000000 0.000000 -0.163716 0.004516 -0.030142 -0.522852 -27.323214 8.756569 -0.165715 0.002195 -0.189845 5.220011 -5.584096 6.860060 -0.134640 -0.191983 -0.128679 -14.431765 -3.399414 -9.908349 -0.011509 -0.048713 0.001674 -0.000002 0.000000 0.000000 -0.011701 -0.029588 -0.016302 -0.000001 0.000003 -0.000001 -0.018463 -0.075698 -0.024375 -0.000004 0.000003 -0.000000 -0.000000 -0.000000 -0.000000 -0.000001 -0.000000 0.000001 -0.108498 0.010680 -0.004987 -8.950229 -6.381049 1.215893 -0.042813 -0.034513 -0.413943 27.175482 -2.238431 -2.406865 -0.057838 0.011271 -0.433514 -28.096943 7.245561 2.043135 -0.014582 -0.140202 -0.044665 -0.000002 0.000001 -0.000000 0.352207 -0.331174 0.370911 -0.000000 0.000000 -0.000000 0.253490 -0.139412 0.043517 38.570300 51.595071 -0.000012 -0.275499 -0.250273 0.370911 -0.000000 0.000000 -0.000000 -0.232716 -0.461183 0.053609 -0.000001 -38.791356 0.000007 0.125668 -0.265692 -0.313595 -0.000000 0.000000 -0.000000 0.130146 -0.534334 -0.668620 -12.382659 0.000001 -9.258735 -0.113330 -0.268834 -0.313595 -0.000000 0.000000 -0.000000 -0.095191 -0.015211 -0.747160 -0.000001 -0.000001 -0.000000 
0.000000 -0.210014 0.052218 9.577158 0.000000 -0.000000 0.000000 -0.000000 -0.000000 -0.000001 0.000000 -0.000001 0.108498 0.010680 -0.004987 -51.910513 3.233828 -2.754348 0.042686 -0.033397 -0.412863 36.706249 4.702672 2.347132 0.051757 0.026022 -0.434841 -6.906977 -5.816532 -8.145475 0.014582 -0.140203 -0.041002 -0.000002 0.000001 0.000000 0.000000 0.031892 0.087417 -0.000003 0.000000 -0.000000 0.000000 -0.000295 0.129738 -0.000000 0.000000 -0.000000 0.000000 0.021603 0.135532 0.000003 0.000000 -0.000000 0.022776 -0.072500 0.132876 0.000001 0.000000 -0.000000 0.163716 0.004516 -0.030142 29.330304 23.861013 -1.254537 0.165715 0.002195 -0.189845 17.766840 8.169188 -9.106849 0.134640 -0.191983 -0.128679 -20.422447 16.986858 7.569700 0.001147 -0.048713 -0.006655 -0.000001 -0.000000 0.000003 0.011701 -0.029588 -0.016302 -0.000004 -0.000002 0.000000 0.018464 -0.075698 -0.024375 -0.000002 0.000004 0.000000 0.000000 -0.061697 0.207353 -0.000002 0.000000 -0.000000 0.000000 -0.018035 0.048318 -0.000003 0.000000 -0.000000 0.000000 -0.018035 0.048318 -0.000002 0.000000 -0.000000 -0.022776 -0.072500 0.132876 0.000001 -0.000000 0.000000 -0.163716 0.004516 -0.030142 -0.522852 -27.323214 8.756569 -0.165715 0.002195 -0.189845 5.220011 -5.584096 6.860060 -0.134640 -0.191983 -0.128679 -14.431765 -3.399414 -9.908349 -0.011509 -0.048713 0.001674 -0.000002 0.000000 0.000000 -0.011701 -0.029588 -0.016302 -0.000001 0.000003 -0.000001 -0.018463 -0.075698 -0.024375 -0.000004 0.000003 -0.000000 -0.000000 -0.000000 -0.000000 -0.000001 -0.000000 0.000001 -0.108498 0.010680 -0.004987 -8.950229 -6.381049 1.215893 -0.042813 -0.034513 -0.413943 27.175482 -2.238431 -2.406865 -0.057838 0.011271 -0.433514 -28.096943 7.245561 2.043135 -0.014582 -0.140202 -0.044665 -0.000002 0.000001 -0.000000 0.352207 -0.331174 0.370911 -0.000000 0.000000 -0.000000 0.253490 -0.139412 0.043517 38.570300 51.595071 -0.000012 -0.275499 -0.250273 0.370911 -0.000000 0.000000 -0.000000 -0.232716 -0.461183 0.053609 -0.000001 -38.791356 0.000007 0.125668 -0.265692 -0.313595 -0.000000 0.000000 -0.000000 0.130146 -0.534334 -0.668620 -12.382659 0.000001 -9.258735 -0.113330 -0.268834 -0.313595 -0.000000 0.000000 -0.000000 -0.095191 -0.015211 -0.747160 -0.000001 -0.000001 -0.000000 
0.000000 -0.210014 0.052218 9.577158 0.000000 -0.000000 0.000000 -0.000000 -0.000000 -0.000001 0.000000 -0.000001 0.108498 0.010680 -0.004987 -51.910513 3.233828 -2.754348 0.042686 -0.033397 -0.412863 36.706249 4.702672 2.347132 0.051757 0.026022 -0.434841 -6.906977 -5.816532 -8.145475 0.014582 -0.140203 -0.041002 -0.000002 0.000001 0.000000 0.000000 0.031892 0.087417 -0.000003 0.000000 -0.000000 0.000000 -0.000295 0.129738 -0.000000 0.000000 -0.000000 0.000000 0.021603 0.135532 0.000003 0.000000 -0.000000 0.022776 -0.072500 0.132876 0.000001 0.000000 -0.000000 0.163716 0.004516 -0.030142 29.330304 23.861013 -1.254537 0.165715 0.002195 -0.189845 17.766840 8.169188 -9.106849 0.134640 -0.191983 -0.128679 -20.422447 16.986858 7.569700 0.001147 -0.048713 -0.006655 -0.000001 -0.000000 0.000003 0.011701 -0.029588 -0.016302 -0.000004 -0.000002 0.000000 0.018464 -0.075698 -0.024375 -0.000002 0.000004 0.000000 0.000000 -0.061697 0.207353 -0.000002 0.000000 -0.000000 0.000000 -0.018035 0.048318 -0.000003 0.000000 -0.000000 0.000000 -0.018035 0.048318 -0.000002 0.000000 -0.000000 -0.022776 -0.072500 0.132876 0.000001 -0.000000 0.000000 -0.163716 0.004516 -0.030142 -0.522852 -27.323214 8.756569 -0.165715 0.002195 -0.189845 5.220011 -5.584096 6.860060 -0.134640 -0.191983 -0.128679 -14.431765 -3.399414 -9.908349 -0.011509 -0.048713 0.001674 -0.000002 0.000000 0.000000 -0.011701 -0.029588 -0.016302 -0.000001 0.000003 -0.000001 -0.018463 -0.075698 -0.024375 -0.000004 0.000003 -0.000000 -0.000000 -0.000000 -0.000000 -0.000001 -0.000000 0.000001 -0.108498 0.010680 -0.004987 -8.950229 -6.381049 1.215893 -0.042813 -0.034513 -0.413943 27.175482 -2.238431 -2.406865 -0.057838 0.011271 -0.433514 -28.096943 7.245561 2.043135 -0.014582 -0.140202 -0.044665 -0.000002 0.000001 -0.000000 0.352207 -0.331174 0.370911 -0.000000 0.000000 -0.000000 0.253490 -0.139412 0.043517 38.570300 51.595071 -0.000012 -0.275499 -0.250273 0.370911 -0.000000 0.000000 -0.000000 -0.232716 -0.461183 0.053609 -0.000001 -38.791356 0.000007 0.125668 -0.265692 -0.313595 -0.000000 0.000000 -0.000000 0.130146 -0.534334 -0.668620 -12.382659 0.000001 -9.258735 -0.113330 -0.268834 -0.313595 -0.000000 0.000000 -0.000000 -0.095191 -0.015211 -0.747160 -0.000001 -0.000001 -0.000000 
0.000000 -0.210014 0.052218 9.577158 0.000000 -0.000000 0.000000 -0.000000 -0.000000 -0.000001 0.000000 -0.000001 0.108498 0.010680 -0.004987 -51.910513 3.233828 -2.754348 0.042686 -0.033397 -0.412863 36.706249 4.702672 2.347132 0.051757 0.026022 -0.434841 -6.906977 -5.816532 -8.145475 0.014582 -0.140203 -0.041002 -0.000002 0.000001 0.000000 0.000000 0.031892 0.087417 -0.000003 0.000000 -0.000000 0.000000 -0.000295 0.129738 -0.000000 0.000000 -0.000000 0.000000 0.021603 0.135532 0.000003 0.000000 -0.000000 0.022776 -0.072500 0.132876 0.000001 0.000000 -0.000000 0.163716 0.004516 -0.030142 29.330304 23.861013 -1.254537 0.165715 0.002195 -0.189845 17.766840 8.169188 -9.106849 0.134640 -0.191983 -0.128679 -20.422447 16.986858 7.569700 0.001147 -0.048713 -0.006655 -0.000001 -0.000000 0.000003 0.011701 -0.029588 -0.016302 -0.000004 -0.000002 0.000000 0.018464 -0.075698 -0.024375 -0.000002 0.000004 0.000000 0.000000 -0.061697 0.207353 -0.000002 0.000000 -0.000000 0.000000 -0.018035 0.048318 -0.000003 0.000000 -0.000000 0.000000 -0.018035 0.048318 -0.000002 0.000000 -0.000000 -0.022776 -0.072500 0.132876 0.000001 -0.000000 0.000000 -0.163716 0.004516 -0.030142 -0.522852 -27.323214 8.756569 -0.165715 0.002195 -0.189845 5.220011 -5.584096 6.860060 -0.134640 -0.191983 -0.128679 -14.431765 -3.399414 -9.908349 -0.011509 -0.048713 0.001674 -0.000002 0.000000 0.000000 -0.011701 -0.029588 -0.016302 -0.000001 0.000003 -0.000001 -0.018463 -0.075698 -0.024375 -0.000004 0.000003 -0.000000 -0.000000 -0.000000 -0.000000 -0.000001 -0.000000 0.000001 -0.108498 0.010680 -0.004987 -8.950229 -6.381049 1.215893 -0.042813 -0.034513 -0.413943 27.175482 -2.238431 -2.406865 -0.057838 0.011271 -0.433514 -28.096943 7.245561 2.043135 -0.014582 -0.140202 -0.044665 -0.000002 0.000001 -0.000000 0.352207 -0.331174 0.370911 -0.000000 0.000000 -0.000000 0.253490 -0.139412 0.043517 38.570300 51.595071 -0.000012 -0.275499 -0.250273 0.370911 -0.000000 0.000000 -0.000000 -0.232716 -0.461183 0.053609 -0.000001 -38.791356 0.000007 0.125668 -0.265692 -0.313595 -0.000000 0.000000 -0.000000 0.130146 -0.534334 -0.668620 -12.382659 0.000001 -9.258735 -0.113330 -0.268834 -0.313595 -0.000000 0.000000 -0.000000 -0.095191 -0.015211 -0.747160 -0.000001 -0.000001 -0.000000 
0.000000 -0.210014 0.052218 9.577158 0.000000 -0.000000 0.000000 -0.000000 -0.000000 -0.000001 0.000000 -0.000001 0.108498 0.010680 -0.004987 -51.910513 3.233828 -2.754348 0.042686 -0.033397 -0.412863 36.706249 4.702672 2.347132 0.051757 0.026022 -0.434841 -6.906977 -5.816532 -8.145475 0.014582 -0.140203 -0.041002 -0.000002 0.000001 0.000000 0.000000 0.031892 0.087417 -0.000003 0.000000 -0.000000 0.000000 -0.000295 0.129738 -0.000000 0.000000 -0.000000 0.000000 0.021603 0.135532 0.000003 0.000000 -0.000000 0.022776 -0.072500 0.132876 0.000001 0.000000 -0.000000 0.163716 0.004516 -0.030142 29.330304 23.861013 -1.254537 0.165715 0.002195 -0.189845 17.766840 8.169188 -9.106849 0.134640 -0.191983 -0.128679 -20.422447 16.986858 7.569700 0.001147 -0.048713 -0.006655 -0.000001 -0.000000 0.000003 0.011701 -0.029588 -0.016302 -0.000004 -0.000002 0.000000 0.018464 -0.075698 -0.024375 -0.000002 0.000004 0.000000 0.000000 -0.061697 0.207353 -0.000002 0.000000 -0.000000 0.000000 -0.018035 0.048318 -0.000003 0.000000 -0.000000 0.000000 -0.018035 0.048318 -0.000002 0.000000 -0.000000 -0.022776 -0.072500 0.132876 0.000001 -0.000000 0.000000 -0.163716 0.004516 -0.030142 -0.522852 -27.323214 8.756569 -0.165715 0.002195 -0.189845 5.220011 -5.584096 6.860060 -0.134640 -0.191983 -0.128679 -14.431765 -3.399414 -9.908349 -0.011509 -0.048713 0.001674 -0.000002 0.000000 0.000000 -0.011701 -0.029588 -0.016302 -0.000001 0.000003 -0.000001 -0.018463 -0.075698 -0.024375 -0.000004 0.000003 -0.000000 -0.000000 -0.000000 -0.000000 -0.000001 -0.000000 0.000001 -0.108498 0.010680 -0.004987 -8.950229 -6.381049 1.215893 -0.042813 -0.034513 -0.413943 27.175482 -2.238431 -2.406865 -0.057838 0.011271 -0.433514 -28.096943 7.245561 2.043135 -0.014582 -0.140202 -0.044665 -0.000002 0.000001 -0.000000 0.352207 -0.331174 0.370911 -0.000000 0.000000 -0.000000 0.253490 -0.139412 0.043517 38.570300 51.595071 -0.000012 -0.275499 -0.250273 0.370911 -0.000000 0.000000 -0.000000 -0.232716 -0.461183 0.053609 -0.000001 -38.791356 0.000007 0.125668 -0.265692 -0.313595 -0.000000 0.000000 -0.000000 0.130146 -0.534334 -0.668620 -12.382659 0.000001 -9.258735 -0.113330 -0.268834 -0.313595 -0.000000 0.000000 -0.000000 -0.095191 -0.015211 -0.747160 -0.000001 -0.000001 -0.000000 
0.000000 -0.210014 0.052218 9.577158 0.000000 -0.000000 0.000000 -0.000000 -0.000000 -0.000001 0.000000 -0.000001 0.108498 0.010680 -0.004987 -51.910513 3.233828 -2.754348 0.042686 -0.033397 -0.412863 36.706249 4.702672 2.347132 0.051757 0.026022 -0.434841 -6.906977 -5.816532 -8.145475 0.014582 -0.140203 -0.041002 -0.000002 0.000001 0.000000 0.000000 0.031892 0.087417 -0.000003 0.000000 -0.000000 0.000000 -0.000295 0.129738 -0.000000 0.000000 -0.000000 0.000000 0.021603 0.135532 0.000003 0.000000 -0.000000 0.022776 -0.072500 0.132876 0.000001 0.000000 -0.000000 0.163716 0.004516 -0.030142 29.330304 23.861013 -1.254537 0.165715 0.002195 -0.189845 17.766840 8.169188 -9.106849 0.134640 -0.191983 -0.128679 -20.422447 16.986858 7.569700 0.001147 -0.048713 -0.006655 -0.000001 -0.000000 0.000003 0.011701 -0.029588 -0.016302 -0.000004 -0.000002 0.000000 0.018464 -0.075698 -0.024375 -0.000002 0.000004 0.000000 0.000000 -0.061697 0.207353 -0.000002 0.000000 -0.000000 0.000000 -0.018035 0.048318 -0.000003 0.000000 -0.000000 0.000000 -0.018035 0.048318 -0.000002 0.000000 -0.000000 -0.022776 -0.072500 0.132876 0.000001 -0.000000 0.000000 -0.163716 0.004516 -0.030142 -0.522852 -27.323214 8.756569 -0.165715 0.002195 -0.189845 5.220011 -5.584096 6.860060 -0.134640 -0.191983 -0.128679 -14.431765 -3.399414 -9.908349 -0.011509 -0.048713 0.001674 -0.000002 0.000000 0.000000 -0.011701 -0.029588 -0.016302 -0.000001 0.000003 -0.000001 -0.018463 -0.075698 -0.024375 -0.000004 0.000003 -0.000000 -0.000000 -0.000000 -0.000000 -0.000001 -0.000000 0.000001 -0.108498 0.010680 -0.004987 -8.950229 -6.381049 1.215893 -0.042813 -0.034513 -0.413943 27.175482 -2.238431 -2.406865 -0.057838 0.011271 -0.433514 -28.096943 7.245561 2.043135 -0.014582 -0.140202 -0.044665 -0.000002 0.000001 -0.000000 0.352207 -0.331174 0.370911 -0.000000 0.000000 -0.000000 0.253490 -0.139412 0.043517 38.570300 51.595071 -0.000012 -0.275499 -0.250273 0.370911 -0.000000 0.000000 -0.000000 -0.232716 -0.461183 0.053609 -0.000001 -38.791356 0.000007 0.125668 -0.265692 -0.313595 -0.000000 0.000000 -0.000000 0.130146 -0.534334 -0.668620 -12.382659 0.000001 -9.258735 -0.113330 -0.268834 -0.313595 -0.000000 0.000000 -0.000000 -0.095191 -0.015211 -0.747160 -0.000001 -0.000001 -0.000000 
0.000000 -0.210014 0.052218 9.577158 0.000000 -0.000000 0.000000 -0.000000 -0.000000 -0.000001 0.000000 -0.000001 0.108498 0.010680 -0.004987 -51.910513 3.233828 -2.754348 0.042686 -0.033397 -0.412863 36.706249 4.702672 2.347132 0.051757 0.026022 -0.434841 -6.906977 -5.816532 -8.145475 0.014582 -0.140203 -0.041002 -0.000002 0.000001 0.000000 0.000000 0.031892 0.087417 -0.000003 0.000000 -0.000000 0.000000 -0.000295 0.129738 -0.000000 0.000000 -0.000000 0.000000 0.021603 0.135532 0.000003 0.000000 -0.000000 0.022776 -0.072500 0.132876 0.000001 0.000000 -0.000000 0.163716 0.004516 -0.030142 29.330304 23.861013 -1.254537 0.165715 0.002195 -0.189845 17.766840 8.169188 -9.106849 0.134640 -0.191983 -0.128679 -20.422447 16.986858 7.569700 0.001147 -0.048713 -0.006655 -0.000001 -0.000000 0.000003 0.011701 -0.029588 -0.016302 -0.000004 -0.000002 0.000000 0.018464 -0.075698 -0.024375 -0.000002 0.000004 0.000000 0.000000 -0.061697 0.207353 -0.000002 0.000000 -0.000000 0.000000 -0.018035 0.048318 -0.000003 0.000000 -0.000000 0.000000 -0.018035 0.048318 -0.000002 0.000000 -0.000000 -0.022776 -0.072500 0.132876 0.000001 -0.000000 0.000000 -0.163716 0.004516 -0.030142 -0.522852 -27.323214 8.756569 -0.165715 0.002195 -0.189845 5.220011 -5.584096 6.860060 -0.134640 -0.191983 -0.128679 -14.431765 -3.399414 -9.908349 -0.011509 -0.048713 0.001674 -0.000002 0.000000 0.000000 -0.011701 -0.029588 -0.016302 -0.000001 0.000003 -0.000001 -0.018463 -0.075698 -0.024375 -0.000004 0.000003 -0.000000 -0.000000 -0.000000 -0.000000 -0.000001 -0.000000 0.000001 -0.108498 0.010680 -0.004987 -8.950229 -6.381049 1.215893 -0.042813 -0.034513 -0.413943 27.175482 -2.238431 -2.406865 -0.057838 0.011271 -0.433514 -28.096943 7.245561 2.043135 -0.014582 -0.140202 -0.044665 -0.000002 0.000001 -0.000000 0.352207 -0.331174 0.370911 -0.000000 0.000000 -0.000000 0.253490 -0.139412 0.043517 38.570300 51.595071 -0.000012 -0.275499 -0.250273 0.370911 -0.000000 0.000000 -0.000000 -0.232716 -0.461183 0.053609 -0.000001 -38.791356 0.000007 0.125668 -0.265692 -0.313595 -0.000000 0.000000 -0.000000 0.130146 -0.534334 -0.668620 -12.382659 0.000001 -9.258735 -0.113330 -0.268834 -0.313595 -0.000000 0.000000 -0.000000 -0.095191 -0.015211 -0.747160 -0.000001 -0.000001 -0.000000 
0.000000 -0.210014 0.052218 9.577158 0.000000 -0.000000 0.000000 -0.000000 -0.000000 -0.000001 0.000000 -0.000001 0.108498 0.010680 -0.004987 -51.910513 3.233828 -2.754348 0.042686 -0.033397 -0.412863 36.706249 4.702672 2.347132 0.051757 0.026022 -0.434841 -6.906977 -5.816532 -8.145475 0.014582 -0.140203 -0.041002 -0.000002 0.000001 0.000000 0.000000 0.031892 0.087417 -0.000003 0.000000 -0.000000 0.000000 -0.000295 0.129738 -0.000000 0.000000 -0.000000 0.000000 0.021603 0.135532 0.000003 0.000000 -0.000000 0.022776 -0.072500 0.132876 0.000001 0.000000 -0.000000 0.163716 0.004516 -0.030142 29.330304 23.861013 -1.254537 0.165715 0.002195 -0.189845 17.766840 8.169188 -9.106849 0.134640 -0.191983 -0.128679 -20.422447 16.986858 7.569700 0.001147 -0.048713 -0.006655 -0.000001 -0.000000 0.000003 0.011701 -0.029588 -0.016302 -0.000004 -0.000002 0.000000 0.018464 -0.075698 -0.024375 -0.000002 0.000004 0.000000 0.000000 -0.061697 0.207353 -0.000002 0.000000 -0.000000 0.000000 -0.018035 0.048318 -0.000003 0.000000 -0.000000 0.000000 -0.018035 0.048318 -0.000002 0.000000 -0.000000 -0.022776 -0.072500 0.132876 0.000001 -0.000000 0.000000 -0.163716 0.004516 -0.030142 -0.522852 -27.323214 8.756569 -0.165715 0.002195 -0.189845 5.220011 -5.584096 6.860060 -0.134640 -0.191983 -0.128679 -14.431765 -3.399414 -9.908349 -0.011509 -0.048713 0.001674 -0.000002 0.000000 0.000000 -0.011701 -0.029588 -0.016302 -0.000001 0.000003 -0.000001 -0.018463 -0.075698 -0.024375 -0.000004 0.000003 -0.000000 -0.000000 -0.000000 -0.000000 -0.000001 -0.000000 0.000001 -0.108498 0.010680 -0.004987 -8.950229 -6.381049 1.215893 -0.042813 -0.034513 -0.413943 27.175482 -2.238431 -2.406865 -0.057838 0.011271 -0.433514 -28.096943 7.245561 2.043135 -0.014582 -0.140202 -0.044665 -0.000002 0.000001 -0.000000 0.352207 -0.331174 0.370911 -0.000000 0.000000 -0.000000 0.253490 -0.139412 0.043517 38.570300 51.595071 -0.000012 -0.275499 -0.250273 0.370911 -0.000000 0.000000 -0.000000 -0.232716 -0.461183 0.053609 -0.000001 -38.791356 0.000007 0.125668 -0.265692 -0.313595 -0.000000 0.000000 -0.000000 0.130146 -0.534334 -0.668620 -12.382659 0.000001 -9.258735 -0.113330 -0.268834 -0.313595 -0.000000 0.000000 -0.000000 -0.095191 -0.015211 -0.747160 -0.000001 -0.000001 -0.000000 
0.000000 -0.210014 0.052218 9.577158 0.000000 -0.000000 0.000000 -0.000000 -0.000000 -0.000001 0.000000 -0.000001 0.108498 0.010680 -0.004987 -51.910513 3.233828 -2.754348 0.042686 -0.033397 -0.412863 36.706249 4.702672 2.347132 0.051757 0.026022 -0.434841 -6.906977 -5.816532 -8.145475 0.014582 -0.140203 -0.041002 -0.000002 0.000001 0.000000 0.000000 0.031892 0.087417 -0.000003 0.000000 -0.000000 0.000000 -0.000295 0.129738 -0.000000 0.000000 -0.000000 0.000000 0.021603 0.135532 0.000003 0.000000 -0.000000 0.022776 -0.072500 0.132876 0.000001 0.000000 -0.000000 0.163716 0.004516 -0.030142 29.330304 23.861013 -1.254537 0.165715 0.002195 -0.189845 17.766840 8.169188 -9.106849 0.134640 -0.191983 -0.128679 -20.422447 16.986858 7.569700 0.001147 -0.048713 -0.006655 -0.000001 -0.000000 0.000003 0.011701 -0.029588 -0.016302 -0.000004 -0.000002 0.000000 0.018464 -0.075698 -0.024375 -0.000002 0.000004 0.000000 0.000000 -0.061697 0.207353 -0.000002 0.000000 -0.000000 0.000000 -0.018035 0.048318 -0.000003 0.000000 -0.000000 0.000000 -0.018035 0.048318 -0.000002 0.000000 -0.000000 -0.022776 -0.072500 0.132876 0.000001 -0.000000 0.000000 -0.163716 0.004516 -0.030142 -0.522852 -27.323214 8.756569 -0.165715 0.002195 -0.189845 5.220011 -5.584096 6.860060 -0.134640 -0.191983 -0.128679 -14.431765 -3.399414 -9.908349 -0.011509 -0.048713 0.001674 -0.000002 0.000000 0.000000 -0.011701 -0.029588 -0.016302 -0.000001 0.000003 -0.000001 -0.018463 -0.075698 -0.024375 -0.000004 0.000003 -0.000000 -0.000000 -0.000000 -0.000000 -0.000001 -0.000000 0.000001 -0.108498 0.010680 -0.004987 -8.950229 -6.381049 1.215893 -0.042813 -0.034513 -0.413943 27.175482 -2.238431 -2.406865 -0.057838 0.011271 -0.433514 -28.096943 7.245561 2.043135 -0.014582 -0.140202 -0.044665 -0.000002 0.000001 -0.000000 0.352207 -0.331174 0.370911 -0.000000 0.000000 -0.000000 0.253490 -0.139412 0.043517 38.570300 51.595071 -0.000012 -0.275499 -0.250273 0.370911 -0.000000 0.000000 -0.000000 -0.232716 -0.461183 0.053609 -0.000001 -38.791356 0.000007 0.125668 -0.265692 -0.313595 -0.000000 0.000000 -0.000000 0.130146 -0.534334 -0.668620 -12.382659 0.000001 -9.258735 -0.113330 -0.268834 -0.313595 -0.000000 0.000000 -0.000000 -0.095191 -0.015211 -0.747160 -0.000001 -0.000001 -0.000000 
0.000000 -0.210014 0.052218 9.577158 0.000000 -0.000000 0.000000 -0.000000 -0.000000 -0.000001 0.000000 -0.000001 0.108498 0.010680 -0.004987 -51.910513 3.233828 -2.754348 0.042686 -0.033397 -0.412863 36.706249 4.702672 2.347132 0.051757 0.026022 -0.434841 -6.906977 -5.816532 -8.145475 0.014582 -0.140203 -0.041002 -0.000002 0.000001 0.000000 0.000000 0.031892 0.087417 -0.000003 0.000000 -0.000000 0.000000 -0.000295 0.129738 -0.000000 0.000000 -0.000000 0.000000 0.021603 0.135532 0.000003 0.000000 -0.000000 0.022776 -0.072500 0.132876 0.000001 0.000000 -0.000000 0.163716 0.004516 -0.030142 29.330304 23.861013 -1.254537 0.165715 0.002195 -0.189845 17.766840 8.169188 -9.106849 0.134640 -0.191983 -0.128679 -20.422447 16.986858 7.569700 0.001147 -0.048713 -0.006655 -0.000001 -0.000000 0.000003 0.011701 -0.029588 -0.016302 -0.000004 -0.000002 0.000000 0.018464 -0.075698 -0.024375 -0.000002 0.000004 0.000000 0.000000 -0.061697 0.207353 -0.000002 0.000000 -0.000000 0.000000 -0.018035 0.048318 -0.000003 0.000000 -0.000000 0.000000 -0.018035 0.048318 -0.000002 0.000000 -0.000000 -0.022776 -0.072500 0.132876 0.000001 -0.000000 0.000000 -0.163716 0.004516 -0.030142 -0.522852 -27.323214 8.756569 -0.165715 0.002195 -0.189845 5.220011 -5.584096 6.860060 -0.134640 -0.191983 -0.128679 -14.431765 -3.399414 -9.908349 -0.011509 -0.048713 0.001674 -0.000002 0.000000 0.000000 -0.011701 -0.029588 -0.016302 -0.000001 0.000003 -0.000001 -0.018463 -0.075698 -0.024375 -0.000004 0.000003 -0.000000 -0.000000 -0.000000 -0.000000 -0.000001 -0.000000 0.000001 -0.108498 0.010680 -0.004987 -8.950229 -6.381049 1.215893 -0.042813 -0.034513 -0.413943 27.175482 -2.238431 -2.406865 -0.057838 0.011271 -0.433514 -28.096943 7.245561 2.043135 -0.014582 -0.140202 -0.044665 -0.000002 0.000001 -0.000000 0.352207 -0.331174 0.370911 -0.000000 0.000000 -0.000000 0.253490 -0.139412 0.043517 38.570300 51.595071 -0.000012 -0.275499 -0.250273 0.370911 -0.000000 0.000000 -0.000000 -0.232716 -0.461183 0.053609 -0.000001 -38.791356 0.000007 0.125668 -0.265692 -0.313595 -0.000000 0.000000 -0.000000 0.130146 -0.534334 -0.668620 -12.382659 0.000001 -9.258735 -0.113330 -0.268834 -0.313595 -0.000000 0.000000 -0.000000 -0.095191 -0.015211 -0.747160 -0.000001 -0.000001 -0.000000 
0.000000 -0.210014 0.052218 9.577158 0.000000 -0.000000 0.000000 -0.000000 -0.000000 -0.000001 0.000000 -0.000001 0.108498 0.010680 -0.004987 -51.910513 3.233828 -2.754348 0.042686 -0.033397 -0.412863 36.706249 4.702672 2.347132 0.051757 0.026022 -0.434841 -6.906977 -5.816532 -8.145475 0.014582 -0.140203 -0.041002 -0.000002 0.000001 0.000000 0.000000 0.031892 0.087417 -0.000003 0.000000 -0.000000 0.000000 -0.000295 0.129738 -0.000000 0.000000 -0.000000 0.000000 0.021603 0.135532 0.000003 0.000000 -0.000000 0.022776 -0.072500 0.132876 0.000001 0.000000 -0.000000 0.163716 0.004516 -0.030142 29.330304 23.861013 -1.254537 0.165715 0.002195 -0.189845 17.766840 8.169188 -9.106849 0.134640 -0.191983 -0.128679 -20.422447 16.986858 7.569700 0.001147 -0.048713 -0.006655 -0.000001 -0.000000 0.000003 0.011701 -0.029588 -0.016302 -0.000004 -0.000002 0.000000 0.018464 -0.075698 -0.024375 -0.000002 0.000004 0.000000 0.000000 -0.061697 0.207353 -0.000002 0.000000 -0.000000 0.000000 -0.018035 0.048318 -0.000003 0.000000 -0.000000 0.000000 -0.018035 0.048318 -0.000002 0.000000 -0.000000 -0.022776 -0.072500 0.132876 0.000001 -0.000000 0.000000 -0.163716 0.004516 -0.030142 -0.522852 -27.323214 8.756569 -0.165715 0.002195 -0.189845 5.220011 -5.584096 6.860060 -0.134640 -0.191983 -0.128679 -14.431765 -3.399414 -9.908349 -0.011509 -0.048713 0.001674 -0.000002 0.000000 0.000000 -0.011701 -0.029588 -0.016302 -0.000001 0.000003 -0.000001 -0.018463 -0.075698 -0.024375 -0.000004 0.000003 -0.000000 -0.000000 -0.000000 -0.000000 -0.000001 -0.000000 0.000001 -0.108498 0.010680 -0.004987 -8.950229 -6.381049 1.215893 -0.042813 -0.034513 -0.413943 27.175482 -2.238431 -2.406865 -0.057838 0.011271 -0.433514 -28.096943 7.245561 2.043135 -0.014582 -0.140202 -0.044665 -0.000002 0.000001 -0.000000 0.352207 -0.331174 0.370911 -0.000000 0.000000 -0.000000 0.253490 -0.139412 0.043517 38.570300 51.595071 -0.000012 -0.275499 -0.250273 0.370911 -0.000000 0.000000 -0.000000 -0.232716 -0.461183 0.053609 -0.000001 -38.791356 0.000007 0.125668 -0.265692 -0.313595 -0.000000 0.000000 -0.000000 0.130146 -0.534334 -0.668620 -12.382659 0.000001 -9.258735 -0.113330 -0.268834 -0.313595 -0.000000 0.000000 -0.000000 -0.095191 -0.015211 -0.747160 -0.000001 -0.000001 -0.000000 
0.000000 -0.210014 0.052218 9.577158 0.000000 -0.000000 0.000000 -0.000000 -0.000000 -0.000001 0.000000 -0.000001 0.108498 0.010680 -0.004987 -51.910513 3.233828 -2.754348 0.042686 -0.033397 -0.412863 36.706249 4.702672 2.347132 0.051757 0.026022 -0.434841 -6.906977 -5.816532 -8.145475 0.014582 -0.140203 -0.041002 -0.000002 0.000001 0.000000 0.000000 0.031892 0.087417 -0.000003 0.000000 -0.000000 0.000000 -0.000295 0.129738 -0.000000 0.000000 -0.000000 0.000000 0.021603 0.135532 0.000003 0.000000 -0.000000 0.022776 -0.072500 0.132876 0.000001 0.000000 -0.000000 0.163716 0.004516 -0.030142 29.330304 23.861013 -1.254537 0.165715 0.002195 -0.189845 17.766840 8.169188 -9.106849 0.134640 -0.191983 -0.128679 -20.422447 16.986858 7.569700 0.001147 -0.048713 -0.006655 -0.000001 -0.000000 0.000003 0.011701 -0.029588 -0.016302 -0.000004 -0.000002 0.000000 0.018464 -0.075698 -0.024375 -0.000002 0.000004 0.000000 0.000000 -0.061697 0.207353 -0.000002 0.000000 -0.000000 0.000000 -0.018035 0.048318 -0.000003 0.000000 -0.000000 0.000000 -0.018035 0.048318 -0.000002 0.000000 -0.000000 -0.022776 -0.072500 0.132876 0.000001 -0.000000 0.000000 -0.163716 0.004516 -0.030142 -0.522852 -27.323214 8.756569 -0.165715 0.002195 -0.189845 5.220011 -5.584096 6.860060 -0.134640 -0.191983 -0.128679 -14.431765 -3.399414 -9.908349 -0.011509 -0.048713 0.001674 -0.000002 0.000000 0.000000 -0.011701 -0.029588 -0.016302 -0.000001 0.000003 -0.000001 -0.018463 -0.075698 -0.024375 -0.000004 0.000003 -0.000000 -0.000000 -0.000000 -0.000000 -0.000001 -0.000000 0.000001 -0.108498 0.010680 -0.004987 -8.950229 -6.381049 1.215893 -0.042813 -0.034513 -0.413943 27.175482 -2.238431 -2.406865 -0.057838 0.011271 -0.433514 -28.096943 7.245561 2.043135 -0.014582 -0.140202 -0.044665 -0.000002 0.000001 -0.000000 0.352207 -0.331174 0.370911 -0.000000 0.000000 -0.000000 0.253490 -0.139412 0.043517 38.570300 51.595071 -0.000012 -0.275499 -0.250273 0.370911 -0.000000 0.000000 -0.000000 -0.232716 -0.461183 0.053609 -0.000001 -38.791356 0.000007 0.125668 -0.265692 -0.313595 -0.000000 0.000000 -0.000000 0.130146 -0.534334 -0.668620 -12.382659 0.000001 -9.258735 -0.113330 -0.268834 -0.313595 -0.000000 0.000000 -0.000000 -0.095191 -0.015211 -0.747160 -0.000001 -0.000001 -0.000000 
0.000000 -0.210014 0.052218 9.577158 0.000000 -0.000000 0.000000 -0.000000 -0.000000 -0.000001 0.000000 -0.000001 0.108498 0.010680 -0.004987 -51.910513 3.233828 -2.754348 0.042686 -0.033397 -0.412863 36.706249 4.702672 2.347132 0.051757 0.026022 -0.434841 -6.906977 -5.816532 -8.145475 0.014582 -0.140203 -0.041002 -0.000002 0.000001 0.000000 0.000000 0.031892 0.087417 -0.000003 0.000000 -0.000000 0.000000 -0.000295 0.129738 -0.000000 0.000000 -0.000000 0.000000 0.021603 0.135532 0.000003 0.000000 -0.000000 0.022776 -0.072500 0.132876 0.000001 0.000000 -0.000000 0.163716 0.004516 -0.030142 29.330304 23.861013 -1.254537 0.165715 0.002195 -0.189845 17.766840 8.169188 -9.106849 0.134640 -0.191983 -0.128679 -20.422447 16.986858 7.569700 0.001147 -0.048713 -0.006655 -0.000001 -0.000000 0.000003 0.011701 -0.029588 -0.016302 -0.000004 -0.000002 0.000000 0.018464 -0.075698 -0.024375 -0.000002 0.000004 0.000000 0.000000 -0.061697 0.207353 -0.000002 0.000000 -0.000000 0.000000 -0.018035 0.048318 -0.000003 0.000000 -0.000000 0.000000 -0.018035 0.048318 -0.000002 0.000000 -0.000000 -0.022776 -0.072500 0.132876 0.000001 -0.000000 0.000000 -0.163716 0.004516 -0.030142 -0.522852 -27.323214 8.756569 -0.165715 0.002195 -0.189845 5.220011 -5.584096 6.860060 -0.134640 -0.191983 -0.128679 -14.431765 -3.399414 -9.908349 -0.011509 -0.048713 0.001674 -0.000002 0.000000 0.000000 -0.011701 -0.029588 -0.016302 -0.000001 0.000003 -0.000001 -0.018463 -0.075698 -0.024375 -0.000004 0.000003 -0.000000 -0.000000 -0.000000 -0.000000 -0.000001 -0.000000 0.000001 -0.108498 0.010680 -0.004987 -8.950229 -6.381049 1.215893 -0.042813 -0.034513 -0.413943 27.175482 -2.238431 -2.406865 -0.057838 0.011271 -0.433514 -28.096943 7.245561 2.043135 -0.014582 -0.140202 -0.044665 -0.000002 0.000001 -0.000000 0.352207 -0.331174 0.370911 -0.000000 0.000000 -0.000000 0.253490 -0.139412 0.043517 38.570300 51.595071 -0.000012 -0.275499 -0.250273 0.370911 -0.000000 0.000000 -0.000000 -0.232716 -0.461183 0.053609 -0.000001 -38.791356 0.000007 0.125668 -0.265692 -0.313595 -0.000000 0.000000 -0.000000 0.130146 -0.534334 -0.668620 -12.382659 0.000001 -9.258735 -0.113330 -0.268834 -0.313595 -0.000000 0.000000 -0.000000 -0.095191 -0.015211 -0.747160 -0.000001 -0.000001 -0.000000 
0.000000 -0.210014 0.052218 9.577158 0.000000 -0.000000 0.000000 -0.000000 -0.000000 -0.000001 0.000000 -0.000001 0.108498 0.010680 -0.004987 -51.910513 3.233828 -2.754348 0.042686 -0.033397 -0.412863 36.706249 4.702672 2.347132 0.051757 0.026022 -0.434841 -6.906977 -5.816532 -8.145475 0.014582 -0.140203 -0.041002 -0.000002 0.000001 0.000000 0.000000 0.031892 0.087417 -0.000003 0.000000 -0.000000 0.000000 -0.000295 0.129738 -0.000000 0.000000 -0.000000 0.000000 0.021603 0.135532 0.000003 0.000000 -0.000000 0.022776 -0.072500 0.132876 0.000001 0.000000 -0.000000 0.163716 0.004516 -0.030142 29.330304 23.861013 -1.254537 0.165715 0.002195 -0.189845 17.766840 8.169188 -9.106849 0.134640 -0.191983 -0.128679 -20.422447 16.986858 7.569700 0.001147 -0.048713 -0.006655 -0.000001 -0.000000 0.000003 0.011701 -0.029588 -0.016302 -0.000004 -0.000002 0.000000 0.018464 -0.075698 -0.024375 -0.000002 0.000004 0.000000 0.000000 -0.061697 0.207353 -0.000002 0.000000 -0.000000 0.000000 -0.018035 0.048318 -0.000003 0.000000 -0.000000 0.000000 -0.018035 0.048318 -0.000002 0.000000 -0.000000 -0.022776 -0.072500 0.132876 0.000001 -0.000000 0.000000 -0.163716 0.004516 -0.030142 -0.522852 -27.323214 8.756569 -0.165715 0.002195 -0.189845 5.220011 -5.584096 6.860060 -0.134640 -0.191983 -0.128679 -14.431765 -3.399414 -9.908349 -0.011509 -0.048713 0.001674 -0.000002 0.000000 0.000000 -0.011701 -0.029588 -0.016302 -0.000001 0.000003 -0.000001 -0.018463 -0.075698 -0.024375 -0.000004 0.000003 -0.000000 -0.000000 -0.000000 -0.000000 -0.000001 -0.000000 0.000001 -0.108498 0.010680 -0.004987 -8.950229 -6.381049 1.215893 -0.042813 -0.034513 -0.413943 27.175482 -2.238431 -2.406865 -0.057838 0.011271 -0.433514 -28.096943 7.245561 2.043135 -0.014582 -0.140202 -0.044665 -0.000002 0.000001 -0.000000 0.352207 -0.331174 0.370911 -0.000000 0.000000 -0.000000 0.253490 -0.139412 0.043517 38.570300 51.595071 -0.000012 -0.275499 -0.250273 0.370911 -0.000000 0.000000 -0.000000 -0.232716 -0.461183 0.053609 -0.000001 -38.791356 0.000007 0.125668 -0.265692 -0.313595 -0.000000 0.000000 -0.000000 0.130146 -0.534334 -0.668620 -12.382659 0.000001 -9.258735 -0.113330 -0.268834 -0.313595 -0.000000 0.000000 -0.000000 -0.095191 -0.015211 -0.747160 -0.000001 -0.000001 -0.000000 
0.000000 -0.210014 0.052218 9.577158 0.000000 -0.000000 0.000000 -0.000000 -0.000000 -0.000001 0.000000 -0.000001 0.108498 0.010680 -0.004987 -51.910513 3.233828 -2.754348 0.042686 -0.033397 -0.412863 36.706249 4.702672 2.347132 0.051757 0.026022 -0.434841 -6.906977 -5.816532 -8.145475 0.014582 -0.140203 -0.041002 -0.000002 0.000001 0.000000 0.000000 0.031892 0.087417 -0.000003 0.000000 -0.000000 0.000000 -0.000295 0.129738 -0.000000 0.000000 -0.000000 0.000000 0.021603 0.135532 0.000003 0.000000 -0.000000 0.022776 -0.072500 0.132876 0.000001 0.000000 -0.000000 0.163716 0.004516 -0.030142 29.330304 23.861013 -1.254537 0.165715 0.002195 -0.189845 17.766840 8.169188 -9.106849 0.134640 -0.191983 -0.128679 -20.422447 16.986858 7.569700 0.001147 -0.048713 -0.006655 -0.000001 -0.000000 0.000003 0.011701 -0.029588 -0.016302 -0.000004 -0.000002 0.000000 0.018464 -0.075698 -0.024375 -0.000002 0.000004 0.000000 0.000000 -0.061697 0.207353 -0.000002 0.000000 -0.000000 0.000000 -0.018035 0.048318 -0.000003 0.000000 -0.000000 0.000000 -0.018035 0.048318 -0.000002 0.000000 -0.000000 -0.022776 -0.072500 0.132876 0.000001 -0.000000 0.000000 -0.163716 0.004516 -0.030142 -0.522852 -27.323214 8.756569 -0.165715 0.002195 -0.189845 5.220011 -5.584096 6.860060 -0.134640 -0.191983 -0.128679 -14.431765 -3.399414 -9.908349 -0.011509 -0.048713 0.001674 -0.000002 0.000000 0.000000 -0.011701 -0.029588 -0.016302 -0.000001 0.000003 -0.000001 -0.018463 -0.075698 -0.024375 -0.000004 0.000003 -0.000000 -0.000000 -0.000000 -0.000000 -0.000001 -0.000000 0.000001 -0.108498 0.010680 -0.004987 -8.950229 -6.381049 1.215893 -0.042813 -0.034513 -0.413943 27.175482 -2.238431 -2.406865 -0.057838 0.011271 -0.433514 -28.096943 7.245561 2.043135 -0.014582 -0.140202 -0.044665 -0.000002 0.000001 -0.000000 0.352207 -0.331174 0.370911 -0.000000 0.000000 -0.000000 0.253490 -0.139412 0.043517 38.570300 51.595071 -0.000012 -0.275499 -0.250273 0.370911 -0.000000 0.000000 -0.000000 -0.232716 -0.461183 0.053609 -0.000001 -38.791356 0.000007 0.125668 -0.265692 -0.313595 -0.000000 0.000000 -0.000000 0.130146 -0.534334 -0.668620 -12.382659 0.000001 -9.258735 -0.113330 -0.268834 -0.313595 -0.000000 0.000000 -0.000000 -0.095191 -0.015211 -0.747160 -0.000001 -0.000001 -0.000000 
0.000000 -0.210014 0.052218 9.577158 0.000000 -0.000000 0.000000 -0.000000 -0.000000 -0.000001 0.000000 -0.000001 0.108498 0.010680 -0.004987 -51.910513 3.233828 -2.754348 0.042686 -0.033397 -0.412863 36.706249 4.702672 2.347132 0.051757 0.026022 -0.434841 -6.906977 -5.816532 -8.145475 0.014582 -0.140203 -0.041002 -0.000002 0.000001 0.000000 0.000000 0.031892 0.087417 -0.000003 0.000000 -0.000000 0.000000 -0.000295 0.129738 -0.000000 0.000000 -0.000000 0.000000 0.021603 0.135532 0.000003 0.000000 -0.000000 0.022776 -0.072500 0.132876 0.000001 0.000000 -0.000000 0.163716 0.004516 -0.030142 29.330304 23.861013 -1.254537 0.165715 0.002195 -0.189845 17.766840 8.169188 -9.106849 0.134640 -0.191983 -0.128679 -20.422447 16.986858 7.569700 0.001147 -0.048713 -0.006655 -0.000001 -0.000000 0.000003 0.011701 -0.029588 -0.016302 -0.000004 -0.000002 0.000000 0.018464 -0.075698 -0.024375 -0.000002 0.000004 0.000000 0.000000 -0.061697 0.207353 -0.000002 0.000000 -0.000000 0.000000 -0.018035 0.048318 -0.000003 0.000000 -0.000000 0.000000 -0.018035 0.048318 -0.000002 0.000000 -0.000000 -0.022776 -0.072500 0.132876 0.000001 -0.000000 0.000000 -0.163716 0.004516 -0.030142 -0.522852 -27.323214 8.756569 -0.165715 0.002195 -0.189845 5.220011 -5.584096 6.860060 -0.134640 -0.191983 -0.128679 -14.431765 -3.399414 -9.908349 -0.011509 -0.048713 0.001674 -0.000002 0.000000 0.000000 -0.011701 -0.029588 -0.016302 -0.000001 0.000003 -0.000001 -0.018463 -0.075698 -0.024375 -0.000004 0.000003 -0.000000 -0.000000 -0.000000 -0.000000 -0.000001 -0.000000 0.000001 -0.108498 0.010680 -0.004987 -8.950229 -6.381049 1.215893 -0.042813 -0.034513 -0.413943 27.175482 -2.238431 -2.406865 -0.057838 0.011271 -0.433514 -28.096943 7.245561 2.043135 -0.014582 -0.140202 -0.044665 -0.000002 0.000001 -0.000000 0.352207 -0.331174 0.370911 -0.000000 0.000000 -0.000000 0.253490 -0.139412 0.043517 38.570300 51.595071 -0.000012 -0.275499 -0.250273 0.370911 -0.000000 0.000000 -0.000000 -0.232716 -0.461183 0.053609 -0.000001 -38.791356 0.000007 0.125668 -0.265692 -0.313595 -0.000000 0.000000 -0.000000 0.130146 -0.534334 -0.668620 -12.382659 0.000001 -9.258735 -0.113330 -0.268834 -0.313595 -0.000000 0.000000 -0.000000 -0.095191 -0.015211 -0.747160 -0.000001 -0.000001 -0.000000 
0.000000 -0.210014 0.052218 9.577158 0.000000 -0.000000 0.000000 -0.000000 -0.000000 -0.000001 0.000000 -0.000001 0.108498 0.010680 -0.004987 -51.910513 3.233828 -2.754348 0.042686 -0.033397 -0.412863 36.706249 4.702672 2.347132 0.051757 0.026022 -0.434841 -6.906977 -5.816532 -8.145475 0.014582 -0.140203 -0.041002 -0.000002 0.000001 0.000000 0.000000 0.031892 0.087417 -0.000003 0.000000 -0.000000 0.000000 -0.000295 0.129738 -0.000000 0.000000 -0.000000 0.000000 0.021603 0.135532 0.000003 0.000000 -0.000000 0.022776 -0.072500 0.132876 0.000001 0.000000 -0.000000 0.163716 0.004516 -0.030142 29.330304 23.861013 -1.254537 0.165715 0.002195 -0.189845 17.766840 8.169188 -9.106849 0.134640 -0.191983 -0.128679 -20.422447 16.986858 7.569700 0.001147 -0.048713 -0.006655 -0.000001 -0.000000 0.000003 0.011701 -0.029588 -0.016302 -0.000004 -0.000002 0.000000 0.018464 -0.075698 -0.024375 -0.000002 0.000004 0.000000 0.000000 -0.061697 0.207353 -0.000002 0.000000 -0.000000 0.000000 -0.018035 0.048318 -0.000003 0.000000 -0.000000 0.000000 -0.018035 0.048318 -0.000002 0.000000 -0.000000 -0.022776 -0.072500 0.132876 0.000001 -0.000000 0.000000 -0.163716 0.004516 -0.030142 -0.522852 -27.323214 8.756569 -0.165715 0.002195 -0.189845 5.220011 -5.584096 6.860060 -0.134640 -0.191983 -0.128679 -14.431765 -3.399414 -9.908349 -0.011509 -0.048713 0.001674 -0.000002 0.000000 0.000000 -0.011701 -0.029588 -0.016302 -0.000001 0.000003 -0.000001 -0.018463 -0.075698 -0.024375 -0.000004 0.000003 -0.000000 -0.000000 -0.000000 -0.000000 -0.000001 -0.000000 0.000001 -0.108498 0.010680 -0.004987 -8.950229 -6.381049 1.215893 -0.042813 -0.034513 -0.413943 27.175482 -2.238431 -2.406865 -0.057838 0.011271 -0.433514 -28.096943 7.245561 2.043135 -0.014582 -0.140202 -0.044665 -0.000002 0.000001 -0.000000 0.352207 -0.331174 0.370911 -0.000000 0.000000 -0.000000 0.253490 -0.139412 0.043517 38.570300 51.595071 -0.000012 -0.275499 -0.250273 0.370911 -0.000000 0.000000 -0.000000 -0.232716 -0.461183 0.053609 -0.000001 -38.791356 0.000007 0.125668 -0.265692 -0.313595 -0.000000 0.000000 -0.000000 0.130146 -0.534334 -0.668620 -12.382659 0.000001 -9.258735 -0.113330 -0.268834 -0.313595 -0.000000 0.000000 -0.000000 -0.095191 -0.015211 -0.747160 -0.000001 -0.000001 -0.000000 
0.000000 -0.210014 0.052218 9.577158 0.000000 -0.000000 0.000000 -0.000000 -0.000000 -0.000001 0.000000 -0.000001 0.108498 0.010680 -0.004987 -51.910513 3.233828 -2.754348 0.042686 -0.033397 -0.412863 36.706249 4.702672 2.347132 0.051757 0.026022 -0.434841 -6.906977 -5.816532 -8.145475 0.014582 -0.140203 -0.041002 -0.000002 0.000001 0.000000 0.000000 0.031892 0.087417 -0.000003 0.000000 -0.000000 0.000000 -0.000295 0.129738 -0.000000 0.000000 -0.000000 0.000000 0.021603 0.135532 0.000003 0.000000 -0.000000 0.022776 -0.072500 0.132876 0.000001 0.000000 -0.000000 0.163716 0.004516 -0.030142 29.330304 23.861013 -1.254537 0.165715 0.002195 -0.189845 17.766840 8.169188 -9.106849 0.134640 -0.191983 -0.128679 -20.422447 16.986858 7.569700 0.001147 -0.048713 -0.006655 -0.000001 -0.000000 0.000003 0.011701 -0.029588 -0.016302 -0.000004 -0.000002 0.000000 0.018464 -0.075698 -0.024375 -0.000002 0.000004 0.000000 0.000000 -0.061697 0.207353 -0.000002 0.000000 -0.000000 0.000000 -0.018035 0.048318 -0.000003 0.000000 -0.000000 0.000000 -0.018035 0.048318 -0.000002 0.000000 -0.000000 -0.022776 -0.072500 0.132876 0.000001 -0.000000 0.000000 -0.163716 0.004516 -0.030142 -0.522852 -27.323214 8.756569 -0.165715 0.002195 -0.189845 5.220011 -5.584096 6.860060 -0.134640 -0.191983 -0.128679 -14.431765 -3.399414 -9.908349 -0.011509 -0.048713 0.001674 -0.000002 0.000000 0.000000 -0.011701 -0.029588 -0.016302 -0.000001 0.000003 -0.000001 -0.018463 -0.075698 -0.024375 -0.000004 0.000003 -0.000000 -0.000000 -0.000000 -0.000000 -0.000001 -0.000000 0.000001 -0.108498 0.010680 -0.004987 -8.950229 -6.381049 1.215893 -0.042813 -0.034513 -0.413943 27.175482 -2.238431 -2.406865 -0.057838 0.011271 -0.433514 -28.096943 7.245561 2.043135 -0.014582 -0.140202 -0.044665 -0.000002 0.000001 -0.000000 0.352207 -0.331174 0.370911 -0.000000 0.000000 -0.000000 0.253490 -0.139412 0.043517 38.570300 51.595071 -0.000012 -0.275499 -0.250273 0.370911 -0.000000 0.000000 -0.000000 -0.232716 -0.461183 0.053609 -0.000001 -38.791356 0.000007 0.125668 -0.265692 -0.313595 -0.000000 0.000000 -0.000000 0.130146 -0.534334 -0.668620 -12.382659 0.000001 -9.258735 -0.113330 -0.268834 -0.313595 -0.000000 0.000000 -0.000000 -0.095191 -0.015211 -0.747160 -0.000001 -0.000001 -0.000000 
0.000000 -0.210014 0.052218 9.577158 0.000000 -0.000000 0.000000 -0.000000 -0.000000 -0.000001 0.000000 -0.000001 0.108498 0.010680 -0.004987 -51.910513 3.233828 -2.754348 0.042686 -0.033397 -0.412863 36.706249 4.702672 2.347132 0.051757 0.026022 -0.434841 -6.906977 -5.816532 -8.145475 0.014582 -0.140203 -0.041002 -0.000002 0.000001 0.000000 0.000000 0.031892 0.087417 -0.000003 0.000000 -0.000000 0.000000 -0.000295 0.129738 -0.000000 0.000000 -0.000000 0.000000 0.021603 0.135532 0.000003 0.000000 -0.000000 0.022776 -0.072500 0.132876 0.000001 0.000000 -0.000000 0.163716 0.004516 -0.030142 29.330304 23.861013 -1.254537 0.165715 0.002195 -0.189845 17.766840 8.169188 -9.106849 0.134640 -0.191983 -0.128679 -20.422447 16.986858 7.569700 0.001147 -0.048713 -0.006655 -0.000001 -0.000000 0.000003 0.011701 -0.029588 -0.016302 -0.000004 -0.000002 0.000000 0.018464 -0.075698 -0.024375 -0.000002 0.000004 0.000000 0.000000 -0.061697 0.207353 -0.000002 0.000000 -0.000000 0.000000 -0.018035 0.048318 -0.000003 0.000000 -0.000000 0.000000 -0.018035 0.048318 -0.000002 0.000000 -0.000000 -0.022776 -0.072500 0.132876 0.000001 -0.000000 0.000000 -0.163716 0.004516 -0.030142 -0.522852 -27.323214 8.756569 -0.165715 0.002195 -0.189845 5.220011 -5.584096 6.860060 -0.134640 -0.191983 -0.128679 -14.431765 -3.399414 -9.908349 -0.011509 -0.048713 0.001674 -0.000002 0.000000 0.000000 -0.011701 -0.029588 -0.016302 -0.000001 0.000003 -0.000001 -0.018463 -0.075698 -0.024375 -0.000004 0.000003 -0.000000 -0.000000 -0.000000 -0.000000 -0.000001 -0.000000 0.000001 -0.108498 0.010680 -0.004987 -8.950229 -6.381049 1.215893 -0.042813 -0.034513 -0.413943 27.175482 -2.238431 -2.406865 -0.057838 0.011271 -0.433514 -28.096943 7.245561 2.043135 -0.014582 -0.140202 -0.044665 -0.000002 0.000001 -0.000000 0.352207 -0.331174 0.370911 -0.000000 0.000000 -0.000000 0.253490 -0.139412 0.043517 38.570300 51.595071 -0.000012 -0.275499 -0.250273 0.370911 -0.000000 0.000000 -0.000000 -0.232716 -0.461183 0.053609 -0.000001 -38.791356 0.000007 0.125668 -0.265692 -0.313595 -0.000000 0.000000 -0.000000 0.130146 -0.534334 -0.668620 -12.382659 0.000001 -9.258735 -0.113330 -0.268834 -0.313595 -0.000000 0.000000 -0.000000 -0.095191 -0.015211 -0.747160 -0.000001 -0.000001 -0.000000 
0.000000 -0.210014 0.052218 9.577158 0.000000 -0.000000 0.000000 -0.000000 -0.000000 -0.000001 0.000000 -0.000001 0.108498 0.010680 -0.004987 -51.910513 3.233828 -2.754348 0.042686 -0.033397 -0.412863 36.706249 4.702672 2.347132 0.051757 0.026022 -0.434841 -6.906977 -5.816532 -8.145475 0.014582 -0.140203 -0.041002 -0.000002 0.000001 0.000000 0.000000 0.031892 0.087417 -0.000003 0.000000 -0.000000 0.000000 -0.000295 0.129738 -0.000000 0.000000 -0.000000 0.000000 0.021603 0.135532 0.000003 0.000000 -0.000000 0.022776 -0.072500 0.132876 0.000001 0.000000 -0.000000 0.163716 0.004516 -0.030142 29.330304 23.861013 -1.254537 0.165715 0.002195 -0.189845 17.766840 8.169188 -9.106849 0.134640 -0.191983 -0.128679 -20.422447 16.986858 7.569700 0.001147 -0.048713 -0.006655 -0.000001 -0.000000 0.000003 0.011701 -0.029588 -0.016302 -0.000004 -0.000002 0.000000 0.018464 -0.075698 -0.024375 -0.000002 0.000004 0.000000 0.000000 -0.061697 0.207353 -0.000002 0.000000 -0.000000 0.000000 -0.018035 0.048318 -0.000003 0.000000 -0.000000 0.000000 -0.018035 0.048318 -0.000002 0.000000 -0.000000 -0.022776 -0.072500 0.132876 0.000001 -0.000000 0.000000 -0.163716 0.004516 -0.030142 -0.522852 -27.323214 8.756569 -0.165715 0.002195 -0.189845 5.220011 -5.584096 6.860060 -0.134640 -0.191983 -0.128679 -14.431765 -3.399414 -9.908349 -0.011509 -0.048713 0.001674 -0.000002 0.000000 0.000000 -0.011701 -0.029588 -0.016302 -0.000001 0.000003 -0.000001 -0.018463 -0.075698 -0.024375 -0.000004 0.000003 -0.000000 -0.000000 -0.000000 -0.000000 -0.000001 -0.000000 0.000001 -0.108498 0.010680 -0.004987 -8.950229 -6.381049 1.215893 -0.042813 -0.034513 -0.413943 27.175482 -2.238431 -2.406865 -0.057838 0.011271 -0.433514 -28.096943 7.245561 2.043135 -0.014582 -0.140202 -0.044665 -0.000002 0.000001 -0.000000 0.352207 -0.331174 0.370911 -0.000000 0.000000 -0.000000 0.253490 -0.139412 0.043517 38.570300 51.595071 -0.000012 -0.275499 -0.250273 0.370911 -0.000000 0.000000 -0.000000 -0.232716 -0.461183 0.053609 -0.000001 -38.791356 0.000007 0.125668 -0.265692 -0.313595 -0.000000 0.000000 -0.000000 0.130146 -0.534334 -0.668620 -12.382659 0.000001 -9.258735 -0.113330 -0.268834 -0.313595 -0.000000 0.000000 -0.000000 -0.095191 -0.015211 -0.747160 -0.000001 -0.000001 -0.000000 
0.000000 -0.210014 0.052218 9.577158 0.000000 -0.000000 0.000000 -0.000000 -0.000000 -0.000001 0.000000 -0.000001 0.108498 0.010680 -0.004987 -51.910513 3.233828 -2.754348 0.042686 -0.033397 -0.412863 36.706249 4.702672 2.347132 0.051757 0.026022 -0.434841 -6.906977 -5.816532 -8.145475 0.014582 -0.140203 -0.041002 -0.000002 0.000001 0.000000 0.000000 0.031892 0.087417 -0.000003 0.000000 -0.000000 0.000000 -0.000295 0.129738 -0.000000 0.000000 -0.000000 0.000000 0.021603 0.135532 0.000003 0.000000 -0.000000 0.022776 -0.072500 0.132876 0.000001 0.000000 -0.000000 0.163716 0.004516 -0.030142 29.330304 23.861013 -1.254537 0.165715 0.002195 -0.189845 17.766840 8.169188 -9.106849 0.134640 -0.191983 -0.128679 -20.422447 16.986858 7.569700 0.001147 -0.048713 -0.006655 -0.000001 -0.000000 0.000003 0.011701 -0.029588 -0.016302 -0.000004 -0.000002 0.000000 0.018464 -0.075698 -0.024375 -0.000002 0.000004 0.000000 0.000000 -0.061697 0.207353 -0.000002 0.000000 -0.000000 0.000000 -0.018035 0.048318 -0.000003 0.000000 -0.000000 0.000000 -0.018035 0.048318 -0.000002 0.000000 -0.000000 -0.022776 -0.072500 0.132876 0.000001 -0.000000 0.000000 -0.163716 0.004516 -0.030142 -0.522852 -27.323214 8.756569 -0.165715 0.002195 -0.189845 5.220011 -5.584096 6.860060 -0.134640 -0.191983 -0.128679 -14.431765 -3.399414 -9.908349 -0.011509 -0.048713 0.001674 -0.000002 0.000000 0.000000 -0.011701 -0.029588 -0.016302 -0.000001 0.000003 -0.000001 -0.018463 -0.075698 -0.024375 -0.000004 0.000003 -0.000000 -0.000000 -0.000000 -0.000000 -0.000001 -0.000000 0.000001 -0.108498 0.010680 -0.004987 -8.950229 -6.381049 1.215893 -0.042813 -0.034513 -0.413943 27.175482 -2.238431 -2.406865 -0.057838 0.011271 -0.433514 -28.096943 7.245561 2.043135 -0.014582 -0.140202 -0.044665 -0.000002 0.000001 -0.000000 0.352207 -0.331174 0.370911 -0.000000 0.000000 -0.000000 0.253490 -0.139412 0.043517 38.570300 51.595071 -0.000012 -0.275499 -0.250273 0.370911 -0.000000 0.000000 -0.000000 -0.232716 -0.461183 0.053609 -0.000001 -38.791356 0.000007 0.125668 -0.265692 -0.313595 -0.000000 0.000000 -0.000000 0.130146 -0.534334 -0.668620 -12.382659 0.000001 -9.258735 -0.113330 -0.268834 -0.313595 -0.000000 0.000000 -0.000000 -0.095191 -0.015211 -0.747160 -0.000001 -0.000001 -0.000000 
0.000000 -0.210014 0.052218 9.577158 0.000000 -0.000000 0.000000 -0.000000 -0.000000 -0.000001 0.000000 -0.000001 0.108498 0.010680 -0.004987 -51.910513 3.233828 -2.754348 0.042686 -0.033397 -0.412863 36.706249 4.702672 2.347132 0.051757 0.026022 -0.434841 -6.906977 -5.816532 -8.145475 0.014582 -0.140203 -0.041002 -0.000002 0.000001 0.000000 0.000000 0.031892 0.087417 -0.000003 0.000000 -0.000000 0.000000 -0.000295 0.129738 -0.000000 0.000000 -0.000000 0.000000 0.021603 0.135532 0.000003 0.000000 -0.000000 0.022776 -0.072500 0.132876 0.000001 0.000000 -0.000000 0.163716 0.004516 -0.030142 29.330304 23.861013 -1.254537 0.165715 0.002195 -0.189845 17.766840 8.169188 -9.106849 0.134640 -0.191983 -0.128679 -20.422447 16.986858 7.569700 0.001147 -0.048713 -0.006655 -0.000001 -0.000000 0.000003 0.011701 -0.029588 -0.016302 -0.000004 -0.000002 0.000000 0.018464 -0.075698 -0.024375 -0.000002 0.000004 0.000000 0.000000 -0.061697 0.207353 -0.000002 0.000000 -0.000000 0.000000 -0.018035 0.048318 -0.000003 0.000000 -0.000000 0.000000 -0.018035 0.048318 -0.000002 0.000000 -0.000000 -0.022776 -0.072500 0.132876 0.000001 -0.000000 0.000000 -0.163716 0.004516 -0.030142 -0.522852 -27.323214 8.756569 -0.165715 0.002195 -0.189845 5.220011 -5.584096 6.860060 -0.134640 -0.191983 -0.128679 -14.431765 -3.399414 -9.908349 -0.011509 -0.048713 0.001674 -0.000002 0.000000 0.000000 -0.011701 -0.029588 -0.016302 -0.000001 0.000003 -0.000001 -0.018463 -0.075698 -0.024375 -0.000004 0.000003 -0.000000 -0.000000 -0.000000 -0.000000 -0.000001 -0.000000 0.000001 -0.108498 0.010680 -0.004987 -8.950229 -6.381049 1.215893 -0.042813 -0.034513 -0.413943 27.175482 -2.238431 -2.406865 -0.057838 0.011271 -0.433514 -28.096943 7.245561 2.043135 -0.014582 -0.140202 -0.044665 -0.000002 0.000001 -0.000000 0.352207 -0.331174 0.370911 -0.000000 0.000000 -0.000000 0.253490 -0.139412 0.043517 38.570300 51.595071 -0.000012 -0.275499 -0.250273 0.370911 -0.000000 0.000000 -0.000000 -0.232716 -0.461183 0.053609 -0.000001 -38.791356 0.000007 0.125668 -0.265692 -0.313595 -0.000000 0.000000 -0.000000 0.130146 -0.534334 -0.668620 -12.382659 0.000001 -9.258735 -0.113330 -0.268834 -0.313595 -0.000000 0.000000 -0.000000 -0.095191 -0.015211 -0.747160 -0.000001 -0.000001 -0.000000 
0.000000 -0.210014 0.052218 9.577158 0.000000 -0.000000 0.000000 -0.000000 -0.000000 -0.000001 0.000000 -0.000001 0.108498 0.010680 -0.004987 -51.910513 3.233828 -2.754348 0.042686 -0.033397 -0.412863 36.706249 4.702672 2.347132 0.051757 0.026022 -0.434841 -6.906977 -5.816532 -8.145475 0.014582 -0.140203 -0.041002 -0.000002 0.000001 0.000000 0.000000 0.031892 0.087417 -0.000003 0.000000 -0.000000 0.000000 -0.000295 0.129738 -0.000000 0.000000 -0.000000 0.000000 0.021603 0.135532 0.000003 0.000000 -0.000000 0.022776 -0.072500 0.132876 0.000001 0.000000 -0.000000 0.163716 0.004516 -0.030142 29.330304 23.861013 -1.254537 0.165715 0.002195 -0.189845 17.766840 8.169188 -9.106849 0.134640 -0.191983 -0.128679 -20.422447 16.986858 7.569700 0.001147 -0.048713 -0.006655 -0.000001 -0.000000 0.000003 0.011701 -0.029588 -0.016302 -0.000004 -0.000002 0.000000 0.018464 -0.075698 -0.024375 -0.000002 0.000004 0.000000 0.000000 -0.061697 0.207353 -0.000002 0.000000 -0.000000 0.000000 -0.018035 0.048318 -0.000003 0.000000 -0.000000 0.000000 -0.018035 0.048318 -0.000002 0.000000 -0.000000 -0.022776 -0.072500 0.132876 0.000001 -0.000000 0.000000 -0.163716 0.004516 -0.030142 -0.522852 -27.323214 8.756569 -0.165715 0.002195 -0.189845 5.220011 -5.584096 6.860060 -0.134640 -0.191983 -0.128679 -14.431765 -3.399414 -9.908349 -0.011509 -0.048713 0.001674 -0.000002 0.000000 0.000000 -0.011701 -0.029588 -0.016302 -0.000001 0.000003 -0.000001 -0.018463 -0.075698 -0.024375 -0.000004 0.000003 -0.000000 -0.000000 -0.000000 -0.000000 -0.000001 -0.000000 0.000001 -0.108498 0.010680 -0.004987 -8.950229 -6.381049 1.215893 -0.042813 -0.034513 -0.413943 27.175482 -2.238431 -2.406865 -0.057838 0.011271 -0.433514 -28.096943 7.245561 2.043135 -0.014582 -0.140202 -0.044665 -0.000002 0.000001 -0.000000 0.352207 -0.331174 0.370911 -0.000000 0.000000 -0.000000 0.253490 -0.139412 0.043517 38.570300 51.595071 -0.000012 -0.275499 -0.250273 0.370911 -0.000000 0.000000 -0.000000 -0.232716 -0.461183 0.053609 -0.000001 -38.791356 0.000007 0.125668 -0.265692 -0.313595 -0.000000 0.000000 -0.000000 0.130146 -0.534334 -0.668620 -12.382659 0.000001 -9.258735 -0.113330 -0.268834 -0.313595 -0.000000 0.000000 -0.000000 -0.095191 -0.015211 -0.747160 -0.000001 -0.000001 -0.000000 
0.000000 -0.210014 0.052218 9.577158 0.000000 -0.000000 0.000000 -0.000000 -0.000000 -0.000001 0.000000 -0.000001 0.108498 0.010680 -0.004987 -51.910513 3.233828 -2.754348 0.042686 -0.033397 -0.412863 36.706249 4.702672 2.347132 0.051757 0.026022 -0.434841 -6.906977 -5.816532 -8.145475 0.014582 -0.140203 -0.041002 -0.000002 0.000001 0.000000 0.000000 0.031892 0.087417 -0.000003 0.000000 -0.000000 0.000000 -0.000295 0.129738 -0.000000 0.000000 -0.000000 0.000000 0.021603 0.135532 0.000003 0.000000 -0.000000 0.022776 -0.072500 0.132876 0.000001 0.000000 -0.000000 0.163716 0.004516 -0.030142 29.330304 23.861013 -1.254537 0.165715 0.002195 -0.189845 17.766840 8.169188 -9.106849 0.134640 -0.191983 -0.128679 -20.422447 16.986858 7.569700 0.001147 -0.048713 -0.006655 -0.000001 -0.000000 0.000003 0.011701 -0.029588 -0.016302 -0.000004 -0.000002 0.000000 0.018464 -0.075698 -0.024375 -0.000002 0.000004 0.000000 0.000000 -0.061697 0.207353 -0.000002 0.000000 -0.000000 0.000000 -0.018035 0.048318 -0.000003 0.000000 -0.000000 0.000000 -0.018035 0.048318 -0.000002 0.000000 -0.000000 -0.022776 -0.072500 0.132876 0.000001 -0.000000 0.000000 -0.163716 0.004516 -0.030142 -0.522852 -27.323214 8.756569 -0.165715 0.002195 -0.189845 5.220011 -5.584096 6.860060 -0.134640 -0.191983 -0.128679 -14.431765 -3.399414 -9.908349 -0.011509 -0.048713 0.001674 -0.000002 0.000000 0.000000 -0.011701 -0.029588 -0.016302 -0.000001 0.000003 -0.000001 -0.018463 -0.075698 -0.024375 -0.000004 0.000003 -0.000000 -0.000000 -0.000000 -0.000000 -0.000001 -0.000000 0.000001 -0.108498 0.010680 -0.004987 -8.950229 -6.381049 1.215893 -0.042813 -0.034513 -0.413943 27.175482 -2.238431 -2.406865 -0.057838 0.011271 -0.433514 -28.096943 7.245561 2.043135 -0.014582 -0.140202 -0.044665 -0.000002 0.000001 -0.000000 0.352207 -0.331174 0.370911 -0.000000 0.000000 -0.000000 0.253490 -0.139412 0.043517 38.570300 51.595071 -0.000012 -0.275499 -0.250273 0.370911 -0.000000 0.000000 -0.000000 -0.232716 -0.461183 0.053609 -0.000001 -38.791356 0.000007 0.125668 -0.265692 -0.313595 -0.000000 0.000000 -0.000000 0.130146 -0.534334 -0.668620 -12.382659 0.000001 -9.258735 -0.113330 -0.268834 -0.313595 -0.000000 0.000000 -0.000000 -0.095191 -0.015211 -0.747160 -0.000001 -0.000001 -0.000000 
0.000000 -0.210014 0.052218 9.577158 0.000000 -0.000000 0.000000 -0.000000 -0.000000 -0.000001 0.000000 -0.000001 0.108498 0.010680 -0.004987 -51.910513 3.233828 -2.754348 0.042686 -0.033397 -0.412863 36.706249 4.702672 2.347132 0.051757 0.026022 -0.434841 -6.906977 -5.816532 -8.145475 0.014582 -0.140203 -0.041002 -0.000002 0.000001 0.000000 0.000000 0.031892 0.087417 -0.000003 0.000000 -0.000000 0.000000 -0.000295 0.129738 -0.000000 0.000000 -0.000000 0.000000 0.021603 0.135532 0.000003 0.000000 -0.000000 0.022776 -0.072500 0.132876 0.000001 0.000000 -0.000000 0.163716 0.004516 -0.030142 29.330304 23.861013 -1.254537 0.165715 0.002195 -0.189845 17.766840 8.169188 -9.106849 0.134640 -0.191983 -0.128679 -20.422447 16.986858 7.569700 0.001147 -0.048713 -0.006655 -0.000001 -0.000000 0.000003 0.011701 -0.029588 -0.016302 -0.000004 -0.000002 0.000000 0.018464 -0.075698 -0.024375 -0.000002 0.000004 0.000000 0.000000 -0.061697 0.207353 -0.000002 0.000000 -0.000000 0.000000 -0.018035 0.048318 -0.000003 0.000000 -0.000000 0.000000 -0.018035 0.048318 -0.000002 0.000000 -0.000000 -0.022776 -0.072500 0.132876 0.000001 -0.000000 0.000000 -0.163716 0.004516 -0.030142 -0.522852 -27.323214 8.756569 -0.165715 0.002195 -0.189845 5.220011 -5.584096 6.860060 -0.134640 -0.191983 -0.128679 -14.431765 -3.399414 -9.908349 -0.011509 -0.048713 0.001674 -0.000002 0.000000 0.000000 -0.011701 -0.029588 -0.016302 -0.000001 0.000003 -0.000001 -0.018463 -0.075698 -0.024375 -0.000004 0.000003 -0.000000 -0.000000 -0.000000 -0.000000 -0.000001 -0.000000 0.000001 -0.108498 0.010680 -0.004987 -8.950229 -6.381049 1.215893 -0.042813 -0.034513 -0.413943 27.175482 -2.238431 -2.406865 -0.057838 0.011271 -0.433514 -28.096943 7.245561 2.043135 -0.014582 -0.140202 -0.044665 -0.000002 0.000001 -0.000000 0.352207 -0.331174 0.370911 -0.000000 0.000000 -0.000000 0.253490 -0.139412 0.043517 38.570300 51.595071 -0.000012 -0.275499 -0.250273 0.370911 -0.000000 0.000000 -0.000000 -0.232716 -0.461183 0.053609 -0.000001 -38.791356 0.000007 0.125668 -0.265692 -0.313595 -0.000000 0.000000 -0.000000 0.130146 -0.534334 -0.668620 -12.382659 0.000001 -9.258735 -0.113330 -0.268834 -0.313595 -0.000000 0.000000 -0.000000 -0.095191 -0.015211 -0.747160 -0.000001 -0.000001 -0.000000 
0.000000 -0.210014 0.052218 9.577158 0.000000 -0.000000 0.000000 -0.000000 -0.000000 -0.000001 0.000000 -0.000001 0.108498 0.010680 -0.004987 -51.910513 3.233828 -2.754348 0.042686 -0.033397 -0.412863 36.706249 4.702672 2.347132 0.051757 0.026022 -0.434841 -6.906977 -5.816532 -8.145475 0.014582 -0.140203 -0.041002 -0.000002 0.000001 0.000000 0.000000 0.031892 0.087417 -0.000003 0.000000 -0.000000 0.000000 -0.000295 0.129738 -0.000000 0.000000 -0.000000 0.000000 0.021603 0.135532 0.000003 0.000000 -0.000000 0.022776 -0.072500 0.132876 0.000001 0.000000 -0.000000 0.163716 0.004516 -0.030142 29.330304 23.861013 -1.254537 0.165715 0.002195 -0.189845 17.766840 8.169188 -9.106849 0.134640 -0.191983 -0.128679 -20.422447 16.986858 7.569700 0.001147 -0.048713 -0.006655 -0.000001 -0.000000 0.000003 0.011701 -0.029588 -0.016302 -0.000004 -0.000002 0.000000 0.018464 -0.075698 -0.024375 -0.000002 0.000004 0.000000 0.000000 -0.061697 0.207353 -0.000002 0.000000 -0.000000 0.000000 -0.018035 0.048318 -0.000003 0.000000 -0.000000 0.000000 -0.018035 0.048318 -0.000002 0.000000 -0.000000 -0.022776 -0.072500 0.132876 0.000001 -0.000000 0.000000 -0.163716 0.004516 -0.030142 -0.522852 -27.323214 8.756569 -0.165715 0.002195 -0.189845 5.220011 -5.584096 6.860060 -0.134640 -0.191983 -0.128679 -14.431765 -3.399414 -9.908349 -0.011509 -0.048713 0.001674 -0.000002 0.000000 0.000000 -0.011701 -0.029588 -0.016302 -0.000001 0.000003 -0.000001 -0.018463 -0.075698 -0.024375 -0.000004 0.000003 -0.000000 -0.000000 -0.000000 -0.000000 -0.000001 -0.000000 0.000001 -0.108498 0.010680 -0.004987 -8.950229 -6.381049 1.215893 -0.042813 -0.034513 -0.413943 27.175482 -2.238431 -2.406865 -0.057838 0.011271 -0.433514 -28.096943 7.245561 2.043135 -0.014582 -0.140202 -0.044665 -0.000002 0.000001 -0.000000 0.352207 -0.331174 0.370911 -0.000000 0.000000 -0.000000 0.253490 -0.139412 0.043517 38.570300 51.595071 -0.000012 -0.275499 -0.250273 0.370911 -0.000000 0.000000 -0.000000 -0.232716 -0.461183 0.053609 -0.000001 -38.791356 0.000007 0.125668 -0.265692 -0.313595 -0.000000 0.000000 -0.000000 0.130146 -0.534334 -0.668620 -12.382659 0.000001 -9.258735 -0.113330 -0.268834 -0.313595 -0.000000 0.000000 -0.000000 -0.095191 -0.015211 -0.747160 -0.000001 -0.000001 -0.000000 
0.000000 -0.210014 0.052218 9.577158 0.000000 -0.000000 0.000000 -0.000000 -0.000000 -0.000001 0.000000 -0.000001 0.108498 0.010680 -0.004987 -51.910513 3.233828 -2.754348 0.042686 -0.033397 -0.412863 36.706249 4.702672 2.347132 0.051757 0.026022 -0.434841 -6.906977 -5.816532 -8.145475 0.014582 -0.140203 -0.041002 -0.000002 0.000001 0.000000 0.000000 0.031892 0.087417 -0.000003 0.000000 -0.000000 0.000000 -0.000295 0.129738 -0.000000 0.000000 -0.000000 0.000000 0.021603 0.135532 0.000003 0.000000 -0.000000 0.022776 -0.072500 0.132876 0.000001 0.000000 -0.000000 0.163716 0.004516 -0.030142 29.330304 23.861013 -1.254537 0.165715 0.002195 -0.189845 17.766840 8.169188 -9.106849 0.134640 -0.191983 -0.128679 -20.422447 16.986858 7.569700 0.001147 -0.048713 -0.006655 -0.000001 -0.000000 0.000003 0.011701 -0.029588 -0.016302 -0.000004 -0.000002 0.000000 0.018464 -0.075698 -0.024375 -0.000002 0.000004 0.000000 0.000000 -0.061697 0.207353 -0.000002 0.000000 -0.000000 0.000000 -0.018035 0.048318 -0.000003 0.000000 -0.000000 0.000000 -0.018035 0.048318 -0.000002 0.000000 -0.000000 -0.022776 -0.072500 0.132876 0.000001 -0.000000 0.000000 -0.163716 0.004516 -0.030142 -0.522852 -27.323214 8.756569 -0.165715 0.002195 -0.189845 5.220011 -5.584096 6.860060 -0.134640 -0.191983 -0.128679 -14.431765 -3.399414 -9.908349 -0.011509 -0.048713 0.001674 -0.000002 0.000000 0.000000 -0.011701 -0.029588 -0.016302 -0.000001 0.000003 -0.000001 -0.018463 -0.075698 -0.024375 -0.000004 0.000003 -0.000000 -0.000000 -0.000000 -0.000000 -0.000001 -0.000000 0.000001 -0.108498 0.010680 -0.004987 -8.950229 -6.381049 1.215893 -0.042813 -0.034513 -0.413943 27.175482 -2.238431 -2.406865 -0.057838 0.011271 -0.433514 -28.096943 7.245561 2.043135 -0.014582 -0.140202 -0.044665 -0.000002 0.000001 -0.000000 0.352207 -0.331174 0.370911 -0.000000 0.000000 -0.000000 0.253490 -0.139412 0.043517 38.570300 51.595071 -0.000012 -0.275499 -0.250273 0.370911 -0.000000 0.000000 -0.000000 -0.232716 -0.461183 0.053609 -0.000001 -38.791356 0.000007 0.125668 -0.265692 -0.313595 -0.000000 0.000000 -0.000000 0.130146 -0.534334 -0.668620 -12.382659 0.000001 -9.258735 -0.113330 -0.268834 -0.313595 -0.000000 0.000000 -0.000000 -0.095191 -0.015211 -0.747160 -0.000001 -0.000001 -0.000000 
0.000000 -0.210014 0.052218 9.577158 0.000000 -0.000000 0.000000 -0.000000 -0.000000 -0.000001 0.000000 -0.000001 0.108498 0.010680 -0.004987 -51.910513 3.233828 -2.754348 0.042686 -0.033397 -0.412863 36.706249 4.702672 2.347132 0.051757 0.026022 -0.434841 -6.906977 -5.816532 -8.145475 0.014582 -0.140203 -0.041002 -0.000002 0.000001 0.000000 0.000000 0.031892 0.087417 -0.000003 0.000000 -0.000000 0.000000 -0.000295 0.129738 -0.000000 0.000000 -0.000000 0.000000 0.021603 0.135532 0.000003 0.000000 -0.000000 0.022776 -0.072500 0.132876 0.000001 0.000000 -0.000000 0.163716 0.004516 -0.030142 29.330304 23.861013 -1.254537 0.165715 0.002195 -0.189845 17.766840 8.169188 -9.106849 0.134640 -0.191983 -0.128679 -20.422447 16.986858 7.569700 0.001147 -0.048713 -0.006655 -0.000001 -0.000000 0.000003 0.011701 -0.029588 -0.016302 -0.000004 -0.000002 0.000000 0.018464 -0.075698 -0.024375 -0.000002 0.000004 0.000000 0.000000 -0.061697 0.207353 -0.000002 0.000000 -0.000000 0.000000 -0.018035 0.048318 -0.000003 0.000000 -0.000000 0.000000 -0.018035 0.048318 -0.000002 0.000000 -0.000000 -0.022776 -0.072500 0.132876 0.000001 -0.000000 0.000000 -0.163716 0.004516 -0.030142 -0.522852 -27.323214 8.756569 -0.165715 0.002195 -0.189845 5.220011 -5.584096 6.860060 -0.134640 -0.191983 -0.128679 -14.431765 -3.399414 -9.908349 -0.011509 -0.048713 0.001674 -0.000002 0.000000 0.000000 -0.011701 -0.029588 -0.016302 -0.000001 0.000003 -0.000001 -0.018463 -0.075698 -0.024375 -0.000004 0.000003 -0.000000 -0.000000 -0.000000 -0.000000 -0.000001 -0.000000 0.000001 -0.108498 0.010680 -0.004987 -8.950229 -6.381049 1.215893 -0.042813 -0.034513 -0.413943 27.175482 -2.238431 -2.406865 -0.057838 0.011271 -0.433514 -28.096943 7.245561 2.043135 -0.014582 -0.140202 -0.044665 -0.000002 0.000001 -0.000000 0.352207 -0.331174 0.370911 -0.000000 0.000000 -0.000000 0.253490 -0.139412 0.043517 38.570300 51.595071 -0.000012 -0.275499 -0.250273 0.370911 -0.000000 0.000000 -0.000000 -0.232716 -0.461183 0.053609 -0.000001 -38.791356 0.000007 0.125668 -0.265692 -0.313595 -0.000000 0.000000 -0.000000 0.130146 -0.534334 -0.668620 -12.382659 0.000001 -9.258735 -0.113330 -0.268834 -0.313595 -0.000000 0.000000 -0.000000 -0.095191 -0.015211 -0.747160 -0.000001 -0.000001 -0.000000 
0.000000 -0.210014 0.052218 9.577158 0.000000 -0.000000 0.000000 -0.000000 -0.000000 -0.000001 0.000000 -0.000001 0.108498 0.010680 -0.004987 -51.910513 3.233828 -2.754348 0.042686 -0.033397 -0.412863 36.706249 4.702672 2.347132 0.051757 0.026022 -0.434841 -6.906977 -5.816532 -8.145475 0.014582 -0.140203 -0.041002 -0.000002 0.000001 0.000000 0.000000 0.031892 0.087417 -0.000003 0.000000 -0.000000 0.000000 -0.000295 0.129738 -0.000000 0.000000 -0.000000 0.000000 0.021603 0.135532 0.000003 0.000000 -0.000000 0.022776 -0.072500 0.132876 0.000001 0.000000 -0.000000 0.163716 0.004516 -0.030142 29.330304 23.861013 -1.254537 0.165715 0.002195 -0.189845 17.766840 8.169188 -9.106849 0.134640 -0.191983 -0.128679 -20.422447 16.986858 7.569700 0.001147 -0.048713 -0.006655 -0.000001 -0.000000 0.000003 0.011701 -0.029588 -0.016302 -0.000004 -0.000002 0.000000 0.018464 -0.075698 -0.024375 -0.000002 0.000004 0.000000 0.000000 -0.061697 0.207353 -0.000002 0.000000 -0.000000 0.000000 -0.018035 0.048318 -0.000003 0.000000 -0.000000 0.000000 -0.018035 0.048318 -0.000002 0.000000 -0.000000 -0.022776 -0.072500 0.132876 0.000001 -0.000000 0.000000 -0.163716 0.004516 -0.030142 -0.522852 -27.323214 8.756569 -0.165715 0.002195 -0.189845 5.220011 -5.584096 6.860060 -0.134640 -0.191983 -0.128679 -14.431765 -3.399414 -9.908349 -0.011509 -0.048713 0.001674 -0.000002 0.000000 0.000000 -0.011701 -0.029588 -0.016302 -0.000001 0.000003 -0.000001 -0.018463 -0.075698 -0.024375 -0.000004 0.000003 -0.000000 -0.000000 -0.000000 -0.000000 -0.000001 -0.000000 0.000001 -0.108498 0.010680 -0.004987 -8.950229 -6.381049 1.215893 -0.042813 -0.034513 -0.413943 27.175482 -2.238431 -2.406865 -0.057838 0.011271 -0.433514 -28.096943 7.245561 2.043135 -0.014582 -0.140202 -0.044665 -0.000002 0.000001 -0.000000 0.352207 -0.331174 0.370911 -0.000000 0.000000 -0.000000 0.253490 -0.139412 0.043517 38.570300 51.595071 -0.000012 -0.275499 -0.250273 0.370911 -0.000000 0.000000 -0.000000 -0.232716 -0.461183 0.053609 -0.000001 -38.791356 0.000007 0.125668 -0.265692 -0.313595 -0.000000 0.000000 -0.000000 0.130146 -0.534334 -0.668620 -12.382659 0.000001 -9.258735 -0.113330 -0.268834 -0.313595 -0.000000 0.000000 -0.000000 -0.095191 -0.015211 -0.747160 -0.000001 -0.000001 -0.000000 
0.000000 -0.210014 0.052218 9.577158 0.000000 -0.000000 0.000000 -0.000000 -0.000000 -0.000001 0.000000 -0.000001 0.108498 0.010680 -0.004987 -51.910513 3.233828 -2.754348 0.042686 -0.033397 -0.412863 36.706249 4.702672 2.347132 0.051757 0.026022 -0.434841 -6.906977 -5.816532 -8.145475 0.014582 -0.140203 -0.041002 -0.000002 0.000001 0.000000 0.000000 0.031892 0.087417 -0.000003 0.000000 -0.000000 0.000000 -0.000295 0.129738 -0.000000 0.000000 -0.000000 0.000000 0.021603 0.135532 0.000003 0.000000 -0.000000 0.022776 -0.072500 0.132876 0.000001 0.000000 -0.000000 0.163716 0.004516 -0.030142 29.330304 23.861013 -1.254537 0.165715 0.002195 -0.189845 17.766840 8.169188 -9.106849 0.134640 -0.191983 -0.128679 -20.422447 16.986858 7.569700 0.001147 -0.048713 -0.006655 -0.000001 -0.000000 0.000003 0.011701 -0.029588 -0.016302 -0.000004 -0.000002 0.000000 0.018464 -0.075698 -0.024375 -0.000002 0.000004 0.000000 0.000000 -0.061697 0.207353 -0.000002 0.000000 -0.000000 0.000000 -0.018035 0.048318 -0.000003 0.000000 -0.000000 0.000000 -0.018035 0.048318 -0.000002 0.000000 -0.000000 -0.022776 -0.072500 0.132876 0.000001 -0.000000 0.000000 -0.163716 0.004516 -0.030142 -0.522852 -27.323214 8.756569 -0.165715 0.002195 -0.189845 5.220011 -5.584096 6.860060 -0.134640 -0.191983 -0.128679 -14.431765 -3.399414 -9.908349 -0.011509 -0.048713 0.001674 -0.000002 0.000000 0.000000 -0.011701 -0.029588 -0.016302 -0.000001 0.000003 -0.000001 -0.018463 -0.075698 -0.024375 -0.000004 0.000003 -0.000000 -0.000000 -0.000000 -0.000000 -0.000001 -0.000000 0.000001 -0.108498 0.010680 -0.004987 -8.950229 -6.381049 1.215893 -0.042813 -0.034513 -0.413943 27.175482 -2.238431 -2.406865 -0.057838 0.011271 -0.433514 -28.096943 7.245561 2.043135 -0.014582 -0.140202 -0.044665 -0.000002 0.000001 -0.000000 0.352207 -0.331174 0.370911 -0.000000 0.000000 -0.000000 0.253490 -0.139412 0.043517 38.570300 51.595071 -0.000012 -0.275499 -0.250273 0.370911 -0.000000 0.000000 -0.000000 -0.232716 -0.461183 0.053609 -0.000001 -38.791356 0.000007 0.125668 -0.265692 -0.313595 -0.000000 0.000000 -0.000000 0.130146 -0.534334 -0.668620 -12.382659 0.000001 -9.258735 -0.113330 -0.268834 -0.313595 -0.000000 0.000000 -0.000000 -0.095191 -0.015211 -0.747160 -0.000001 -0.000001 -0.000000 
0.000000 -0.210014 0.052218 9.577158 0.000000 -0.000000 0.000000 -0.000000 -0.000000 -0.000001 0.000000 -0.000001 0.108498 0.010680 -0.004987 -51.910513 3.233828 -2.754348 0.042686 -0.033397 -0.412863 36.706249 4.702672 2.347132 0.051757 0.026022 -0.434841 -6.906977 -5.816532 -8.145475 0.014582 -0.140203 -0.041002 -0.000002 0.000001 0.000000 0.000000 0.031892 0.087417 -0.000003 0.000000 -0.000000 0.000000 -0.000295 0.129738 -0.000000 0.000000 -0.000000 0.000000 0.021603 0.135532 0.000003 0.000000 -0.000000 0.022776 -0.072500 0.132876 0.000001 0.000000 -0.000000 0.163716 0.004516 -0.030142 29.330304 23.861013 -1.254537 0.165715 0.002195 -0.189845 17.766840 8.169188 -9.106849 0.134640 -0.191983 -0.128679 -20.422447 16.986858 7.569700 0.001147 -0.048713 -0.006655 -0.000001 -0.000000 0.000003 0.011701 -0.029588 -0.016302 -0.000004 -0.000002 0.000000 0.018464 -0.075698 -0.024375 -0.000002 0.000004 0.000000 0.000000 -0.061697 0.207353 -0.000002 0.000000 -0.000000 0.000000 -0.018035 0.048318 -0.000003 0.000000 -0.000000 0.000000 -0.018035 0.048318 -0.000002 0.000000 -0.000000 -0.022776 -0.072500 0.132876 0.000001 -0.000000 0.000000 -0.163716 0.004516 -0.030142 -0.522852 -27.323214 8.756569 -0.165715 0.002195 -0.189845 5.220011 -5.584096 6.860060 -0.134640 -0.191983 -0.128679 -14.431765 -3.399414 -9.908349 -0.011509 -0.048713 0.001674 -0.000002 0.000000 0.000000 -0.011701 -0.029588 -0.016302 -0.000001 0.000003 -0.000001 -0.018463 -0.075698 -0.024375 -0.000004 0.000003 -0.000000 -0.000000 -0.000000 -0.000000 -0.000001 -0.000000 0.000001 -0.108498 0.010680 -0.004987 -8.950229 -6.381049 1.215893 -0.042813 -0.034513 -0.413943 27.175482 -2.238431 -2.406865 -0.057838 0.011271 -0.433514 -28.096943 7.245561 2.043135 -0.014582 -0.140202 -0.044665 -0.000002 0.000001 -0.000000 0.352207 -0.331174 0.370911 -0.000000 0.000000 -0.000000 0.253490 -0.139412 0.043517 38.570300 51.595071 -0.000012 -0.275499 -0.250273 0.370911 -0.000000 0.000000 -0.000000 -0.232716 -0.461183 0.053609 -0.000001 -38.791356 0.000007 0.125668 -0.265692 -0.313595 -0.000000 0.000000 -0.000000 0.130146 -0.534334 -0.668620 -12.382659 0.000001 -9.258735 -0.113330 -0.268834 -0.313595 -0.000000 0.000000 -0.000000 -0.095191 -0.015211 -0.747160 -0.000001 -0.000001 -0.000000 
0.000000 -0.210014 0.052218 9.577158 0.000000 -0.000000 0.000000 -0.000000 -0.000000 -0.000001 0.000000 -0.000001 0.108498 0.010680 -0.004987 -51.910513 3.233828 -2.754348 0.042686 -0.033397 -0.412863 36.706249 4.702672 2.347132 0.051757 0.026022 -0.434841 -6.906977 -5.816532 -8.145475 0.014582 -0.140203 -0.041002 -0.000002 0.000001 0.000000 0.000000 0.031892 0.087417 -0.000003 0.000000 -0.000000 0.000000 -0.000295 0.129738 -0.000000 0.000000 -0.000000 0.000000 0.021603 0.135532 0.000003 0.000000 -0.000000 0.022776 -0.072500 0.132876 0.000001 0.000000 -0.000000 0.163716 0.004516 -0.030142 29.330304 23.861013 -1.254537 0.165715 0.002195 -0.189845 17.766840 8.169188 -9.106849 0.134640 -0.191983 -0.128679 -20.422447 16.986858 7.569700 0.001147 -0.048713 -0.006655 -0.000001 -0.000000 0.000003 0.011701 -0.029588 -0.016302 -0.000004 -0.000002 0.000000 0.018464 -0.075698 -0.024375 -0.000002 0.000004 0.000000 0.000000 -0.061697 0.207353 -0.000002 0.000000 -0.000000 0.000000 -0.018035 0.048318 -0.000003 0.000000 -0.000000 0.000000 -0.018035 0.048318 -0.000002 0.000000 -0.000000 -0.022776 -0.072500 0.132876 0.000001 -0.000000 0.000000 -0.163716 0.004516 -0.030142 -0.522852 -27.323214 8.756569 -0.165715 0.002195 -0.189845 5.220011 -5.584096 6.860060 -0.134640 -0.191983 -0.128679 -14.431765 -3.399414 -9.908349 -0.011509 -0.048713 0.001674 -0.000002 0.000000 0.000000 -0.011701 -0.029588 -0.016302 -0.000001 0.000003 -0.000001 -0.018463 -0.075698 -0.024375 -0.000004 0.000003 -0.000000 -0.000000 -0.000000 -0.000000 -0.000001 -0.000000 0.000001 -0.108498 0.010680 -0.004987 -8.950229 -6.381049 1.215893 -0.042813 -0.034513 -0.413943 27.175482 -2.238431 -2.406865 -0.057838 0.011271 -0.433514 -28.096943 7.245561 2.043135 -0.014582 -0.140202 -0.044665 -0.000002 0.000001 -0.000000 0.352207 -0.331174 0.370911 -0.000000 0.000000 -0.000000 0.253490 -0.139412 0.043517 38.570300 51.595071 -0.000012 -0.275499 -0.250273 0.370911 -0.000000 0.000000 -0.000000 -0.232716 -0.461183 0.053609 -0.000001 -38.791356 0.000007 0.125668 -0.265692 -0.313595 -0.000000 0.000000 -0.000000 0.130146 -0.534334 -0.668620 -12.382659 0.000001 -9.258735 -0.113330 -0.268834 -0.313595 -0.000000 0.000000 -0.000000 -0.095191 -0.015211 -0.747160 -0.000001 -0.000001 -0.000000 
0.000000 -0.210014 0.052218 9.577158 0.000000 -0.000000 0.000000 -0.000000 -0.000000 -0.000001 0.000000 -0.000001 0.108498 0.010680 -0.004987 -51.910513 3.233828 -2.754348 0.042686 -0.033397 -0.412863 36.706249 4.702672 2.347132 0.051757 0.026022 -0.434841 -6.906977 -5.816532 -8.145475 0.014582 -0.140203 -0.041002 -0.000002 0.000001 0.000000 0.000000 0.031892 0.087417 -0.000003 0.000000 -0.000000 0.000000 -0.000295 0.129738 -0.000000 0.000000 -0.000000 0.000000 0.021603 0.135532 0.000003 0.000000 -0.000000 0.022776 -0.072500 0.132876 0.000001 0.000000 -0.000000 0.163716 0.004516 -0.030142 29.330304 23.861013 -1.254537 0.165715 0.002195 -0.189845 17.766840 8.169188 -9.106849 0.134640 -0.191983 -0.128679 -20.422447 16.986858 7.569700 0.001147 -0.048713 -0.006655 -0.000001 -0.000000 0.000003 0.011701 -0.029588 -0.016302 -0.000004 -0.000002 0.000000 0.018464 -0.075698 -0.024375 -0.000002 0.000004 0.000000 0.000000 -0.061697 0.207353 -0.000002 0.000000 -0.000000 0.000000 -0.018035 0.048318 -0.000003 0.000000 -0.000000 0.000000 -0.018035 0.048318 -0.000002 0.000000 -0.000000 -0.022776 -0.072500 0.132876 0.000001 -0.000000 0.000000 -0.163716 0.004516 -0.030142 -0.522852 -27.323214 8.756569 -0.165715 0.002195 -0.189845 5.220011 -5.584096 6.860060 -0.134640 -0.191983 -0.128679 -14.431765 -3.399414 -9.908349 -0.011509 -0.048713 0.001674 -0.000002 0.000000 0.000000 -0.011701 -0.029588 -0.016302 -0.000001 0.000003 -0.000001 -0.018463 -0.075698 -0.024375 -0.000004 0.000003 -0.000000 -0.000000 -0.000000 -0.000000 -0.000001 -0.000000 0.000001 -0.108498 0.010680 -0.004987 -8.950229 -6.381049 1.215893 -0.042813 -0.034513 -0.413943 27.175482 -2.238431 -2.406865 -0.057838 0.011271 -0.433514 -28.096943 7.245561 2.043135 -0.014582 -0.140202 -0.044665 -0.000002 0.000001 -0.000000 0.352207 -0.331174 0.370911 -0.000000 0.000000 -0.000000 0.253490 -0.139412 0.043517 38.570300 51.595071 -0.000012 -0.275499 -0.250273 0.370911 -0.000000 0.000000 -0.000000 -0.232716 -0.461183 0.053609 -0.000001 -38.791356 0.000007 0.125668 -0.265692 -0.313595 -0.000000 0.000000 -0.000000 0.130146 -0.534334 -0.668620 -12.382659 0.000001 -9.258735 -0.113330 -0.268834 -0.313595 -0.000000 0.000000 -0.000000 -0.095191 -0.015211 -0.747160 -0.000001 -0.000001 -0.000000 
0.000000 -0.210014 0.052218 9.577158 0.000000 -0.000000 0.000000 -0.000000 -0.000000 -0.000001 0.000000 -0.000001 0.108498 0.010680 -0.004987 -51.910513 3.233828 -2.754348 0.042686 -0.033397 -0.412863 36.706249 4.702672 2.347132 0.051757 0.026022 -0.434841 -6.906977 -5.816532 -8.145475 0.014582 -0.140203 -0.041002 -0.000002 0.000001 0.000000 0.000000 0.031892 0.087417 -0.000003 0.000000 -0.000000 0.000000 -0.000295 0.129738 -0.000000 0.000000 -0.000000 0.000000 0.021603 0.135532 0.000003 0.000000 -0.000000 0.022776 -0.072500 0.132876 0.000001 0.000000 -0.000000 0.163716 0.004516 -0.030142 29.330304 23.861013 -1.254537 0.165715 0.002195 -0.189845 17.766840 8.169188 -9.106849 0.134640 -0.191983 -0.128679 -20.422447 16.986858 7.569700 0.001147 -0.048713 -0.006655 -0.000001 -0.000000 0.000003 0.011701 -0.029588 -0.016302 -0.000004 -0.000002 0.000000 0.018464 -0.075698 -0.024375 -0.000002 0.000004 0.000000 0.000000 -0.061697 0.207353 -0.000002 0.000000 -0.000000 0.000000 -0.018035 0.048318 -0.000003 0.000000 -0.000000 0.000000 -0.018035 0.048318 -0.000002 0.000000 -0.000000 -0.022776 -0.072500 0.132876 0.000001 -0.000000 0.000000 -0.163716 0.004516 -0.030142 -0.522852 -27.323214 8.756569 -0.165715 0.002195 -0.189845 5.220011 -5.584096 6.860060 -0.134640 -0.191983 -0.128679 -14.431765 -3.399414 -9.908349 -0.011509 -0.048713 0.001674 -0.000002 0.000000 0.000000 -0.011701 -0.029588 -0.016302 -0.000001 0.000003 -0.000001 -0.018463 -0.075698 -0.024375 -0.000004 0.000003 -0.000000 -0.000000 -0.000000 -0.000000 -0.000001 -0.000000 0.000001 -0.108498 0.010680 -0.004987 -8.950229 -6.381049 1.215893 -0.042813 -0.034513 -0.413943 27.175482 -2.238431 -2.406865 -0.057838 0.011271 -0.433514 -28.096943 7.245561 2.043135 -0.014582 -0.140202 -0.044665 -0.000002 0.000001 -0.000000 0.352207 -0.331174 0.370911 -0.000000 0.000000 -0.000000 0.253490 -0.139412 0.043517 38.570300 51.595071 -0.000012 -0.275499 -0.250273 0.370911 -0.000000 0.000000 -0.000000 -0.232716 -0.461183 0.053609 -0.000001 -38.791356 0.000007 0.125668 -0.265692 -0.313595 -0.000000 0.000000 -0.000000 0.130146 -0.534334 -0.668620 -12.382659 0.000001 -9.258735 -0.113330 -0.268834 -0.313595 -0.000000 0.000000 -0.000000 -0.095191 -0.015211 -0.747160 -0.000001 -0.000001 -0.000000 
0.000000 -0.210014 0.052218 9.577158 0.000000 -0.000000 0.000000 -0.000000 -0.000000 -0.000001 0.000000 -0.000001 0.108498 0.010680 -0.004987 -51.910513 3.233828 -2.754348 0.042686 -0.033397 -0.412863 36.706249 4.702672 2.347132 0.051757 0.026022 -0.434841 -6.906977 -5.816532 -8.145475 0.014582 -0.140203 -0.041002 -0.000002 0.000001 0.000000 0.000000 0.031892 0.087417 -0.000003 0.000000 -0.000000 0.000000 -0.000295 0.129738 -0.000000 0.000000 -0.000000 0.000000 0.021603 0.135532 0.000003 0.000000 -0.000000 0.022776 -0.072500 0.132876 0.000001 0.000000 -0.000000 0.163716 0.004516 -0.030142 29.330304 23.861013 -1.254537 0.165715 0.002195 -0.189845 17.766840 8.169188 -9.106849 0.134640 -0.191983 -0.128679 -20.422447 16.986858 7.569700 0.001147 -0.048713 -0.006655 -0.000001 -0.000000 0.000003 0.011701 -0.029588 -0.016302 -0.000004 -0.000002 0.000000 0.018464 -0.075698 -0.024375 -0.000002 0.000004 0.000000 0.000000 -0.061697 0.207353 -0.000002 0.000000 -0.000000 0.000000 -0.018035 0.048318 -0.000003 0.000000 -0.000000 0.000000 -0.018035 0.048318 -0.000002 0.000000 -0.000000 -0.022776 -0.072500 0.132876 0.000001 -0.000000 0.000000 -0.163716 0.004516 -0.030142 -0.522852 -27.323214 8.756569 -0.165715 0.002195 -0.189845 5.220011 -5.584096 6.860060 -0.134640 -0.191983 -0.128679 -14.431765 -3.399414 -9.908349 -0.011509 -0.048713 0.001674 -0.000002 0.000000 0.000000 -0.011701 -0.029588 -0.016302 -0.000001 0.000003 -0.000001 -0.018463 -0.075698 -0.024375 -0.000004 0.000003 -0.000000 -0.000000 -0.000000 -0.000000 -0.000001 -0.000000 0.000001 -0.108498 0.010680 -0.004987 -8.950229 -6.381049 1.215893 -0.042813 -0.034513 -0.413943 27.175482 -2.238431 -2.406865 -0.057838 0.011271 -0.433514 -28.096943 7.245561 2.043135 -0.014582 -0.140202 -0.044665 -0.000002 0.000001 -0.000000 0.352207 -0.331174 0.370911 -0.000000 0.000000 -0.000000 0.253490 -0.139412 0.043517 38.570300 51.595071 -0.000012 -0.275499 -0.250273 0.370911 -0.000000 0.000000 -0.000000 -0.232716 -0.461183 0.053609 -0.000001 -38.791356 0.000007 0.125668 -0.265692 -0.313595 -0.000000 0.000000 -0.000000 0.130146 -0.534334 -0.668620 -12.382659 0.000001 -9.258735 -0.113330 -0.268834 -0.313595 -0.000000 0.000000 -0.000000 -0.095191 -0.015211 -0.747160 -0.000001 -0.000001 -0.000000 
0.000000 -0.210014 0.052218 9.577158 0.000000 -0.000000 0.000000 -0.000000 -0.000000 -0.000001 0.000000 -0.000001 0.108498 0.010680 -0.004987 -51.910513 3.233828 -2.754348 0.042686 -0.033397 -0.412863 36.706249 4.702672 2.347132 0.051757 0.026022 -0.434841 -6.906977 -5.816532 -8.145475 0.014582 -0.140203 -0.041002 -0.000002 0.000001 0.000000 0.000000 0.031892 0.087417 -0.000003 0.000000 -0.000000 0.000000 -0.000295 0.129738 -0.000000 0.000000 -0.000000 0.000000 0.021603 0.135532 0.000003 0.000000 -0.000000 0.022776 -0.072500 0.132876 0.000001 0.000000 -0.000000 0.163716 0.004516 -0.030142 29.330304 23.861013 -1.254537 0.165715 0.002195 -0.189845 17.766840 8.169188 -9.106849 0.134640 -0.191983 -0.128679 -20.422447 16.986858 7.569700 0.001147 -0.048713 -0.006655 -0.000001 -0.000000 0.000003 0.011701 -0.029588 -0.016302 -0.000004 -0.000002 0.000000 0.018464 -0.075698 -0.024375 -0.000002 0.000004 0.000000 0.000000 -0.061697 0.207353 -0.000002 0.000000 -0.000000 0.000000 -0.018035 0.048318 -0.000003 0.000000 -0.000000 0.000000 -0.018035 0.048318 -0.000002 0.000000 -0.000000 -0.022776 -0.072500 0.132876 0.000001 -0.000000 0.000000 -0.163716 0.004516 -0.030142 -0.522852 -27.323214 8.756569 -0.165715 0.002195 -0.189845 5.220011 -5.584096 6.860060 -0.134640 -0.191983 -0.128679 -14.431765 -3.399414 -9.908349 -0.011509 -0.048713 0.001674 -0.000002 0.000000 0.000000 -0.011701 -0.029588 -0.016302 -0.000001 0.000003 -0.000001 -0.018463 -0.075698 -0.024375 -0.000004 0.000003 -0.000000 -0.000000 -0.000000 -0.000000 -0.000001 -0.000000 0.000001 -0.108498 0.010680 -0.004987 -8.950229 -6.381049 1.215893 -0.042813 -0.034513 -0.413943 27.175482 -2.238431 -2.406865 -0.057838 0.011271 -0.433514 -28.096943 7.245561 2.043135 -0.014582 -0.140202 -0.044665 -0.000002 0.000001 -0.000000 0.352207 -0.331174 0.370911 -0.000000 0.000000 -0.000000 0.253490 -0.139412 0.043517 38.570300 51.595071 -0.000012 -0.275499 -0.250273 0.370911 -0.000000 0.000000 -0.000000 -0.232716 -0.461183 0.053609 -0.000001 -38.791356 0.000007 0.125668 -0.265692 -0.313595 -0.000000 0.000000 -0.000000 0.130146 -0.534334 -0.668620 -12.382659 0.000001 -9.258735 -0.113330 -0.268834 -0.313595 -0.000000 0.000000 -0.000000 -0.095191 -0.015211 -0.747160 -0.000001 -0.000001 -0.000000 
0.000000 -0.210014 0.052218 9.577158 0.000000 -0.000000 0.000000 -0.000000 -0.000000 -0.000001 0.000000 -0.000001 0.108498 0.010680 -0.004987 -51.910513 3.233828 -2.754348 0.042686 -0.033397 -0.412863 36.706249 4.702672 2.347132 0.051757 0.026022 -0.434841 -6.906977 -5.816532 -8.145475 0.014582 -0.140203 -0.041002 -0.000002 0.000001 0.000000 0.000000 0.031892 0.087417 -0.000003 0.000000 -0.000000 0.000000 -0.000295 0.129738 -0.000000 0.000000 -0.000000 0.000000 0.021603 0.135532 0.000003 0.000000 -0.000000 0.022776 -0.072500 0.132876 0.000001 0.000000 -0.000000 0.163716 0.004516 -0.030142 29.330304 23.861013 -1.254537 0.165715 0.002195 -0.189845 17.766840 8.169188 -9.106849 0.134640 -0.191983 -0.128679 -20.422447 16.986858 7.569700 0.001147 -0.048713 -0.006655 -0.000001 -0.000000 0.000003 0.011701 -0.029588 -0.016302 -0.000004 -0.000002 0.000000 0.018464 -0.075698 -0.024375 -0.000002 0.000004 0.000000 0.000000 -0.061697 0.207353 -0.000002 0.000000 -0.000000 0.000000 -0.018035 0.048318 -0.000003 0.000000 -0.000000 0.000000 -0.018035 0.048318 -0.000002 0.000000 -0.000000 -0.022776 -0.072500 0.132876 0.000001 -0.000000 0.000000 -0.163716 0.004516 -0.030142 -0.522852 -27.323214 8.756569 -0.165715 0.002195 -0.189845 5.220011 -5.584096 6.860060 -0.134640 -0.191983 -0.128679 -14.431765 -3.399414 -9.908349 -0.011509 -0.048713 0.001674 -0.000002 0.000000 0.000000 -0.011701 -0.029588 -0.016302 -0.000001 0.000003 -0.000001 -0.018463 -0.075698 -0.024375 -0.000004 0.000003 -0.000000 -0.000000 -0.000000 -0.000000 -0.000001 -0.000000 0.000001 -0.108498 0.010680 -0.004987 -8.950229 -6.381049 1.215893 -0.042813 -0.034513 -0.413943 27.175482 -2.238431 -2.406865 -0.057838 0.011271 -0.433514 -28.096943 7.245561 2.043135 -0.014582 -0.140202 -0.044665 -0.000002 0.000001 -0.000000 0.352207 -0.331174 0.370911 -0.000000 0.000000 -0.000000 0.253490 -0.139412 0.043517 38.570300 51.595071 -0.000012 -0.275499 -0.250273 0.370911 -0.000000 0.000000 -0.000000 -0.232716 -0.461183 0.053609 -0.000001 -38.791356 0.000007 0.125668 -0.265692 -0.313595 -0.000000 0.000000 -0.000000 0.130146 -0.534334 -0.668620 -12.382659 0.000001 -9.258735 -0.113330 -0.268834 -0.313595 -0.000000 0.000000 -0.000000 -0.095191 -0.015211 -0.747160 -0.000001 -0.000001 -0.000000 
0.000000 -0.210014 0.052218 9.577158 0.000000 -0.000000 0.000000 -0.000000 -0.000000 -0.000001 0.000000 -0.000001 0.108498 0.010680 -0.004987 -51.910513 3.233828 -2.754348 0.042686 -0.033397 -0.412863 36.706249 4.702672 2.347132 0.051757 0.026022 -0.434841 -6.906977 -5.816532 -8.145475 0.014582 -0.140203 -0.041002 -0.000002 0.000001 0.000000 0.000000 0.031892 0.087417 -0.000003 0.000000 -0.000000 0.000000 -0.000295 0.129738 -0.000000 0.000000 -0.000000 0.000000 0.021603 0.135532 0.000003 0.000000 -0.000000 0.022776 -0.072500 0.132876 0.000001 0.000000 -0.000000 0.163716 0.004516 -0.030142 29.330304 23.861013 -1.254537 0.165715 0.002195 -0.189845 17.766840 8.169188 -9.106849 0.134640 -0.191983 -0.128679 -20.422447 16.986858 7.569700 0.001147 -0.048713 -0.006655 -0.000001 -0.000000 0.000003 0.011701 -0.029588 -0.016302 -0.000004 -0.000002 0.000000 0.018464 -0.075698 -0.024375 -0.000002 0.000004 0.000000 0.000000 -0.061697 0.207353 -0.000002 0.000000 -0.000000 0.000000 -0.018035 0.048318 -0.000003 0.000000 -0.000000 0.000000 -0.018035 0.048318 -0.000002 0.000000 -0.000000 -0.022776 -0.072500 0.132876 0.000001 -0.000000 0.000000 -0.163716 0.004516 -0.030142 -0.522852 -27.323214 8.756569 -0.165715 0.002195 -0.189845 5.220011 -5.584096 6.860060 -0.134640 -0.191983 -0.128679 -14.431765 -3.399414 -9.908349 -0.011509 -0.048713 0.001674 -0.000002 0.000000 0.000000 -0.011701 -0.029588 -0.016302 -0.000001 0.000003 -0.000001 -0.018463 -0.075698 -0.024375 -0.000004 0.000003 -0.000000 -0.000000 -0.000000 -0.000000 -0.000001 -0.000000 0.000001 -0.108498 0.010680 -0.004987 -8.950229 -6.381049 1.215893 -0.042813 -0.034513 -0.413943 27.175482 -2.238431 -2.406865 -0.057838 0.011271 -0.433514 -28.096943 7.245561 2.043135 -0.014582 -0.140202 -0.044665 -0.000002 0.000001 -0.000000 0.352207 -0.331174 0.370911 -0.000000 0.000000 -0.000000 0.253490 -0.139412 0.043517 38.570300 51.595071 -0.000012 -0.275499 -0.250273 0.370911 -0.000000 0.000000 -0.000000 -0.232716 -0.461183 0.053609 -0.000001 -38.791356 0.000007 0.125668 -0.265692 -0.313595 -0.000000 0.000000 -0.000000 0.130146 -0.534334 -0.668620 -12.382659 0.000001 -9.258735 -0.113330 -0.268834 -0.313595 -0.000000 0.000000 -0.000000 -0.095191 -0.015211 -0.747160 -0.000001 -0.000001 -0.000000 
0.000000 -0.210014 0.052218 9.577158 0.000000 -0.000000 0.000000 -0.000000 -0.000000 -0.000001 0.000000 -0.000001 0.108498 0.010680 -0.004987 -51.910513 3.233828 -2.754348 0.042686 -0.033397 -0.412863 36.706249 4.702672 2.347132 0.051757 0.026022 -0.434841 -6.906977 -5.816532 -8.145475 0.014582 -0.140203 -0.041002 -0.000002 0.000001 0.000000 0.000000 0.031892 0.087417 -0.000003 0.000000 -0.000000 0.000000 -0.000295 0.129738 -0.000000 0.000000 -0.000000 0.000000 0.021603 0.135532 0.000003 0.000000 -0.000000 0.022776 -0.072500 0.132876 0.000001 0.000000 -0.000000 0.163716 0.004516 -0.030142 29.330304 23.861013 -1.254537 0.165715 0.002195 -0.189845 17.766840 8.169188 -9.106849 0.134640 -0.191983 -0.128679 -20.422447 16.986858 7.569700 0.001147 -0.048713 -0.006655 -0.000001 -0.000000 0.000003 0.011701 -0.029588 -0.016302 -0.000004 -0.000002 0.000000 0.018464 -0.075698 -0.024375 -0.000002 0.000004 0.000000 0.000000 -0.061697 0.207353 -0.000002 0.000000 -0.000000 0.000000 -0.018035 0.048318 -0.000003 0.000000 -0.000000 0.000000 -0.018035 0.048318 -0.000002 0.000000 -0.000000 -0.022776 -0.072500 0.132876 0.000001 -0.000000 0.000000 -0.163716 0.004516 -0.030142 -0.522852 -27.323214 8.756569 -0.165715 0.002195 -0.189845 5.220011 -5.584096 6.860060 -0.134640 -0.191983 -0.128679 -14.431765 -3.399414 -9.908349 -0.011509 -0.048713 0.001674 -0.000002 0.000000 0.000000 -0.011701 -0.029588 -0.016302 -0.000001 0.000003 -0.000001 -0.018463 -0.075698 -0.024375 -0.000004 0.000003 -0.000000 -0.000000 -0.000000 -0.000000 -0.000001 -0.000000 0.000001 -0.108498 0.010680 -0.004987 -8.950229 -6.381049 1.215893 -0.042813 -0.034513 -0.413943 27.175482 -2.238431 -2.406865 -0.057838 0.011271 -0.433514 -28.096943 7.245561 2.043135 -0.014582 -0.140202 -0.044665 -0.000002 0.000001 -0.000000 0.352207 -0.331174 0.370911 -0.000000 0.000000 -0.000000 0.253490 -0.139412 0.043517 38.570300 51.595071 -0.000012 -0.275499 -0.250273 0.370911 -0.000000 0.000000 -0.000000 -0.232716 -0.461183 0.053609 -0.000001 -38.791356 0.000007 0.125668 -0.265692 -0.313595 -0.000000 0.000000 -0.000000 0.130146 -0.534334 -0.668620 -12.382659 0.000001 -9.258735 -0.113330 -0.268834 -0.313595 -0.000000 0.000000 -0.000000 -0.095191 -0.015211 -0.747160 -0.000001 -0.000001 -0.000000 
0.000000 -0.210014 0.052218 9.577158 0.000000 -0.000000 0.000000 -0.000000 -0.000000 -0.000001 0.000000 -0.000001 0.108498 0.010680 -0.004987 -51.910513 3.233828 -2.754348 0.042686 -0.033397 -0.412863 36.706249 4.702672 2.347132 0.051757 0.026022 -0.434841 -6.906977 -5.816532 -8.145475 0.014582 -0.140203 -0.041002 -0.000002 0.000001 0.000000 0.000000 0.031892 0.087417 -0.000003 0.000000 -0.000000 0.000000 -0.000295 0.129738 -0.000000 0.000000 -0.000000 0.000000 0.021603 0.135532 0.000003 0.000000 -0.000000 0.022776 -0.072500 0.132876 0.000001 0.000000 -0.000000 0.163716 0.004516 -0.030142 29.330304 23.861013 -1.254537 0.165715 0.002195 -0.189845 17.766840 8.169188 -9.106849 0.134640 -0.191983 -0.128679 -20.422447 16.986858 7.569700 0.001147 -0.048713 -0.006655 -0.000001 -0.000000 0.000003 0.011701 -0.029588 -0.016302 -0.000004 -0.000002 0.000000 0.018464 -0.075698 -0.024375 -0.000002 0.000004 0.000000 0.000000 -0.061697 0.207353 -0.000002 0.000000 -0.000000 0.000000 -0.018035 0.048318 -0.000003 0.000000 -0.000000 0.000000 -0.018035 0.048318 -0.000002 0.000000 -0.000000 -0.022776 -0.072500 0.132876 0.000001 -0.000000 0.000000 -0.163716 0.004516 -0.030142 -0.522852 -27.323214 8.756569 -0.165715 0.002195 -0.189845 5.220011 -5.584096 6.860060 -0.134640 -0.191983 -0.128679 -14.431765 -3.399414 -9.908349 -0.011509 -0.048713 0.001674 -0.000002 0.000000 0.000000 -0.011701 -0.029588 -0.016302 -0.000001 0.000003 -0.000001 -0.018463 -0.075698 -0.024375 -0.000004 0.000003 -0.000000 -0.000000 -0.000000 -0.000000 -0.000001 -0.000000 0.000001 -0.108498 0.010680 -0.004987 -8.950229 -6.381049 1.215893 -0.042813 -0.034513 -0.413943 27.175482 -2.238431 -2.406865 -0.057838 0.011271 -0.433514 -28.096943 7.245561 2.043135 -0.014582 -0.140202 -0.044665 -0.000002 0.000001 -0.000000 0.352207 -0.331174 0.370911 -0.000000 0.000000 -0.000000 0.253490 -0.139412 0.043517 38.570300 51.595071 -0.000012 -0.275499 -0.250273 0.370911 -0.000000 0.000000 -0.000000 -0.232716 -0.461183 0.053609 -0.000001 -38.791356 0.000007 0.125668 -0.265692 -0.313595 -0.000000 0.000000 -0.000000 0.130146 -0.534334 -0.668620 -12.382659 0.000001 -9.258735 -0.113330 -0.268834 -0.313595 -0.000000 0.000000 -0.000000 -0.095191 -0.015211 -0.747160 -0.000001 -0.000001 -0.000000 
0.000000 -0.210014 0.052218 9.577158 0.000000 -0.000000 0.000000 -0.000000 -0.000000 -0.000001 0.000000 -0.000001 0.108498 0.010680 -0.004987 -51.910513 3.233828 -2.754348 0.042686 -0.033397 -0.412863 36.706249 4.702672 2.347132 0.051757 0.026022 -0.434841 -6.906977 -5.816532 -8.145475 0.014582 -0.140203 -0.041002 -0.000002 0.000001 0.000000 0.000000 0.031892 0.087417 -0.000003 0.000000 -0.000000 0.000000 -0.000295 0.129738 -0.000000 0.000000 -0.000000 0.000000 0.021603 0.135532 0.000003 0.000000 -0.000000 0.022776 -0.072500 0.132876 0.000001 0.000000 -0.000000 0.163716 0.004516 -0.030142 29.330304 23.861013 -1.254537 0.165715 0.002195 -0.189845 17.766840 8.169188 -9.106849 0.134640 -0.191983 -0.128679 -20.422447 16.986858 7.569700 0.001147 -0.048713 -0.006655 -0.000001 -0.000000 0.000003 0.011701 -0.029588 -0.016302 -0.000004 -0.000002 0.000000 0.018464 -0.075698 -0.024375 -0.000002 0.000004 0.000000 0.000000 -0.061697 0.207353 -0.000002 0.000000 -0.000000 0.000000 -0.018035 0.048318 -0.000003 0.000000 -0.000000 0.000000 -0.018035 0.048318 -0.000002 0.000000 -0.000000 -0.022776 -0.072500 0.132876 0.000001 -0.000000 0.000000 -0.163716 0.004516 -0.030142 -0.522852 -27.323214 8.756569 -0.165715 0.002195 -0.189845 5.220011 -5.584096 6.860060 -0.134640 -0.191983 -0.128679 -14.431765 -3.399414 -9.908349 -0.011509 -0.048713 0.001674 -0.000002 0.000000 0.000000 -0.011701 -0.029588 -0.016302 -0.000001 0.000003 -0.000001 -0.018463 -0.075698 -0.024375 -0.000004 0.000003 -0.000000 -0.000000 -0.000000 -0.000000 -0.000001 -0.000000 0.000001 -0.108498 0.010680 -0.004987 -8.950229 -6.381049 1.215893 -0.042813 -0.034513 -0.413943 27.175482 -2.238431 -2.406865 -0.057838 0.011271 -0.433514 -28.096943 7.245561 2.043135 -0.014582 -0.140202 -0.044665 -0.000002 0.000001 -0.000000 0.352207 -0.331174 0.370911 -0.000000 0.000000 -0.000000 0.253490 -0.139412 0.043517 38.570300 51.595071 -0.000012 -0.275499 -0.250273 0.370911 -0.000000 0.000000 -0.000000 -0.232716 -0.461183 0.053609 -0.000001 -38.791356 0.000007 0.125668 -0.265692 -0.313595 -0.000000 0.000000 -0.000000 0.130146 -0.534334 -0.668620 -12.382659 0.000001 -9.258735 -0.113330 -0.268834 -0.313595 -0.000000 0.000000 -0.000000 -0.095191 -0.015211 -0.747160 -0.000001 -0.000001 -0.000000 
0.000000 -0.210014 0.052218 9.577158 0.000000 -0.000000 0.000000 -0.000000 -0.000000 -0.000001 0.000000 -0.000001 0.108498 0.010680 -0.004987 -51.910513 3.233828 -2.754348 0.042686 -0.033397 -0.412863 36.706249 4.702672 2.347132 0.051757 0.026022 -0.434841 -6.906977 -5.816532 -8.145475 0.014582 -0.140203 -0.041002 -0.000002 0.000001 0.000000 0.000000 0.031892 0.087417 -0.000003 0.000000 -0.000000 0.000000 -0.000295 0.129738 -0.000000 0.000000 -0.000000 0.000000 0.021603 0.135532 0.000003 0.000000 -0.000000 0.022776 -0.072500 0.132876 0.000001 0.000000 -0.000000 0.163716 0.004516 -0.030142 29.330304 23.861013 -1.254537 0.165715 0.002195 -0.189845 17.766840 8.169188 -9.106849 0.134640 -0.191983 -0.128679 -20.422447 16.986858 7.569700 0.001147 -0.048713 -0.006655 -0.000001 -0.000000 0.000003 0.011701 -0.029588 -0.016302 -0.000004 -0.000002 0.000000 0.018464 -0.075698 -0.024375 -0.000002 0.000004 0.000000 0.000000 -0.061697 0.207353 -0.000002 0.000000 -0.000000 0.000000 -0.018035 0.048318 -0.000003 0.000000 -0.000000 0.000000 -0.018035 0.048318 -0.000002 0.000000 -0.000000 -0.022776 -0.072500 0.132876 0.000001 -0.000000 0.000000 -0.163716 0.004516 -0.030142 -0.522852 -27.323214 8.756569 -0.165715 0.002195 -0.189845 5.220011 -5.584096 6.860060 -0.134640 -0.191983 -0.128679 -14.431765 -3.399414 -9.908349 -0.011509 -0.048713 0.001674 -0.000002 0.000000 0.000000 -0.011701 -0.029588 -0.016302 -0.000001 0.000003 -0.000001 -0.018463 -0.075698 -0.024375 -0.000004 0.000003 -0.000000 -0.000000 -0.000000 -0.000000 -0.000001 -0.000000 0.000001 -0.108498 0.010680 -0.004987 -8.950229 -6.381049 1.215893 -0.042813 -0.034513 -0.413943 27.175482 -2.238431 -2.406865 -0.057838 0.011271 -0.433514 -28.096943 7.245561 2.043135 -0.014582 -0.140202 -0.044665 -0.000002 0.000001 -0.000000 0.352207 -0.331174 0.370911 -0.000000 0.000000 -0.000000 0.253490 -0.139412 0.043517 38.570300 51.595071 -0.000012 -0.275499 -0.250273 0.370911 -0.000000 0.000000 -0.000000 -0.232716 -0.461183 0.053609 -0.000001 -38.791356 0.000007 0.125668 -0.265692 -0.313595 -0.000000 0.000000 -0.000000 0.130146 -0.534334 -0.668620 -12.382659 0.000001 -9.258735 -0.113330 -0.268834 -0.313595 -0.000000 0.000000 -0.000000 -0.095191 -0.015211 -0.747160 -0.000001 -0.000001 -0.000000 
0.000000 -0.210014 0.052218 9.577158 0.000000 -0.000000 0.000000 -0.000000 -0.000000 -0.000001 0.000000 -0.000001 0.108498 0.010680 -0.004987 -51.910513 3.233828 -2.754348 0.042686 -0.033397 -0.412863 36.706249 4.702672 2.347132 0.051757 0.026022 -0.434841 -6.906977 -5.816532 -8.145475 0.014582 -0.140203 -0.041002 -0.000002 0.000001 0.000000 0.000000 0.031892 0.087417 -0.000003 0.000000 -0.000000 0.000000 -0.000295 0.129738 -0.000000 0.000000 -0.000000 0.000000 0.021603 0.135532 0.000003 0.000000 -0.000000 0.022776 -0.072500 0.132876 0.000001 0.000000 -0.000000 0.163716 0.004516 -0.030142 29.330304 23.861013 -1.254537 0.165715 0.002195 -0.189845 17.766840 8.169188 -9.106849 0.134640 -0.191983 -0.128679 -20.422447 16.986858 7.569700 0.001147 -0.048713 -0.006655 -0.000001 -0.000000 0.000003 0.011701 -0.029588 -0.016302 -0.000004 -0.000002 0.000000 0.018464 -0.075698 -0.024375 -0.000002 0.000004 0.000000 0.000000 -0.061697 0.207353 -0.000002 0.000000 -0.000000 0.000000 -0.018035 0.048318 -0.000003 0.000000 -0.000000 0.000000 -0.018035 0.048318 -0.000002 0.000000 -0.000000 -0.022776 -0.072500 0.132876 0.000001 -0.000000 0.000000 -0.163716 0.004516 -0.030142 -0.522852 -27.323214 8.756569 -0.165715 0.002195 -0.189845 5.220011 -5.584096 6.860060 -0.134640 -0.191983 -0.128679 -14.431765 -3.399414 -9.908349 -0.011509 -0.048713 0.001674 -0.000002 0.000000 0.000000 -0.011701 -0.029588 -0.016302 -0.000001 0.000003 -0.000001 -0.018463 -0.075698 -0.024375 -0.000004 0.000003 -0.000000 -0.000000 -0.000000 -0.000000 -0.000001 -0.000000 0.000001 -0.108498 0.010680 -0.004987 -8.950229 -6.381049 1.215893 -0.042813 -0.034513 -0.413943 27.175482 -2.238431 -2.406865 -0.057838 0.011271 -0.433514 -28.096943 7.245561 2.043135 -0.014582 -0.140202 -0.044665 -0.000002 0.000001 -0.000000 0.352207 -0.331174 0.370911 -0.000000 0.000000 -0.000000 0.253490 -0.139412 0.043517 38.570300 51.595071 -0.000012 -0.275499 -0.250273 0.370911 -0.000000 0.000000 -0.000000 -0.232716 -0.461183 0.053609 -0.000001 -38.791356 0.000007 0.125668 -0.265692 -0.313595 -0.000000 0.000000 -0.000000 0.130146 -0.534334 -0.668620 -12.382659 0.000001 -9.258735 -0.113330 -0.268834 -0.313595 -0.000000 0.000000 -0.000000 -0.095191 -0.015211 -0.747160 -0.000001 -0.000001 -0.000000 
0.000000 -0.210014 0.052218 9.577158 0.000000 -0.000000 0.000000 -0.000000 -0.000000 -0.000001 0.000000 -0.000001 0.108498 0.010680 -0.004987 -51.910513 3.233828 -2.754348 0.042686 -0.033397 -0.412863 36.706249 4.702672 2.347132 0.051757 0.026022 -0.434841 -6.906977 -5.816532 -8.145475 0.014582 -0.140203 -0.041002 -0.000002 0.000001 0.000000 0.000000 0.031892 0.087417 -0.000003 0.000000 -0.000000 0.000000 -0.000295 0.129738 -0.000000 0.000000 -0.000000 0.000000 0.021603 0.135532 0.000003 0.000000 -0.000000 0.022776 -0.072500 0.132876 0.000001 0.000000 -0.000000 0.163716 0.004516 -0.030142 29.330304 23.861013 -1.254537 0.165715 0.002195 -0.189845 17.766840 8.169188 -9.106849 0.134640 -0.191983 -0.128679 -20.422447 16.986858 7.569700 0.001147 -0.048713 -0.006655 -0.000001 -0.000000 0.000003 0.011701 -0.029588 -0.016302 -0.000004 -0.000002 0.000000 0.018464 -0.075698 -0.024375 -0.000002 0.000004 0.000000 0.000000 -0.061697 0.207353 -0.000002 0.000000 -0.000000 0.000000 -0.018035 0.048318 -0.000003 0.000000 -0.000000 0.000000 -0.018035 0.048318 -0.000002 0.000000 -0.000000 -0.022776 -0.072500 0.132876 0.000001 -0.000000 0.000000 -0.163716 0.004516 -0.030142 -0.522852 -27.323214 8.756569 -0.165715 0.002195 -0.189845 5.220011 -5.584096 6.860060 -0.134640 -0.191983 -0.128679 -14.431765 -3.399414 -9.908349 -0.011509 -0.048713 0.001674 -0.000002 0.000000 0.000000 -0.011701 -0.029588 -0.016302 -0.000001 0.000003 -0.000001 -0.018463 -0.075698 -0.024375 -0.000004 0.000003 -0.000000 -0.000000 -0.000000 -0.000000 -0.000001 -0.000000 0.000001 -0.108498 0.010680 -0.004987 -8.950229 -6.381049 1.215893 -0.042813 -0.034513 -0.413943 27.175482 -2.238431 -2.406865 -0.057838 0.011271 -0.433514 -28.096943 7.245561 2.043135 -0.014582 -0.140202 -0.044665 -0.000002 0.000001 -0.000000 0.352207 -0.331174 0.370911 -0.000000 0.000000 -0.000000 0.253490 -0.139412 0.043517 38.570300 51.595071 -0.000012 -0.275499 -0.250273 0.370911 -0.000000 0.000000 -0.000000 -0.232716 -0.461183 0.053609 -0.000001 -38.791356 0.000007 0.125668 -0.265692 -0.313595 -0.000000 0.000000 -0.000000 0.130146 -0.534334 -0.668620 -12.382659 0.000001 -9.258735 -0.113330 -0.268834 -0.313595 -0.000000 0.000000 -0.000000 -0.095191 -0.015211 -0.747160 -0.000001 -0.000001 -0.000000 
0.000000 -0.210014 0.052218 9.577158 0.000000 -0.000000 0.000000 -0.000000 -0.000000 -0.000001 0.000000 -0.000001 0.108498 0.010680 -0.004987 -51.910513 3.233828 -2.754348 0.042686 -0.033397 -0.412863 36.706249 4.702672 2.347132 0.051757 0.026022 -0.434841 -6.906977 -5.816532 -8.145475 0.014582 -0.140203 -0.041002 -0.000002 0.000001 0.000000 0.000000 0.031892 0.087417 -0.000003 0.000000 -0.000000 0.000000 -0.000295 0.129738 -0.000000 0.000000 -0.000000 0.000000 0.021603 0.135532 0.000003 0.000000 -0.000000 0.022776 -0.072500 0.132876 0.000001 0.000000 -0.000000 0.163716 0.004516 -0.030142 29.330304 23.861013 -1.254537 0.165715 0.002195 -0.189845 17.766840 8.169188 -9.106849 0.134640 -0.191983 -0.128679 -20.422447 16.986858 7.569700 0.001147 -0.048713 -0.006655 -0.000001 -0.000000 0.000003 0.011701 -0.029588 -0.016302 -0.000004 -0.000002 0.000000 0.018464 -0.075698 -0.024375 -0.000002 0.000004 0.000000 0.000000 -0.061697 0.207353 -0.000002 0.000000 -0.000000 0.000000 -0.018035 0.048318 -0.000003 0.000000 -0.000000 0.000000 -0.018035 0.048318 -0.000002 0.000000 -0.000000 -0.022776 -0.072500 0.132876 0.000001 -0.000000 0.000000 -0.163716 0.004516 -0.030142 -0.522852 -27.323214 8.756569 -0.165715 0.002195 -0.189845 5.220011 -5.584096 6.860060 -0.134640 -0.191983 -0.128679 -14.431765 -3.399414 -9.908349 -0.011509 -0.048713 0.001674 -0.000002 0.000000 0.000000 -0.011701 -0.029588 -0.016302 -0.000001 0.000003 -0.000001 -0.018463 -0.075698 -0.024375 -0.000004 0.000003 -0.000000 -0.000000 -0.000000 -0.000000 -0.000001 -0.000000 0.000001 -0.108498 0.010680 -0.004987 -8.950229 -6.381049 1.215893 -0.042813 -0.034513 -0.413943 27.175482 -2.238431 -2.406865 -0.057838 0.011271 -0.433514 -28.096943 7.245561 2.043135 -0.014582 -0.140202 -0.044665 -0.000002 0.000001 -0.000000 0.352207 -0.331174 0.370911 -0.000000 0.000000 -0.000000 0.253490 -0.139412 0.043517 38.570300 51.595071 -0.000012 -0.275499 -0.250273 0.370911 -0.000000 0.000000 -0.000000 -0.232716 -0.461183 0.053609 -0.000001 -38.791356 0.000007 0.125668 -0.265692 -0.313595 -0.000000 0.000000 -0.000000 0.130146 -0.534334 -0.668620 -12.382659 0.000001 -9.258735 -0.113330 -0.268834 -0.313595 -0.000000 0.000000 -0.000000 -0.095191 -0.015211 -0.747160 -0.000001 -0.000001 -0.000000 
0.000000 -0.210014 0.052218 9.577158 0.000000 -0.000000 0.000000 -0.000000 -0.000000 -0.000001 0.000000 -0.000001 0.108498 0.010680 -0.004987 -51.910513 3.233828 -2.754348 0.042686 -0.033397 -0.412863 36.706249 4.702672 2.347132 0.051757 0.026022 -0.434841 -6.906977 -5.816532 -8.145475 0.014582 -0.140203 -0.041002 -0.000002 0.000001 0.000000 0.000000 0.031892 0.087417 -0.000003 0.000000 -0.000000 0.000000 -0.000295 0.129738 -0.000000 0.000000 -0.000000 0.000000 0.021603 0.135532 0.000003 0.000000 -0.000000 0.022776 -0.072500 0.132876 0.000001 0.000000 -0.000000 0.163716 0.004516 -0.030142 29.330304 23.861013 -1.254537 0.165715 0.002195 -0.189845 17.766840 8.169188 -9.106849 0.134640 -0.191983 -0.128679 -20.422447 16.986858 7.569700 0.001147 -0.048713 -0.006655 -0.000001 -0.000000 0.000003 0.011701 -0.029588 -0.016302 -0.000004 -0.000002 0.000000 0.018464 -0.075698 -0.024375 -0.000002 0.000004 0.000000 0.000000 -0.061697 0.207353 -0.000002 0.000000 -0.000000 0.000000 -0.018035 0.048318 -0.000003 0.000000 -0.000000 0.000000 -0.018035 0.048318 -0.000002 0.000000 -0.000000 -0.022776 -0.072500 0.132876 0.000001 -0.000000 0.000000 -0.163716 0.004516 -0.030142 -0.522852 -27.323214 8.756569 -0.165715 0.002195 -0.189845 5.220011 -5.584096 6.860060 -0.134640 -0.191983 -0.128679 -14.431765 -3.399414 -9.908349 -0.011509 -0.048713 0.001674 -0.000002 0.000000 0.000000 -0.011701 -0.029588 -0.016302 -0.000001 0.000003 -0.000001 -0.018463 -0.075698 -0.024375 -0.000004 0.000003 -0.000000 -0.000000 -0.000000 -0.000000 -0.000001 -0.000000 0.000001 -0.108498 0.010680 -0.004987 -8.950229 -6.381049 1.215893 -0.042813 -0.034513 -0.413943 27.175482 -2.238431 -2.406865 -0.057838 0.011271 -0.433514 -28.096943 7.245561 2.043135 -0.014582 -0.140202 -0.044665 -0.000002 0.000001 -0.000000 0.352207 -0.331174 0.370911 -0.000000 0.000000 -0.000000 0.253490 -0.139412 0.043517 38.570300 51.595071 -0.000012 -0.275499 -0.250273 0.370911 -0.000000 0.000000 -0.000000 -0.232716 -0.461183 0.053609 -0.000001 -38.791356 0.000007 0.125668 -0.265692 -0.313595 -0.000000 0.000000 -0.000000 0.130146 -0.534334 -0.668620 -12.382659 0.000001 -9.258735 -0.113330 -0.268834 -0.313595 -0.000000 0.000000 -0.000000 -0.095191 -0.015211 -0.747160 -0.000001 -0.000001 -0.000000 
0.000000 -0.210014 0.052218 9.577158 0.000000 -0.000000 0.000000 -0.000000 -0.000000 -0.000001 0.000000 -0.000001 0.108498 0.010680 -0.004987 -51.910513 3.233828 -2.754348 0.042686 -0.033397 -0.412863 36.706249 4.702672 2.347132 0.051757 0.026022 -0.434841 -6.906977 -5.816532 -8.145475 0.014582 -0.140203 -0.041002 -0.000002 0.000001 0.000000 0.000000 0.031892 0.087417 -0.000003 0.000000 -0.000000 0.000000 -0.000295 0.129738 -0.000000 0.000000 -0.000000 0.000000 0.021603 0.135532 0.000003 0.000000 -0.000000 0.022776 -0.072500 0.132876 0.000001 0.000000 -0.000000 0.163716 0.004516 -0.030142 29.330304 23.861013 -1.254537 0.165715 0.002195 -0.189845 17.766840 8.169188 -9.106849 0.134640 -0.191983 -0.128679 -20.422447 16.986858 7.569700 0.001147 -0.048713 -0.006655 -0.000001 -0.000000 0.000003 0.011701 -0.029588 -0.016302 -0.000004 -0.000002 0.000000 0.018464 -0.075698 -0.024375 -0.000002 0.000004 0.000000 0.000000 -0.061697 0.207353 -0.000002 0.000000 -0.000000 0.000000 -0.018035 0.048318 -0.000003 0.000000 -0.000000 0.000000 -0.018035 0.048318 -0.000002 0.000000 -0.000000 -0.022776 -0.072500 0.132876 0.000001 -0.000000 0.000000 -0.163716 0.004516 -0.030142 -0.522852 -27.323214 8.756569 -0.165715 0.002195 -0.189845 5.220011 -5.584096 6.860060 -0.134640 -0.191983 -0.128679 -14.431765 -3.399414 -9.908349 -0.011509 -0.048713 0.001674 -0.000002 0.000000 0.000000 -0.011701 -0.029588 -0.016302 -0.000001 0.000003 -0.000001 -0.018463 -0.075698 -0.024375 -0.000004 0.000003 -0.000000 -0.000000 -0.000000 -0.000000 -0.000001 -0.000000 0.000001 -0.108498 0.010680 -0.004987 -8.950229 -6.381049 1.215893 -0.042813 -0.034513 -0.413943 27.175482 -2.238431 -2.406865 -0.057838 0.011271 -0.433514 -28.096943 7.245561 2.043135 -0.014582 -0.140202 -0.044665 -0.000002 0.000001 -0.000000 0.352207 -0.331174 0.370911 -0.000000 0.000000 -0.000000 0.253490 -0.139412 0.043517 38.570300 51.595071 -0.000012 -0.275499 -0.250273 0.370911 -0.000000 0.000000 -0.000000 -0.232716 -0.461183 0.053609 -0.000001 -38.791356 0.000007 0.125668 -0.265692 -0.313595 -0.000000 0.000000 -0.000000 0.130146 -0.534334 -0.668620 -12.382659 0.000001 -9.258735 -0.113330 -0.268834 -0.313595 -0.000000 0.000000 -0.000000 -0.095191 -0.015211 -0.747160 -0.000001 -0.000001 -0.000000 
0.000000 -0.210014 0.052218 9.577158 0.000000 -0.000000 0.000000 -0.000000 -0.000000 -0.000001 0.000000 -0.000001 0.108498 0.010680 -0.004987 -51.910513 3.233828 -2.754348 0.042686 -0.033397 -0.412863 36.706249 4.702672 2.347132 0.051757 0.026022 -0.434841 -6.906977 -5.816532 -8.145475 0.014582 -0.140203 -0.041002 -0.000002 0.000001 0.000000 0.000000 0.031892 0.087417 -0.000003 0.000000 -0.000000 0.000000 -0.000295 0.129738 -0.000000 0.000000 -0.000000 0.000000 0.021603 0.135532 0.000003 0.000000 -0.000000 0.022776 -0.072500 0.132876 0.000001 0.000000 -0.000000 0.163716 0.004516 -0.030142 29.330304 23.861013 -1.254537 0.165715 0.002195 -0.189845 17.766840 8.169188 -9.106849 0.134640 -0.191983 -0.128679 -20.422447 16.986858 7.569700 0.001147 -0.048713 -0.006655 -0.000001 -0.000000 0.000003 0.011701 -0.029588 -0.016302 -0.000004 -0.000002 0.000000 0.018464 -0.075698 -0.024375 -0.000002 0.000004 0.000000 0.000000 -0.061697 0.207353 -0.000002 0.000000 -0.000000 0.000000 -0.018035 0.048318 -0.000003 0.000000 -0.000000 0.000000 -0.018035 0.048318 -0.000002 0.000000 -0.000000 -0.022776 -0.072500 0.132876 0.000001 -0.000000 0.000000 -0.163716 0.004516 -0.030142 -0.522852 -27.323214 8.756569 -0.165715 0.002195 -0.189845 5.220011 -5.584096 6.860060 -0.134640 -0.191983 -0.128679 -14.431765 -3.399414 -9.908349 -0.011509 -0.048713 0.001674 -0.000002 0.000000 0.000000 -0.011701 -0.029588 -0.016302 -0.000001 0.000003 -0.000001 -0.018463 -0.075698 -0.024375 -0.000004 0.000003 -0.000000 -0.000000 -0.000000 -0.000000 -0.000001 -0.000000 0.000001 -0.108498 0.010680 -0.004987 -8.950229 -6.381049 1.215893 -0.042813 -0.034513 -0.413943 27.175482 -2.238431 -2.406865 -0.057838 0.011271 -0.433514 -28.096943 7.245561 2.043135 -0.014582 -0.140202 -0.044665 -0.000002 0.000001 -0.000000 0.352207 -0.331174 0.370911 -0.000000 0.000000 -0.000000 0.253490 -0.139412 0.043517 38.570300 51.595071 -0.000012 -0.275499 -0.250273 0.370911 -0.000000 0.000000 -0.000000 -0.232716 -0.461183 0.053609 -0.000001 -38.791356 0.000007 0.125668 -0.265692 -0.313595 -0.000000 0.000000 -0.000000 0.130146 -0.534334 -0.668620 -12.382659 0.000001 -9.258735 -0.113330 -0.268834 -0.313595 -0.000000 0.000000 -0.000000 -0.095191 -0.015211 -0.747160 -0.000001 -0.000001 -0.000000 
0.000000 -0.210014 0.052218 9.577158 0.000000 -0.000000 0.000000 -0.000000 -0.000000 -0.000001 0.000000 -0.000001 0.108498 0.010680 -0.004987 -51.910513 3.233828 -2.754348 0.042686 -0.033397 -0.412863 36.706249 4.702672 2.347132 0.051757 0.026022 -0.434841 -6.906977 -5.816532 -8.145475 0.014582 -0.140203 -0.041002 -0.000002 0.000001 0.000000 0.000000 0.031892 0.087417 -0.000003 0.000000 -0.000000 0.000000 -0.000295 0.129738 -0.000000 0.000000 -0.000000 0.000000 0.021603 0.135532 0.000003 0.000000 -0.000000 0.022776 -0.072500 0.132876 0.000001 0.000000 -0.000000 0.163716 0.004516 -0.030142 29.330304 23.861013 -1.254537 0.165715 0.002195 -0.189845 17.766840 8.169188 -9.106849 0.134640 -0.191983 -0.128679 -20.422447 16.986858 7.569700 0.001147 -0.048713 -0.006655 -0.000001 -0.000000 0.000003 0.011701 -0.029588 -0.016302 -0.000004 -0.000002 0.000000 0.018464 -0.075698 -0.024375 -0.000002 0.000004 0.000000 0.000000 -0.061697 0.207353 -0.000002 0.000000 -0.000000 0.000000 -0.018035 0.048318 -0.000003 0.000000 -0.000000 0.000000 -0.018035 0.048318 -0.000002 0.000000 -0.000000 -0.022776 -0.072500 0.132876 0.000001 -0.000000 0.000000 -0.163716 0.004516 -0.030142 -0.522852 -27.323214 8.756569 -0.165715 0.002195 -0.189845 5.220011 -5.584096 6.860060 -0.134640 -0.191983 -0.128679 -14.431765 -3.399414 -9.908349 -0.011509 -0.048713 0.001674 -0.000002 0.000000 0.000000 -0.011701 -0.029588 -0.016302 -0.000001 0.000003 -0.000001 -0.018463 -0.075698 -0.024375 -0.000004 0.000003 -0.000000 -0.000000 -0.000000 -0.000000 -0.000001 -0.000000 0.000001 -0.108498 0.010680 -0.004987 -8.950229 -6.381049 1.215893 -0.042813 -0.034513 -0.413943 27.175482 -2.238431 -2.406865 -0.057838 0.011271 -0.433514 -28.096943 7.245561 2.043135 -0.014582 -0.140202 -0.044665 -0.000002 0.000001 -0.000000 0.352207 -0.331174 0.370911 -0.000000 0.000000 -0.000000 0.253490 -0.139412 0.043517 38.570300 51.595071 -0.000012 -0.275499 -0.250273 0.370911 -0.000000 0.000000 -0.000000 -0.232716 -0.461183 0.053609 -0.000001 -38.791356 0.000007 0.125668 -0.265692 -0.313595 -0.000000 0.000000 -0.000000 0.130146 -0.534334 -0.668620 -12.382659 0.000001 -9.258735 -0.113330 -0.268834 -0.313595 -0.000000 0.000000 -0.000000 -0.095191 -0.015211 -0.747160 -0.000001 -0.000001 -0.000000 
0.000000 -0.210014 0.052218 9.577158 0.000000 -0.000000 0.000000 -0.000000 -0.000000 -0.000001 0.000000 -0.000001 0.108498 0.010680 -0.004987 -51.910513 3.233828 -2.754348 0.042686 -0.033397 -0.412863 36.706249 4.702672 2.347132 0.051757 0.026022 -0.434841 -6.906977 -5.816532 -8.145475 0.014582 -0.140203 -0.041002 -0.000002 0.000001 0.000000 0.000000 0.031892 0.087417 -0.000003 0.000000 -0.000000 0.000000 -0.000295 0.129738 -0.000000 0.000000 -0.000000 0.000000 0.021603 0.135532 0.000003 0.000000 -0.000000 0.022776 -0.072500 0.132876 0.000001 0.000000 -0.000000 0.163716 0.004516 -0.030142 29.330304 23.861013 -1.254537 0.165715 0.002195 -0.189845 17.766840 8.169188 -9.106849 0.134640 -0.191983 -0.128679 -20.422447 16.986858 7.569700 0.001147 -0.048713 -0.006655 -0.000001 -0.000000 0.000003 0.011701 -0.029588 -0.016302 -0.000004 -0.000002 0.000000 0.018464 -0.075698 -0.024375 -0.000002 0.000004 0.000000 0.000000 -0.061697 0.207353 -0.000002 0.000000 -0.000000 0.000000 -0.018035 0.048318 -0.000003 0.000000 -0.000000 0.000000 -0.018035 0.048318 -0.000002 0.000000 -0.000000 -0.022776 -0.072500 0.132876 0.000001 -0.000000 0.000000 -0.163716 0.004516 -0.030142 -0.522852 -27.323214 8.756569 -0.165715 0.002195 -0.189845 5.220011 -5.584096 6.860060 -0.134640 -0.191983 -0.128679 -14.431765 -3.399414 -9.908349 -0.011509 -0.048713 0.001674 -0.000002 0.000000 0.000000 -0.011701 -0.029588 -0.016302 -0.000001 0.000003 -0.000001 -0.018463 -0.075698 -0.024375 -0.000004 0.000003 -0.000000 -0.000000 -0.000000 -0.000000 -0.000001 -0.000000 0.000001 -0.108498 0.010680 -0.004987 -8.950229 -6.381049 1.215893 -0.042813 -0.034513 -0.413943 27.175482 -2.238431 -2.406865 -0.057838 0.011271 -0.433514 -28.096943 7.245561 2.043135 -0.014582 -0.140202 -0.044665 -0.000002 0.000001 -0.000000 0.352207 -0.331174 0.370911 -0.000000 0.000000 -0.000000 0.253490 -0.139412 0.043517 38.570300 51.595071 -0.000012 -0.275499 -0.250273 0.370911 -0.000000 0.000000 -0.000000 -0.232716 -0.461183 0.053609 -0.000001 -38.791356 0.000007 0.125668 -0.265692 -0.313595 -0.000000 0.000000 -0.000000 0.130146 -0.534334 -0.668620 -12.382659 0.000001 -9.258735 -0.113330 -0.268834 -0.313595 -0.000000 0.000000 -0.000000 -0.095191 -0.015211 -0.747160 -0.000001 -0.000001 -0.000000 
0.000000 -0.210014 0.052218 9.577158 0.000000 -0.000000 0.000000 -0.000000 -0.000000 -0.000001 0.000000 -0.000001 0.108498 0.010680 -0.004987 -51.910513 3.233828 -2.754348 0.042686 -0.033397 -0.412863 36.706249 4.702672 2.347132 0.051757 0.026022 -0.434841 -6.906977 -5.816532 -8.145475 0.014582 -0.140203 -0.041002 -0.000002 0.000001 0.000000 0.000000 0.031892 0.087417 -0.000003 0.000000 -0.000000 0.000000 -0.000295 0.129738 -0.000000 0.000000 -0.000000 0.000000 0.021603 0.135532 0.000003 0.000000 -0.000000 0.022776 -0.072500 0.132876 0.000001 0.000000 -0.000000 0.163716 0.004516 -0.030142 29.330304 23.861013 -1.254537 0.165715 0.002195 -0.189845 17.766840 8.169188 -9.106849 0.134640 -0.191983 -0.128679 -20.422447 16.986858 7.569700 0.001147 -0.048713 -0.006655 -0.000001 -0.000000 0.000003 0.011701 -0.029588 -0.016302 -0.000004 -0.000002 0.000000 0.018464 -0.075698 -0.024375 -0.000002 0.000004 0.000000 0.000000 -0.061697 0.207353 -0.000002 0.000000 -0.000000 0.000000 -0.018035 0.048318 -0.000003 0.000000 -0.000000 0.000000 -0.018035 0.048318 -0.000002 0.000000 -0.000000 -0.022776 -0.072500 0.132876 0.000001 -0.000000 0.000000 -0.163716 0.004516 -0.030142 -0.522852 -27.323214 8.756569 -0.165715 0.002195 -0.189845 5.220011 -5.584096 6.860060 -0.134640 -0.191983 -0.128679 -14.431765 -3.399414 -9.908349 -0.011509 -0.048713 0.001674 -0.000002 0.000000 0.000000 -0.011701 -0.029588 -0.016302 -0.000001 0.000003 -0.000001 -0.018463 -0.075698 -0.024375 -0.000004 0.000003 -0.000000 -0.000000 -0.000000 -0.000000 -0.000001 -0.000000 0.000001 -0.108498 0.010680 -0.004987 -8.950229 -6.381049 1.215893 -0.042813 -0.034513 -0.413943 27.175482 -2.238431 -2.406865 -0.057838 0.011271 -0.433514 -28.096943 7.245561 2.043135 -0.014582 -0.140202 -0.044665 -0.000002 0.000001 -0.000000 0.352207 -0.331174 0.370911 -0.000000 0.000000 -0.000000 0.253490 -0.139412 0.043517 38.570300 51.595071 -0.000012 -0.275499 -0.250273 0.370911 -0.000000 0.000000 -0.000000 -0.232716 -0.461183 0.053609 -0.000001 -38.791356 0.000007 0.125668 -0.265692 -0.313595 -0.000000 0.000000 -0.000000 0.130146 -0.534334 -0.668620 -12.382659 0.000001 -9.258735 -0.113330 -0.268834 -0.313595 -0.000000 0.000000 -0.000000 -0.095191 -0.015211 -0.747160 -0.000001 -0.000001 -0.000000 
0.000000 -0.210014 0.052218 9.577158 0.000000 -0.000000 0.000000 -0.000000 -0.000000 -0.000001 0.000000 -0.000001 0.108498 0.010680 -0.004987 -51.910513 3.233828 -2.754348 0.042686 -0.033397 -0.412863 36.706249 4.702672 2.347132 0.051757 0.026022 -0.434841 -6.906977 -5.816532 -8.145475 0.014582 -0.140203 -0.041002 -0.000002 0.000001 0.000000 0.000000 0.031892 0.087417 -0.000003 0.000000 -0.000000 0.000000 -0.000295 0.129738 -0.000000 0.000000 -0.000000 0.000000 0.021603 0.135532 0.000003 0.000000 -0.000000 0.022776 -0.072500 0.132876 0.000001 0.000000 -0.000000 0.163716 0.004516 -0.030142 29.330304 23.861013 -1.254537 0.165715 0.002195 -0.189845 17.766840 8.169188 -9.106849 0.134640 -0.191983 -0.128679 -20.422447 16.986858 7.569700 0.001147 -0.048713 -0.006655 -0.000001 -0.000000 0.000003 0.011701 -0.029588 -0.016302 -0.000004 -0.000002 0.000000 0.018464 -0.075698 -0.024375 -0.000002 0.000004 0.000000 0.000000 -0.061697 0.207353 -0.000002 0.000000 -0.000000 0.000000 -0.018035 0.048318 -0.000003 0.000000 -0.000000 0.000000 -0.018035 0.048318 -0.000002 0.000000 -0.000000 -0.022776 -0.072500 0.132876 0.000001 -0.000000 0.000000 -0.163716 0.004516 -0.030142 -0.522852 -27.323214 8.756569 -0.165715 0.002195 -0.189845 5.220011 -5.584096 6.860060 -0.134640 -0.191983 -0.128679 -14.431765 -3.399414 -9.908349 -0.011509 -0.048713 0.001674 -0.000002 0.000000 0.000000 -0.011701 -0.029588 -0.016302 -0.000001 0.000003 -0.000001 -0.018463 -0.075698 -0.024375 -0.000004 0.000003 -0.000000 -0.000000 -0.000000 -0.000000 -0.000001 -0.000000 0.000001 -0.108498 0.010680 -0.004987 -8.950229 -6.381049 1.215893 -0.042813 -0.034513 -0.413943 27.175482 -2.238431 -2.406865 -0.057838 0.011271 -0.433514 -28.096943 7.245561 2.043135 -0.014582 -0.140202 -0.044665 -0.000002 0.000001 -0.000000 0.352207 -0.331174 0.370911 -0.000000 0.000000 -0.000000 0.253490 -0.139412 0.043517 38.570300 51.595071 -0.000012 -0.275499 -0.250273 0.370911 -0.000000 0.000000 -0.000000 -0.232716 -0.461183 0.053609 -0.000001 -38.791356 0.000007 0.125668 -0.265692 -0.313595 -0.000000 0.000000 -0.000000 0.130146 -0.534334 -0.668620 -12.382659 0.000001 -9.258735 -0.113330 -0.268834 -0.313595 -0.000000 0.000000 -0.000000 -0.095191 -0.015211 -0.747160 -0.000001 -0.000001 -0.000000 
0.000000 -0.210014 0.052218 9.577158 0.000000 -0.000000 0.000000 -0.000000 -0.000000 -0.000001 0.000000 -0.000001 0.108498 0.010680 -0.004987 -51.910513 3.233828 -2.754348 0.042686 -0.033397 -0.412863 36.706249 4.702672 2.347132 0.051757 0.026022 -0.434841 -6.906977 -5.816532 -8.145475 0.014582 -0.140203 -0.041002 -0.000002 0.000001 0.000000 0.000000 0.031892 0.087417 -0.000003 0.000000 -0.000000 0.000000 -0.000295 0.129738 -0.000000 0.000000 -0.000000 0.000000 0.021603 0.135532 0.000003 0.000000 -0.000000 0.022776 -0.072500 0.132876 0.000001 0.000000 -0.000000 0.163716 0.004516 -0.030142 29.330304 23.861013 -1.254537 0.165715 0.002195 -0.189845 17.766840 8.169188 -9.106849 0.134640 -0.191983 -0.128679 -20.422447 16.986858 7.569700 0.001147 -0.048713 -0.006655 -0.000001 -0.000000 0.000003 0.011701 -0.029588 -0.016302 -0.000004 -0.000002 0.000000 0.018464 -0.075698 -0.024375 -0.000002 0.000004 0.000000 0.000000 -0.061697 0.207353 -0.000002 0.000000 -0.000000 0.000000 -0.018035 0.048318 -0.000003 0.000000 -0.000000 0.000000 -0.018035 0.048318 -0.000002 0.000000 -0.000000 -0.022776 -0.072500 0.132876 0.000001 -0.000000 0.000000 -0.163716 0.004516 -0.030142 -0.522852 -27.323214 8.756569 -0.165715 0.002195 -0.189845 5.220011 -5.584096 6.860060 -0.134640 -0.191983 -0.128679 -14.431765 -3.399414 -9.908349 -0.011509 -0.048713 0.001674 -0.000002 0.000000 0.000000 -0.011701 -0.029588 -0.016302 -0.000001 0.000003 -0.000001 -0.018463 -0.075698 -0.024375 -0.000004 0.000003 -0.000000 -0.000000 -0.000000 -0.000000 -0.000001 -0.000000 0.000001 -0.108498 0.010680 -0.004987 -8.950229 -6.381049 1.215893 -0.042813 -0.034513 -0.413943 27.175482 -2.238431 -2.406865 -0.057838 0.011271 -0.433514 -28.096943 7.245561 2.043135 -0.014582 -0.140202 -0.044665 -0.000002 0.000001 -0.000000 0.352207 -0.331174 0.370911 -0.000000 0.000000 -0.000000 0.253490 -0.139412 0.043517 38.570300 51.595071 -0.000012 -0.275499 -0.250273 0.370911 -0.000000 0.000000 -0.000000 -0.232716 -0.461183 0.053609 -0.000001 -38.791356 0.000007 0.125668 -0.265692 -0.313595 -0.000000 0.000000 -0.000000 0.130146 -0.534334 -0.668620 -12.382659 0.000001 -9.258735 -0.113330 -0.268834 -0.313595 -0.000000 0.000000 -0.000000 -0.095191 -0.015211 -0.747160 -0.000001 -0.000001 -0.000000 
0.000000 -0.210014 0.052218 9.577158 0.000000 -0.000000 0.000000 -0.000000 -0.000000 -0.000001 0.000000 -0.000001 0.108498 0.010680 -0.004987 -51.910513 3.233828 -2.754348 0.042686 -0.033397 -0.412863 36.706249 4.702672 2.347132 0.051757 0.026022 -0.434841 -6.906977 -5.816532 -8.145475 0.014582 -0.140203 -0.041002 -0.000002 0.000001 0.000000 0.000000 0.031892 0.087417 -0.000003 0.000000 -0.000000 0.000000 -0.000295 0.129738 -0.000000 0.000000 -0.000000 0.000000 0.021603 0.135532 0.000003 0.000000 -0.000000 0.022776 -0.072500 0.132876 0.000001 0.000000 -0.000000 0.163716 0.004516 -0.030142 29.330304 23.861013 -1.254537 0.165715 0.002195 -0.189845 17.766840 8.169188 -9.106849 0.134640 -0.191983 -0.128679 -20.422447 16.986858 7.569700 0.001147 -0.048713 -0.006655 -0.000001 -0.000000 0.000003 0.011701 -0.029588 -0.016302 -0.000004 -0.000002 0.000000 0.018464 -0.075698 -0.024375 -0.000002 0.000004 0.000000 0.000000 -0.061697 0.207353 -0.000002 0.000000 -0.000000 0.000000 -0.018035 0.048318 -0.000003 0.000000 -0.000000 0.000000 -0.018035 0.048318 -0.000002 0.000000 -0.000000 -0.022776 -0.072500 0.132876 0.000001 -0.000000 0.000000 -0.163716 0.004516 -0.030142 -0.522852 -27.323214 8.756569 -0.165715 0.002195 -0.189845 5.220011 -5.584096 6.860060 -0.134640 -0.191983 -0.128679 -14.431765 -3.399414 -9.908349 -0.011509 -0.048713 0.001674 -0.000002 0.000000 0.000000 -0.011701 -0.029588 -0.016302 -0.000001 0.000003 -0.000001 -0.018463 -0.075698 -0.024375 -0.000004 0.000003 -0.000000 -0.000000 -0.000000 -0.000000 -0.000001 -0.000000 0.000001 -0.108498 0.010680 -0.004987 -8.950229 -6.381049 1.215893 -0.042813 -0.034513 -0.413943 27.175482 -2.238431 -2.406865 -0.057838 0.011271 -0.433514 -28.096943 7.245561 2.043135 -0.014582 -0.140202 -0.044665 -0.000002 0.000001 -0.000000 0.352207 -0.331174 0.370911 -0.000000 0.000000 -0.000000 0.253490 -0.139412 0.043517 38.570300 51.595071 -0.000012 -0.275499 -0.250273 0.370911 -0.000000 0.000000 -0.000000 -0.232716 -0.461183 0.053609 -0.000001 -38.791356 0.000007 0.125668 -0.265692 -0.313595 -0.000000 0.000000 -0.000000 0.130146 -0.534334 -0.668620 -12.382659 0.000001 -9.258735 -0.113330 -0.268834 -0.313595 -0.000000 0.000000 -0.000000 -0.095191 -0.015211 -0.747160 -0.000001 -0.000001 -0.000000 
0.000000 -0.210014 0.052218 9.577158 0.000000 -0.000000 0.000000 -0.000000 -0.000000 -0.000001 0.000000 -0.000001 0.108498 0.010680 -0.004987 -51.910513 3.233828 -2.754348 0.042686 -0.033397 -0.412863 36.706249 4.702672 2.347132 0.051757 0.026022 -0.434841 -6.906977 -5.816532 -8.145475 0.014582 -0.140203 -0.041002 -0.000002 0.000001 0.000000 0.000000 0.031892 0.087417 -0.000003 0.000000 -0.000000 0.000000 -0.000295 0.129738 -0.000000 0.000000 -0.000000 0.000000 0.021603 0.135532 0.000003 0.000000 -0.000000 0.022776 -0.072500 0.132876 0.000001 0.000000 -0.000000 0.163716 0.004516 -0.030142 29.330304 23.861013 -1.254537 0.165715 0.002195 -0.189845 17.766840 8.169188 -9.106849 0.134640 -0.191983 -0.128679 -20.422447 16.986858 7.569700 0.001147 -0.048713 -0.006655 -0.000001 -0.000000 0.000003 0.011701 -0.029588 -0.016302 -0.000004 -0.000002 0.000000 0.018464 -0.075698 -0.024375 -0.000002 0.000004 0.000000 0.000000 -0.061697 0.207353 -0.000002 0.000000 -0.000000 0.000000 -0.018035 0.048318 -0.000003 0.000000 -0.000000 0.000000 -0.018035 0.048318 -0.000002 0.000000 -0.000000 -0.022776 -0.072500 0.132876 0.000001 -0.000000 0.000000 -0.163716 0.004516 -0.030142 -0.522852 -27.323214 8.756569 -0.165715 0.002195 -0.189845 5.220011 -5.584096 6.860060 -0.134640 -0.191983 -0.128679 -14.431765 -3.399414 -9.908349 -0.011509 -0.048713 0.001674 -0.000002 0.000000 0.000000 -0.011701 -0.029588 -0.016302 -0.000001 0.000003 -0.000001 -0.018463 -0.075698 -0.024375 -0.000004 0.000003 -0.000000 -0.000000 -0.000000 -0.000000 -0.000001 -0.000000 0.000001 -0.108498 0.010680 -0.004987 -8.950229 -6.381049 1.215893 -0.042813 -0.034513 -0.413943 27.175482 -2.238431 -2.406865 -0.057838 0.011271 -0.433514 -28.096943 7.245561 2.043135 -0.014582 -0.140202 -0.044665 -0.000002 0.000001 -0.000000 0.352207 -0.331174 0.370911 -0.000000 0.000000 -0.000000 0.253490 -0.139412 0.043517 38.570300 51.595071 -0.000012 -0.275499 -0.250273 0.370911 -0.000000 0.000000 -0.000000 -0.232716 -0.461183 0.053609 -0.000001 -38.791356 0.000007 0.125668 -0.265692 -0.313595 -0.000000 0.000000 -0.000000 0.130146 -0.534334 -0.668620 -12.382659 0.000001 -9.258735 -0.113330 -0.268834 -0.313595 -0.000000 0.000000 -0.000000 -0.095191 -0.015211 -0.747160 -0.000001 -0.000001 -0.000000 
0.000000 -0.210014 0.052218 9.577158 0.000000 -0.000000 0.000000 -0.000000 -0.000000 -0.000001 0.000000 -0.000001 0.108498 0.010680 -0.004987 -51.910513 3.233828 -2.754348 0.042686 -0.033397 -0.412863 36.706249 4.702672 2.347132 0.051757 0.026022 -0.434841 -6.906977 -5.816532 -8.145475 0.014582 -0.140203 -0.041002 -0.000002 0.000001 0.000000 0.000000 0.031892 0.087417 -0.000003 0.000000 -0.000000 0.000000 -0.000295 0.129738 -0.000000 0.000000 -0.000000 0.000000 0.021603 0.135532 0.000003 0.000000 -0.000000 0.022776 -0.072500 0.132876 0.000001 0.000000 -0.000000 0.163716 0.004516 -0.030142 29.330304 23.861013 -1.254537 0.165715 0.002195 -0.189845 17.766840 8.169188 -9.106849 0.134640 -0.191983 -0.128679 -20.422447 16.986858 7.569700 0.001147 -0.048713 -0.006655 -0.000001 -0.000000 0.000003 0.011701 -0.029588 -0.016302 -0.000004 -0.000002 0.000000 0.018464 -0.075698 -0.024375 -0.000002 0.000004 0.000000 0.000000 -0.061697 0.207353 -0.000002 0.000000 -0.000000 0.000000 -0.018035 0.048318 -0.000003 0.000000 -0.000000 0.000000 -0.018035 0.048318 -0.000002 0.000000 -0.000000 -0.022776 -0.072500 0.132876 0.000001 -0.000000 0.000000 -0.163716 0.004516 -0.030142 -0.522852 -27.323214 8.756569 -0.165715 0.002195 -0.189845 5.220011 -5.584096 6.860060 -0.134640 -0.191983 -0.128679 -14.431765 -3.399414 -9.908349 -0.011509 -0.048713 0.001674 -0.000002 0.000000 0.000000 -0.011701 -0.029588 -0.016302 -0.000001 0.000003 -0.000001 -0.018463 -0.075698 -0.024375 -0.000004 0.000003 -0.000000 -0.000000 -0.000000 -0.000000 -0.000001 -0.000000 0.000001 -0.108498 0.010680 -0.004987 -8.950229 -6.381049 1.215893 -0.042813 -0.034513 -0.413943 27.175482 -2.238431 -2.406865 -0.057838 0.011271 -0.433514 -28.096943 7.245561 2.043135 -0.014582 -0.140202 -0.044665 -0.000002 0.000001 -0.000000 0.352207 -0.331174 0.370911 -0.000000 0.000000 -0.000000 0.253490 -0.139412 0.043517 38.570300 51.595071 -0.000012 -0.275499 -0.250273 0.370911 -0.000000 0.000000 -0.000000 -0.232716 -0.461183 0.053609 -0.000001 -38.791356 0.000007 0.125668 -0.265692 -0.313595 -0.000000 0.000000 -0.000000 0.130146 -0.534334 -0.668620 -12.382659 0.000001 -9.258735 -0.113330 -0.268834 -0.313595 -0.000000 0.000000 -0.000000 -0.095191 -0.015211 -0.747160 -0.000001 -0.000001 -0.000000 
0.000000 -0.210014 0.052218 9.577158 0.000000 -0.000000 0.000000 -0.000000 -0.000000 -0.000001 0.000000 -0.000001 0.108498 0.010680 -0.004987 -51.910513 3.233828 -2.754348 0.042686 -0.033397 -0.412863 36.706249 4.702672 2.347132 0.051757 0.026022 -0.434841 -6.906977 -5.816532 -8.145475 0.014582 -0.140203 -0.041002 -0.000002 0.000001 0.000000 0.000000 0.031892 0.087417 -0.000003 0.000000 -0.000000 0.000000 -0.000295 0.129738 -0.000000 0.000000 -0.000000 0.000000 0.021603 0.135532 0.000003 0.000000 -0.000000 0.022776 -0.072500 0.132876 0.000001 0.000000 -0.000000 0.163716 0.004516 -0.030142 29.330304 23.861013 -1.254537 0.165715 0.002195 -0.189845 17.766840 8.169188 -9.106849 0.134640 -0.191983 -0.128679 -20.422447 16.986858 7.569700 0.001147 -0.048713 -0.006655 -0.000001 -0.000000 0.000003 0.011701 -0.029588 -0.016302 -0.000004 -0.000002 0.000000 0.018464 -0.075698 -0.024375 -0.000002 0.000004 0.000000 0.000000 -0.061697 0.207353 -0.000002 0.000000 -0.000000 0.000000 -0.018035 0.048318 -0.000003 0.000000 -0.000000 0.000000 -0.018035 0.048318 -0.000002 0.000000 -0.000000 -0.022776 -0.072500 0.132876 0.000001 -0.000000 0.000000 -0.163716 0.004516 -0.030142 -0.522852 -27.323214 8.756569 -0.165715 0.002195 -0.189845 5.220011 -5.584096 6.860060 -0.134640 -0.191983 -0.128679 -14.431765 -3.399414 -9.908349 -0.011509 -0.048713 0.001674 -0.000002 0.000000 0.000000 -0.011701 -0.029588 -0.016302 -0.000001 0.000003 -0.000001 -0.018463 -0.075698 -0.024375 -0.000004 0.000003 -0.000000 -0.000000 -0.000000 -0.000000 -0.000001 -0.000000 0.000001 -0.108498 0.010680 -0.004987 -8.950229 -6.381049 1.215893 -0.042813 -0.034513 -0.413943 27.175482 -2.238431 -2.406865 -0.057838 0.011271 -0.433514 -28.096943 7.245561 2.043135 -0.014582 -0.140202 -0.044665 -0.000002 0.000001 -0.000000 0.352207 -0.331174 0.370911 -0.000000 0.000000 -0.000000 0.253490 -0.139412 0.043517 38.570300 51.595071 -0.000012 -0.275499 -0.250273 0.370911 -0.000000 0.000000 -0.000000 -0.232716 -0.461183 0.053609 -0.000001 -38.791356 0.000007 0.125668 -0.265692 -0.313595 -0.000000 0.000000 -0.000000 0.130146 -0.534334 -0.668620 -12.382659 0.000001 -9.258735 -0.113330 -0.268834 -0.313595 -0.000000 0.000000 -0.000000 -0.095191 -0.015211 -0.747160 -0.000001 -0.000001 -0.000000 
0.000000 -0.210014 0.052218 9.577158 0.000000 -0.000000 0.000000 -0.000000 -0.000000 -0.000001 0.000000 -0.000001 0.108498 0.010680 -0.004987 -51.910513 3.233828 -2.754348 0.042686 -0.033397 -0.412863 36.706249 4.702672 2.347132 0.051757 0.026022 -0.434841 -6.906977 -5.816532 -8.145475 0.014582 -0.140203 -0.041002 -0.000002 0.000001 0.000000 0.000000 0.031892 0.087417 -0.000003 0.000000 -0.000000 0.000000 -0.000295 0.129738 -0.000000 0.000000 -0.000000 0.000000 0.021603 0.135532 0.000003 0.000000 -0.000000 0.022776 -0.072500 0.132876 0.000001 0.000000 -0.000000 0.163716 0.004516 -0.030142 29.330304 23.861013 -1.254537 0.165715 0.002195 -0.189845 17.766840 8.169188 -9.106849 0.134640 -0.191983 -0.128679 -20.422447 16.986858 7.569700 0.001147 -0.048713 -0.006655 -0.000001 -0.000000 0.000003 0.011701 -0.029588 -0.016302 -0.000004 -0.000002 0.000000 0.018464 -0.075698 -0.024375 -0.000002 0.000004 0.000000 0.000000 -0.061697 0.207353 -0.000002 0.000000 -0.000000 0.000000 -0.018035 0.048318 -0.000003 0.000000 -0.000000 0.000000 -0.018035 0.048318 -0.000002 0.000000 -0.000000 -0.022776 -0.072500 0.132876 0.000001 -0.000000 0.000000 -0.163716 0.004516 -0.030142 -0.522852 -27.323214 8.756569 -0.165715 0.002195 -0.189845 5.220011 -5.584096 6.860060 -0.134640 -0.191983 -0.128679 -14.431765 -3.399414 -9.908349 -0.011509 -0.048713 0.001674 -0.000002 0.000000 0.000000 -0.011701 -0.029588 -0.016302 -0.000001 0.000003 -0.000001 -0.018463 -0.075698 -0.024375 -0.000004 0.000003 -0.000000 -0.000000 -0.000000 -0.000000 -0.000001 -0.000000 0.000001 -0.108498 0.010680 -0.004987 -8.950229 -6.381049 1.215893 -0.042813 -0.034513 -0.413943 27.175482 -2.238431 -2.406865 -0.057838 0.011271 -0.433514 -28.096943 7.245561 2.043135 -0.014582 -0.140202 -0.044665 -0.000002 0.000001 -0.000000 0.352207 -0.331174 0.370911 -0.000000 0.000000 -0.000000 0.253490 -0.139412 0.043517 38.570300 51.595071 -0.000012 -0.275499 -0.250273 0.370911 -0.000000 0.000000 -0.000000 -0.232716 -0.461183 0.053609 -0.000001 -38.791356 0.000007 0.125668 -0.265692 -0.313595 -0.000000 0.000000 -0.000000 0.130146 -0.534334 -0.668620 -12.382659 0.000001 -9.258735 -0.113330 -0.268834 -0.313595 -0.000000 0.000000 -0.000000 -0.095191 -0.015211 -0.747160 -0.000001 -0.000001 -0.000000 
0.000000 -0.210014 0.052218 9.577158 0.000000 -0.000000 0.000000 -0.000000 -0.000000 -0.000001 0.000000 -0.000001 0.108498 0.010680 -0.004987 -51.910513 3.233828 -2.754348 0.042686 -0.033397 -0.412863 36.706249 4.702672 2.347132 0.051757 0.026022 -0.434841 -6.906977 -5.816532 -8.145475 0.014582 -0.140203 -0.041002 -0.000002 0.000001 0.000000 0.000000 0.031892 0.087417 -0.000003 0.000000 -0.000000 0.000000 -0.000295 0.129738 -0.000000 0.000000 -0.000000 0.000000 0.021603 0.135532 0.000003 0.000000 -0.000000 0.022776 -0.072500 0.132876 0.000001 0.000000 -0.000000 0.163716 0.004516 -0.030142 29.330304 23.861013 -1.254537 0.165715 0.002195 -0.189845 17.766840 8.169188 -9.106849 0.134640 -0.191983 -0.128679 -20.422447 16.986858 7.569700 0.001147 -0.048713 -0.006655 -0.000001 -0.000000 0.000003 0.011701 -0.029588 -0.016302 -0.000004 -0.000002 0.000000 0.018464 -0.075698 -0.024375 -0.000002 0.000004 0.000000 0.000000 -0.061697 0.207353 -0.000002 0.000000 -0.000000 0.000000 -0.018035 0.048318 -0.000003 0.000000 -0.000000 0.000000 -0.018035 0.048318 -0.000002 0.000000 -0.000000 -0.022776 -0.072500 0.132876 0.000001 -0.000000 0.000000 -0.163716 0.004516 -0.030142 -0.522852 -27.323214 8.756569 -0.165715 0.002195 -0.189845 5.220011 -5.584096 6.860060 -0.134640 -0.191983 -0.128679 -14.431765 -3.399414 -9.908349 -0.011509 -0.048713 0.001674 -0.000002 0.000000 0.000000 -0.011701 -0.029588 -0.016302 -0.000001 0.000003 -0.000001 -0.018463 -0.075698 -0.024375 -0.000004 0.000003 -0.000000 -0.000000 -0.000000 -0.000000 -0.000001 -0.000000 0.000001 -0.108498 0.010680 -0.004987 -8.950229 -6.381049 1.215893 -0.042813 -0.034513 -0.413943 27.175482 -2.238431 -2.406865 -0.057838 0.011271 -0.433514 -28.096943 7.245561 2.043135 -0.014582 -0.140202 -0.044665 -0.000002 0.000001 -0.000000 0.352207 -0.331174 0.370911 -0.000000 0.000000 -0.000000 0.253490 -0.139412 0.043517 38.570300 51.595071 -0.000012 -0.275499 -0.250273 0.370911 -0.000000 0.000000 -0.000000 -0.232716 -0.461183 0.053609 -0.000001 -38.791356 0.000007 0.125668 -0.265692 -0.313595 -0.000000 0.000000 -0.000000 0.130146 -0.534334 -0.668620 -12.382659 0.000001 -9.258735 -0.113330 -0.268834 -0.313595 -0.000000 0.000000 -0.000000 -0.095191 -0.015211 -0.747160 -0.000001 -0.000001 -0.000000 
0.000000 -0.210014 0.052218 9.577158 0.000000 -0.000000 0.000000 -0.000000 -0.000000 -0.000001 0.000000 -0.000001 0.108498 0.010680 -0.004987 -51.910513 3.233828 -2.754348 0.042686 -0.033397 -0.412863 36.706249 4.702672 2.347132 0.051757 0.026022 -0.434841 -6.906977 -5.816532 -8.145475 0.014582 -0.140203 -0.041002 -0.000002 0.000001 0.000000 0.000000 0.031892 0.087417 -0.000003 0.000000 -0.000000 0.000000 -0.000295 0.129738 -0.000000 0.000000 -0.000000 0.000000 0.021603 0.135532 0.000003 0.000000 -0.000000 0.022776 -0.072500 0.132876 0.000001 0.000000 -0.000000 0.163716 0.004516 -0.030142 29.330304 23.861013 -1.254537 0.165715 0.002195 -0.189845 17.766840 8.169188 -9.106849 0.134640 -0.191983 -0.128679 -20.422447 16.986858 7.569700 0.001147 -0.048713 -0.006655 -0.000001 -0.000000 0.000003 0.011701 -0.029588 -0.016302 -0.000004 -0.000002 0.000000 0.018464 -0.075698 -0.024375 -0.000002 0.000004 0.000000 0.000000 -0.061697 0.207353 -0.000002 0.000000 -0.000000 0.000000 -0.018035 0.048318 -0.000003 0.000000 -0.000000 0.000000 -0.018035 0.048318 -0.000002 0.000000 -0.000000 -0.022776 -0.072500 0.132876 0.000001 -0.000000 0.000000 -0.163716 0.004516 -0.030142 -0.522852 -27.323214 8.756569 -0.165715 0.002195 -0.189845 5.220011 -5.584096 6.860060 -0.134640 -0.191983 -0.128679 -14.431765 -3.399414 -9.908349 -0.011509 -0.048713 0.001674 -0.000002 0.000000 0.000000 -0.011701 -0.029588 -0.016302 -0.000001 0.000003 -0.000001 -0.018463 -0.075698 -0.024375 -0.000004 0.000003 -0.000000 -0.000000 -0.000000 -0.000000 -0.000001 -0.000000 0.000001 -0.108498 0.010680 -0.004987 -8.950229 -6.381049 1.215893 -0.042813 -0.034513 -0.413943 27.175482 -2.238431 -2.406865 -0.057838 0.011271 -0.433514 -28.096943 7.245561 2.043135 -0.014582 -0.140202 -0.044665 -0.000002 0.000001 -0.000000 0.352207 -0.331174 0.370911 -0.000000 0.000000 -0.000000 0.253490 -0.139412 0.043517 38.570300 51.595071 -0.000012 -0.275499 -0.250273 0.370911 -0.000000 0.000000 -0.000000 -0.232716 -0.461183 0.053609 -0.000001 -38.791356 0.000007 0.125668 -0.265692 -0.313595 -0.000000 0.000000 -0.000000 0.130146 -0.534334 -0.668620 -12.382659 0.000001 -9.258735 -0.113330 -0.268834 -0.313595 -0.000000 0.000000 -0.000000 -0.095191 -0.015211 -0.747160 -0.000001 -0.000001 -0.000000 
0.000000 -0.210014 0.052218 9.577158 0.000000 -0.000000 0.000000 -0.000000 -0.000000 -0.000001 0.000000 -0.000001 0.108498 0.010680 -0.004987 -51.910513 3.233828 -2.754348 0.042686 -0.033397 -0.412863 36.706249 4.702672 2.347132 0.051757 0.026022 -0.434841 -6.906977 -5.816532 -8.145475 0.014582 -0.140203 -0.041002 -0.000002 0.000001 0.000000 0.000000 0.031892 0.087417 -0.000003 0.000000 -0.000000 0.000000 -0.000295 0.129738 -0.000000 0.000000 -0.000000 0.000000 0.021603 0.135532 0.000003 0.000000 -0.000000 0.022776 -0.072500 0.132876 0.000001 0.000000 -0.000000 0.163716 0.004516 -0.030142 29.330304 23.861013 -1.254537 0.165715 0.002195 -0.189845 17.766840 8.169188 -9.106849 0.134640 -0.191983 -0.128679 -20.422447 16.986858 7.569700 0.001147 -0.048713 -0.006655 -0.000001 -0.000000 0.000003 0.011701 -0.029588 -0.016302 -0.000004 -0.000002 0.000000 0.018464 -0.075698 -0.024375 -0.000002 0.000004 0.000000 0.000000 -0.061697 0.207353 -0.000002 0.000000 -0.000000 0.000000 -0.018035 0.048318 -0.000003 0.000000 -0.000000 0.000000 -0.018035 0.048318 -0.000002 0.000000 -0.000000 -0.022776 -0.072500 0.132876 0.000001 -0.000000 0.000000 -0.163716 0.004516 -0.030142 -0.522852 -27.323214 8.756569 -0.165715 0.002195 -0.189845 5.220011 -5.584096 6.860060 -0.134640 -0.191983 -0.128679 -14.431765 -3.399414 -9.908349 -0.011509 -0.048713 0.001674 -0.000002 0.000000 0.000000 -0.011701 -0.029588 -0.016302 -0.000001 0.000003 -0.000001 -0.018463 -0.075698 -0.024375 -0.000004 0.000003 -0.000000 -0.000000 -0.000000 -0.000000 -0.000001 -0.000000 0.000001 -0.108498 0.010680 -0.004987 -8.950229 -6.381049 1.215893 -0.042813 -0.034513 -0.413943 27.175482 -2.238431 -2.406865 -0.057838 0.011271 -0.433514 -28.096943 7.245561 2.043135 -0.014582 -0.140202 -0.044665 -0.000002 0.000001 -0.000000 0.352207 -0.331174 0.370911 -0.000000 0.000000 -0.000000 0.253490 -0.139412 0.043517 38.570300 51.595071 -0.000012 -0.275499 -0.250273 0.370911 -0.000000 0.000000 -0.000000 -0.232716 -0.461183 0.053609 -0.000001 -38.791356 0.000007 0.125668 -0.265692 -0.313595 -0.000000 0.000000 -0.000000 0.130146 -0.534334 -0.668620 -12.382659 0.000001 -9.258735 -0.113330 -0.268834 -0.313595 -0.000000 0.000000 -0.000000 -0.095191 -0.015211 -0.747160 -0.000001 -0.000001 -0.000000 
0.000000 -0.210014 0.052218 9.577158 0.000000 -0.000000 0.000000 -0.000000 -0.000000 -0.000001 0.000000 -0.000001 0.108498 0.010680 -0.004987 -51.910513 3.233828 -2.754348 0.042686 -0.033397 -0.412863 36.706249 4.702672 2.347132 0.051757 0.026022 -0.434841 -6.906977 -5.816532 -8.145475 0.014582 -0.140203 -0.041002 -0.000002 0.000001 0.000000 0.000000 0.031892 0.087417 -0.000003 0.000000 -0.000000 0.000000 -0.000295 0.129738 -0.000000 0.000000 -0.000000 0.000000 0.021603 0.135532 0.000003 0.000000 -0.000000 0.022776 -0.072500 0.132876 0.000001 0.000000 -0.000000 0.163716 0.004516 -0.030142 29.330304 23.861013 -1.254537 0.165715 0.002195 -0.189845 17.766840 8.169188 -9.106849 0.134640 -0.191983 -0.128679 -20.422447 16.986858 7.569700 0.001147 -0.048713 -0.006655 -0.000001 -0.000000 0.000003 0.011701 -0.029588 -0.016302 -0.000004 -0.000002 0.000000 0.018464 -0.075698 -0.024375 -0.000002 0.000004 0.000000 0.000000 -0.061697 0.207353 -0.000002 0.000000 -0.000000 0.000000 -0.018035 0.048318 -0.000003 0.000000 -0.000000 0.000000 -0.018035 0.048318 -0.000002 0.000000 -0.000000 -0.022776 -0.072500 0.132876 0.000001 -0.000000 0.000000 -0.163716 0.004516 -0.030142 -0.522852 -27.323214 8.756569 -0.165715 0.002195 -0.189845 5.220011 -5.584096 6.860060 -0.134640 -0.191983 -0.128679 -14.431765 -3.399414 -9.908349 -0.011509 -0.048713 0.001674 -0.000002 0.000000 0.000000 -0.011701 -0.029588 -0.016302 -0.000001 0.000003 -0.000001 -0.018463 -0.075698 -0.024375 -0.000004 0.000003 -0.000000 -0.000000 -0.000000 -0.000000 -0.000001 -0.000000 0.000001 -0.108498 0.010680 -0.004987 -8.950229 -6.381049 1.215893 -0.042813 -0.034513 -0.413943 27.175482 -2.238431 -2.406865 -0.057838 0.011271 -0.433514 -28.096943 7.245561 2.043135 -0.014582 -0.140202 -0.044665 -0.000002 0.000001 -0.000000 0.352207 -0.331174 0.370911 -0.000000 0.000000 -0.000000 0.253490 -0.139412 0.043517 38.570300 51.595071 -0.000012 -0.275499 -0.250273 0.370911 -0.000000 0.000000 -0.000000 -0.232716 -0.461183 0.053609 -0.000001 -38.791356 0.000007 0.125668 -0.265692 -0.313595 -0.000000 0.000000 -0.000000 0.130146 -0.534334 -0.668620 -12.382659 0.000001 -9.258735 -0.113330 -0.268834 -0.313595 -0.000000 0.000000 -0.000000 -0.095191 -0.015211 -0.747160 -0.000001 -0.000001 -0.000000 
0.000000 -0.210014 0.052218 9.577158 0.000000 -0.000000 0.000000 -0.000000 -0.000000 -0.000001 0.000000 -0.000001 0.108498 0.010680 -0.004987 -51.910513 3.233828 -2.754348 0.042686 -0.033397 -0.412863 36.706249 4.702672 2.347132 0.051757 0.026022 -0.434841 -6.906977 -5.816532 -8.145475 0.014582 -0.140203 -0.041002 -0.000002 0.000001 0.000000 0.000000 0.031892 0.087417 -0.000003 0.000000 -0.000000 0.000000 -0.000295 0.129738 -0.000000 0.000000 -0.000000 0.000000 0.021603 0.135532 0.000003 0.000000 -0.000000 0.022776 -0.072500 0.132876 0.000001 0.000000 -0.000000 0.163716 0.004516 -0.030142 29.330304 23.861013 -1.254537 0.165715 0.002195 -0.189845 17.766840 8.169188 -9.106849 0.134640 -0.191983 -0.128679 -20.422447 16.986858 7.569700 0.001147 -0.048713 -0.006655 -0.000001 -0.000000 0.000003 0.011701 -0.029588 -0.016302 -0.000004 -0.000002 0.000000 0.018464 -0.075698 -0.024375 -0.000002 0.000004 0.000000 0.000000 -0.061697 0.207353 -0.000002 0.000000 -0.000000 0.000000 -0.018035 0.048318 -0.000003 0.000000 -0.000000 0.000000 -0.018035 0.048318 -0.000002 0.000000 -0.000000 -0.022776 -0.072500 0.132876 0.000001 -0.000000 0.000000 -0.163716 0.004516 -0.030142 -0.522852 -27.323214 8.756569 -0.165715 0.002195 -0.189845 5.220011 -5.584096 6.860060 -0.134640 -0.191983 -0.128679 -14.431765 -3.399414 -9.908349 -0.011509 -0.048713 0.001674 -0.000002 0.000000 0.000000 -0.011701 -0.029588 -0.016302 -0.000001 0.000003 -0.000001 -0.018463 -0.075698 -0.024375 -0.000004 0.000003 -0.000000 -0.000000 -0.000000 -0.000000 -0.000001 -0.000000 0.000001 -0.108498 0.010680 -0.004987 -8.950229 -6.381049 1.215893 -0.042813 -0.034513 -0.413943 27.175482 -2.238431 -2.406865 -0.057838 0.011271 -0.433514 -28.096943 7.245561 2.043135 -0.014582 -0.140202 -0.044665 -0.000002 0.000001 -0.000000 0.352207 -0.331174 0.370911 -0.000000 0.000000 -0.000000 0.253490 -0.139412 0.043517 38.570300 51.595071 -0.000012 -0.275499 -0.250273 0.370911 -0.000000 0.000000 -0.000000 -0.232716 -0.461183 0.053609 -0.000001 -38.791356 0.000007 0.125668 -0.265692 -0.313595 -0.000000 0.000000 -0.000000 0.130146 -0.534334 -0.668620 -12.382659 0.000001 -9.258735 -0.113330 -0.268834 -0.313595 -0.000000 0.000000 -0.000000 -0.095191 -0.015211 -0.747160 -0.000001 -0.000001 -0.000000 
0.000000 -0.210014 0.052218 9.577158 0.000000 -0.000000 0.000000 -0.000000 -0.000000 -0.000001 0.000000 -0.000001 0.108498 0.010680 -0.004987 -51.910513 3.233828 -2.754348 0.042686 -0.033397 -0.412863 36.706249 4.702672 2.347132 0.051757 0.026022 -0.434841 -6.906977 -5.816532 -8.145475 0.014582 -0.140203 -0.041002 -0.000002 0.000001 0.000000 0.000000 0.031892 0.087417 -0.000003 0.000000 -0.000000 0.000000 -0.000295 0.129738 -0.000000 0.000000 -0.000000 0.000000 0.021603 0.135532 0.000003 0.000000 -0.000000 0.022776 -0.072500 0.132876 0.000001 0.000000 -0.000000 0.163716 0.004516 -0.030142 29.330304 23.861013 -1.254537 0.165715 0.002195 -0.189845 17.766840 8.169188 -9.106849 0.134640 -0.191983 -0.128679 -20.422447 16.986858 7.569700 0.001147 -0.048713 -0.006655 -0.000001 -0.000000 0.000003 0.011701 -0.029588 -0.016302 -0.000004 -0.000002 0.000000 0.018464 -0.075698 -0.024375 -0.000002 0.000004 0.000000 0.000000 -0.061697 0.207353 -0.000002 0.000000 -0.000000 0.000000 -0.018035 0.048318 -0.000003 0.000000 -0.000000 0.000000 -0.018035 0.048318 -0.000002 0.000000 -0.000000 -0.022776 -0.072500 0.132876 0.000001 -0.000000 0.000000 -0.163716 0.004516 -0.030142 -0.522852 -27.323214 8.756569 -0.165715 0.002195 -0.189845 5.220011 -5.584096 6.860060 -0.134640 -0.191983 -0.128679 -14.431765 -3.399414 -9.908349 -0.011509 -0.048713 0.001674 -0.000002 0.000000 0.000000 -0.011701 -0.029588 -0.016302 -0.000001 0.000003 -0.000001 -0.018463 -0.075698 -0.024375 -0.000004 0.000003 -0.000000 -0.000000 -0.000000 -0.000000 -0.000001 -0.000000 0.000001 -0.108498 0.010680 -0.004987 -8.950229 -6.381049 1.215893 -0.042813 -0.034513 -0.413943 27.175482 -2.238431 -2.406865 -0.057838 0.011271 -0.433514 -28.096943 7.245561 2.043135 -0.014582 -0.140202 -0.044665 -0.000002 0.000001 -0.000000 0.352207 -0.331174 0.370911 -0.000000 0.000000 -0.000000 0.253490 -0.139412 0.043517 38.570300 51.595071 -0.000012 -0.275499 -0.250273 0.370911 -0.000000 0.000000 -0.000000 -0.232716 -0.461183 0.053609 -0.000001 -38.791356 0.000007 0.125668 -0.265692 -0.313595 -0.000000 0.000000 -0.000000 0.130146 -0.534334 -0.668620 -12.382659 0.000001 -9.258735 -0.113330 -0.268834 -0.313595 -0.000000 0.000000 -0.000000 -0.095191 -0.015211 -0.747160 -0.000001 -0.000001 -0.000000 
0.000000 -0.210014 0.052218 9.577158 0.000000 -0.000000 0.000000 -0.000000 -0.000000 -0.000001 0.000000 -0.000001 0.108498 0.010680 -0.004987 -51.910513 3.233828 -2.754348 0.042686 -0.033397 -0.412863 36.706249 4.702672 2.347132 0.051757 0.026022 -0.434841 -6.906977 -5.816532 -8.145475 0.014582 -0.140203 -0.041002 -0.000002 0.000001 0.000000 0.000000 0.031892 0.087417 -0.000003 0.000000 -0.000000 0.000000 -0.000295 0.129738 -0.000000 0.000000 -0.000000 0.000000 0.021603 0.135532 0.000003 0.000000 -0.000000 0.022776 -0.072500 0.132876 0.000001 0.000000 -0.000000 0.163716 0.004516 -0.030142 29.330304 23.861013 -1.254537 0.165715 0.002195 -0.189845 17.766840 8.169188 -9.106849 0.134640 -0.191983 -0.128679 -20.422447 16.986858 7.569700 0.001147 -0.048713 -0.006655 -0.000001 -0.000000 0.000003 0.011701 -0.029588 -0.016302 -0.000004 -0.000002 0.000000 0.018464 -0.075698 -0.024375 -0.000002 0.000004 0.000000 0.000000 -0.061697 0.207353 -0.000002 0.000000 -0.000000 0.000000 -0.018035 0.048318 -0.000003 0.000000 -0.000000 0.000000 -0.018035 0.048318 -0.000002 0.000000 -0.000000 -0.022776 -0.072500 0.132876 0.000001 -0.000000 0.000000 -0.163716 0.004516 -0.030142 -0.522852 -27.323214 8.756569 -0.165715 0.002195 -0.189845 5.220011 -5.584096 6.860060 -0.134640 -0.191983 -0.128679 -14.431765 -3.399414 -9.908349 -0.011509 -0.048713 0.001674 -0.000002 0.000000 0.000000 -0.011701 -0.029588 -0.016302 -0.000001 0.000003 -0.000001 -0.018463 -0.075698 -0.024375 -0.000004 0.000003 -0.000000 -0.000000 -0.000000 -0.000000 -0.000001 -0.000000 0.000001 -0.108498 0.010680 -0.004987 -8.950229 -6.381049 1.215893 -0.042813 -0.034513 -0.413943 27.175482 -2.238431 -2.406865 -0.057838 0.011271 -0.433514 -28.096943 7.245561 2.043135 -0.014582 -0.140202 -0.044665 -0.000002 0.000001 -0.000000 0.352207 -0.331174 0.370911 -0.000000 0.000000 -0.000000 0.253490 -0.139412 0.043517 38.570300 51.595071 -0.000012 -0.275499 -0.250273 0.370911 -0.000000 0.000000 -0.000000 -0.232716 -0.461183 0.053609 -0.000001 -38.791356 0.000007 0.125668 -0.265692 -0.313595 -0.000000 0.000000 -0.000000 0.130146 -0.534334 -0.668620 -12.382659 0.000001 -9.258735 -0.113330 -0.268834 -0.313595 -0.000000 0.000000 -0.000000 -0.095191 -0.015211 -0.747160 -0.000001 -0.000001 -0.000000 
0.000000 -0.210014 0.052218 9.577158 0.000000 -0.000000 0.000000 -0.000000 -0.000000 -0.000001 0.000000 -0.000001 0.108498 0.010680 -0.004987 -51.910513 3.233828 -2.754348 0.042686 -0.033397 -0.412863 36.706249 4.702672 2.347132 0.051757 0.026022 -0.434841 -6.906977 -5.816532 -8.145475 0.014582 -0.140203 -0.041002 -0.000002 0.000001 0.000000 0.000000 0.031892 0.087417 -0.000003 0.000000 -0.000000 0.000000 -0.000295 0.129738 -0.000000 0.000000 -0.000000 0.000000 0.021603 0.135532 0.000003 0.000000 -0.000000 0.022776 -0.072500 0.132876 0.000001 0.000000 -0.000000 0.163716 0.004516 -0.030142 29.330304 23.861013 -1.254537 0.165715 0.002195 -0.189845 17.766840 8.169188 -9.106849 0.134640 -0.191983 -0.128679 -20.422447 16.986858 7.569700 0.001147 -0.048713 -0.006655 -0.000001 -0.000000 0.000003 0.011701 -0.029588 -0.016302 -0.000004 -0.000002 0.000000 0.018464 -0.075698 -0.024375 -0.000002 0.000004 0.000000 0.000000 -0.061697 0.207353 -0.000002 0.000000 -0.000000 0.000000 -0.018035 0.048318 -0.000003 0.000000 -0.000000 0.000000 -0.018035 0.048318 -0.000002 0.000000 -0.000000 -0.022776 -0.072500 0.132876 0.000001 -0.000000 0.000000 -0.163716 0.004516 -0.030142 -0.522852 -27.323214 8.756569 -0.165715 0.002195 -0.189845 5.220011 -5.584096 6.860060 -0.134640 -0.191983 -0.128679 -14.431765 -3.399414 -9.908349 -0.011509 -0.048713 0.001674 -0.000002 0.000000 0.000000 -0.011701 -0.029588 -0.016302 -0.000001 0.000003 -0.000001 -0.018463 -0.075698 -0.024375 -0.000004 0.000003 -0.000000 -0.000000 -0.000000 -0.000000 -0.000001 -0.000000 0.000001 -0.108498 0.010680 -0.004987 -8.950229 -6.381049 1.215893 -0.042813 -0.034513 -0.413943 27.175482 -2.238431 -2.406865 -0.057838 0.011271 -0.433514 -28.096943 7.245561 2.043135 -0.014582 -0.140202 -0.044665 -0.000002 0.000001 -0.000000 0.352207 -0.331174 0.370911 -0.000000 0.000000 -0.000000 0.253490 -0.139412 0.043517 38.570300 51.595071 -0.000012 -0.275499 -0.250273 0.370911 -0.000000 0.000000 -0.000000 -0.232716 -0.461183 0.053609 -0.000001 -38.791356 0.000007 0.125668 -0.265692 -0.313595 -0.000000 0.000000 -0.000000 0.130146 -0.534334 -0.668620 -12.382659 0.000001 -9.258735 -0.113330 -0.268834 -0.313595 -0.000000 0.000000 -0.000000 -0.095191 -0.015211 -0.747160 -0.000001 -0.000001 -0.000000 
0.000000 -0.210014 0.052218 9.577158 0.000000 -0.000000 0.000000 -0.000000 -0.000000 -0.000001 0.000000 -0.000001 0.108498 0.010680 -0.004987 -51.910513 3.233828 -2.754348 0.042686 -0.033397 -0.412863 36.706249 4.702672 2.347132 0.051757 0.026022 -0.434841 -6.906977 -5.816532 -8.145475 0.014582 -0.140203 -0.041002 -0.000002 0.000001 0.000000 0.000000 0.031892 0.087417 -0.000003 0.000000 -0.000000 0.000000 -0.000295 0.129738 -0.000000 0.000000 -0.000000 0.000000 0.021603 0.135532 0.000003 0.000000 -0.000000 0.022776 -0.072500 0.132876 0.000001 0.000000 -0.000000 0.163716 0.004516 -0.030142 29.330304 23.861013 -1.254537 0.165715 0.002195 -0.189845 17.766840 8.169188 -9.106849 0.134640 -0.191983 -0.128679 -20.422447 16.986858 7.569700 0.001147 -0.048713 -0.006655 -0.000001 -0.000000 0.000003 0.011701 -0.029588 -0.016302 -0.000004 -0.000002 0.000000 0.018464 -0.075698 -0.024375 -0.000002 0.000004 0.000000 0.000000 -0.061697 0.207353 -0.000002 0.000000 -0.000000 0.000000 -0.018035 0.048318 -0.000003 0.000000 -0.000000 0.000000 -0.018035 0.048318 -0.000002 0.000000 -0.000000 -0.022776 -0.072500 0.132876 0.000001 -0.000000 0.000000 -0.163716 0.004516 -0.030142 -0.522852 -27.323214 8.756569 -0.165715 0.002195 -0.189845 5.220011 -5.584096 6.860060 -0.134640 -0.191983 -0.128679 -14.431765 -3.399414 -9.908349 -0.011509 -0.048713 0.001674 -0.000002 0.000000 0.000000 -0.011701 -0.029588 -0.016302 -0.000001 0.000003 -0.000001 -0.018463 -0.075698 -0.024375 -0.000004 0.000003 -0.000000 -0.000000 -0.000000 -0.000000 -0.000001 -0.000000 0.000001 -0.108498 0.010680 -0.004987 -8.950229 -6.381049 1.215893 -0.042813 -0.034513 -0.413943 27.175482 -2.238431 -2.406865 -0.057838 0.011271 -0.433514 -28.096943 7.245561 2.043135 -0.014582 -0.140202 -0.044665 -0.000002 0.000001 -0.000000 0.352207 -0.331174 0.370911 -0.000000 0.000000 -0.000000 0.253490 -0.139412 0.043517 38.570300 51.595071 -0.000012 -0.275499 -0.250273 0.370911 -0.000000 0.000000 -0.000000 -0.232716 -0.461183 0.053609 -0.000001 -38.791356 0.000007 0.125668 -0.265692 -0.313595 -0.000000 0.000000 -0.000000 0.130146 -0.534334 -0.668620 -12.382659 0.000001 -9.258735 -0.113330 -0.268834 -0.313595 -0.000000 0.000000 -0.000000 -0.095191 -0.015211 -0.747160 -0.000001 -0.000001 -0.000000 
0.000000 -0.210014 0.052218 9.577158 0.000000 -0.000000 0.000000 -0.000000 -0.000000 -0.000001 0.000000 -0.000001 0.108498 0.010680 -0.004987 -51.910513 3.233828 -2.754348 0.042686 -0.033397 -0.412863 36.706249 4.702672 2.347132 0.051757 0.026022 -0.434841 -6.906977 -5.816532 -8.145475 0.014582 -0.140203 -0.041002 -0.000002 0.000001 0.000000 0.000000 0.031892 0.087417 -0.000003 0.000000 -0.000000 0.000000 -0.000295 0.129738 -0.000000 0.000000 -0.000000 0.000000 0.021603 0.135532 0.000003 0.000000 -0.000000 0.022776 -0.072500 0.132876 0.000001 0.000000 -0.000000 0.163716 0.004516 -0.030142 29.330304 23.861013 -1.254537 0.165715 0.002195 -0.189845 17.766840 8.169188 -9.106849 0.134640 -0.191983 -0.128679 -20.422447 16.986858 7.569700 0.001147 -0.048713 -0.006655 -0.000001 -0.000000 0.000003 0.011701 -0.029588 -0.016302 -0.000004 -0.000002 0.000000 0.018464 -0.075698 -0.024375 -0.000002 0.000004 0.000000 0.000000 -0.061697 0.207353 -0.000002 0.000000 -0.000000 0.000000 -0.018035 0.048318 -0.000003 0.000000 -0.000000 0.000000 -0.018035 0.048318 -0.000002 0.000000 -0.000000 -0.022776 -0.072500 0.132876 0.000001 -0.000000 0.000000 -0.163716 0.004516 -0.030142 -0.522852 -27.323214 8.756569 -0.165715 0.002195 -0.189845 5.220011 -5.584096 6.860060 -0.134640 -0.191983 -0.128679 -14.431765 -3.399414 -9.908349 -0.011509 -0.048713 0.001674 -0.000002 0.000000 0.000000 -0.011701 -0.029588 -0.016302 -0.000001 0.000003 -0.000001 -0.018463 -0.075698 -0.024375 -0.000004 0.000003 -0.000000 -0.000000 -0.000000 -0.000000 -0.000001 -0.000000 0.000001 -0.108498 0.010680 -0.004987 -8.950229 -6.381049 1.215893 -0.042813 -0.034513 -0.413943 27.175482 -2.238431 -2.406865 -0.057838 0.011271 -0.433514 -28.096943 7.245561 2.043135 -0.014582 -0.140202 -0.044665 -0.000002 0.000001 -0.000000 0.352207 -0.331174 0.370911 -0.000000 0.000000 -0.000000 0.253490 -0.139412 0.043517 38.570300 51.595071 -0.000012 -0.275499 -0.250273 0.370911 -0.000000 0.000000 -0.000000 -0.232716 -0.461183 0.053609 -0.000001 -38.791356 0.000007 0.125668 -0.265692 -0.313595 -0.000000 0.000000 -0.000000 0.130146 -0.534334 -0.668620 -12.382659 0.000001 -9.258735 -0.113330 -0.268834 -0.313595 -0.000000 0.000000 -0.000000 -0.095191 -0.015211 -0.747160 -0.000001 -0.000001 -0.000000 
0.000000 -0.210014 0.052218 9.577158 0.000000 -0.000000 0.000000 -0.000000 -0.000000 -0.000001 0.000000 -0.000001 0.108498 0.010680 -0.004987 -51.910513 3.233828 -2.754348 0.042686 -0.033397 -0.412863 36.706249 4.702672 2.347132 0.051757 0.026022 -0.434841 -6.906977 -5.816532 -8.145475 0.014582 -0.140203 -0.041002 -0.000002 0.000001 0.000000 0.000000 0.031892 0.087417 -0.000003 0.000000 -0.000000 0.000000 -0.000295 0.129738 -0.000000 0.000000 -0.000000 0.000000 0.021603 0.135532 0.000003 0.000000 -0.000000 0.022776 -0.072500 0.132876 0.000001 0.000000 -0.000000 0.163716 0.004516 -0.030142 29.330304 23.861013 -1.254537 0.165715 0.002195 -0.189845 17.766840 8.169188 -9.106849 0.134640 -0.191983 -0.128679 -20.422447 16.986858 7.569700 0.001147 -0.048713 -0.006655 -0.000001 -0.000000 0.000003 0.011701 -0.029588 -0.016302 -0.000004 -0.000002 0.000000 0.018464 -0.075698 -0.024375 -0.000002 0.000004 0.000000 0.000000 -0.061697 0.207353 -0.000002 0.000000 -0.000000 0.000000 -0.018035 0.048318 -0.000003 0.000000 -0.000000 0.000000 -0.018035 0.048318 -0.000002 0.000000 -0.000000 -0.022776 -0.072500 0.132876 0.000001 -0.000000 0.000000 -0.163716 0.004516 -0.030142 -0.522852 -27.323214 8.756569 -0.165715 0.002195 -0.189845 5.220011 -5.584096 6.860060 -0.134640 -0.191983 -0.128679 -14.431765 -3.399414 -9.908349 -0.011509 -0.048713 0.001674 -0.000002 0.000000 0.000000 -0.011701 -0.029588 -0.016302 -0.000001 0.000003 -0.000001 -0.018463 -0.075698 -0.024375 -0.000004 0.000003 -0.000000 -0.000000 -0.000000 -0.000000 -0.000001 -0.000000 0.000001 -0.108498 0.010680 -0.004987 -8.950229 -6.381049 1.215893 -0.042813 -0.034513 -0.413943 27.175482 -2.238431 -2.406865 -0.057838 0.011271 -0.433514 -28.096943 7.245561 2.043135 -0.014582 -0.140202 -0.044665 -0.000002 0.000001 -0.000000 0.352207 -0.331174 0.370911 -0.000000 0.000000 -0.000000 0.253490 -0.139412 0.043517 38.570300 51.595071 -0.000012 -0.275499 -0.250273 0.370911 -0.000000 0.000000 -0.000000 -0.232716 -0.461183 0.053609 -0.000001 -38.791356 0.000007 0.125668 -0.265692 -0.313595 -0.000000 0.000000 -0.000000 0.130146 -0.534334 -0.668620 -12.382659 0.000001 -9.258735 -0.113330 -0.268834 -0.313595 -0.000000 0.000000 -0.000000 -0.095191 -0.015211 -0.747160 -0.000001 -0.000001 -0.000000 
0.000000 -0.210014 0.052218 9.577158 0.000000 -0.000000 0.000000 -0.000000 -0.000000 -0.000001 0.000000 -0.000001 0.108498 0.010680 -0.004987 -51.910513 3.233828 -2.754348 0.042686 -0.033397 -0.412863 36.706249 4.702672 2.347132 0.051757 0.026022 -0.434841 -6.906977 -5.816532 -8.145475 0.014582 -0.140203 -0.041002 -0.000002 0.000001 0.000000 0.000000 0.031892 0.087417 -0.000003 0.000000 -0.000000 0.000000 -0.000295 0.129738 -0.000000 0.000000 -0.000000 0.000000 0.021603 0.135532 0.000003 0.000000 -0.000000 0.022776 -0.072500 0.132876 0.000001 0.000000 -0.000000 0.163716 0.004516 -0.030142 29.330304 23.861013 -1.254537 0.165715 0.002195 -0.189845 17.766840 8.169188 -9.106849 0.134640 -0.191983 -0.128679 -20.422447 16.986858 7.569700 0.001147 -0.048713 -0.006655 -0.000001 -0.000000 0.000003 0.011701 -0.029588 -0.016302 -0.000004 -0.000002 0.000000 0.018464 -0.075698 -0.024375 -0.000002 0.000004 0.000000 0.000000 -0.061697 0.207353 -0.000002 0.000000 -0.000000 0.000000 -0.018035 0.048318 -0.000003 0.000000 -0.000000 0.000000 -0.018035 0.048318 -0.000002 0.000000 -0.000000 -0.022776 -0.072500 0.132876 0.000001 -0.000000 0.000000 -0.163716 0.004516 -0.030142 -0.522852 -27.323214 8.756569 -0.165715 0.002195 -0.189845 5.220011 -5.584096 6.860060 -0.134640 -0.191983 -0.128679 -14.431765 -3.399414 -9.908349 -0.011509 -0.048713 0.001674 -0.000002 0.000000 0.000000 -0.011701 -0.029588 -0.016302 -0.000001 0.000003 -0.000001 -0.018463 -0.075698 -0.024375 -0.000004 0.000003 -0.000000 -0.000000 -0.000000 -0.000000 -0.000001 -0.000000 0.000001 -0.108498 0.010680 -0.004987 -8.950229 -6.381049 1.215893 -0.042813 -0.034513 -0.413943 27.175482 -2.238431 -2.406865 -0.057838 0.011271 -0.433514 -28.096943 7.245561 2.043135 -0.014582 -0.140202 -0.044665 -0.000002 0.000001 -0.000000 0.352207 -0.331174 0.370911 -0.000000 0.000000 -0.000000 0.253490 -0.139412 0.043517 38.570300 51.595071 -0.000012 -0.275499 -0.250273 0.370911 -0.000000 0.000000 -0.000000 -0.232716 -0.461183 0.053609 -0.000001 -38.791356 0.000007 0.125668 -0.265692 -0.313595 -0.000000 0.000000 -0.000000 0.130146 -0.534334 -0.668620 -12.382659 0.000001 -9.258735 -0.113330 -0.268834 -0.313595 -0.000000 0.000000 -0.000000 -0.095191 -0.015211 -0.747160 -0.000001 -0.000001 -0.000000 
0.000000 -0.210014 0.052218 9.577158 0.000000 -0.000000 0.000000 -0.000000 -0.000000 -0.000001 0.000000 -0.000001 0.108498 0.010680 -0.004987 -51.910513 3.233828 -2.754348 0.042686 -0.033397 -0.412863 36.706249 4.702672 2.347132 0.051757 0.026022 -0.434841 -6.906977 -5.816532 -8.145475 0.014582 -0.140203 -0.041002 -0.000002 0.000001 0.000000 0.000000 0.031892 0.087417 -0.000003 0.000000 -0.000000 0.000000 -0.000295 0.129738 -0.000000 0.000000 -0.000000 0.000000 0.021603 0.135532 0.000003 0.000000 -0.000000 0.022776 -0.072500 0.132876 0.000001 0.000000 -0.000000 0.163716 0.004516 -0.030142 29.330304 23.861013 -1.254537 0.165715 0.002195 -0.189845 17.766840 8.169188 -9.106849 0.134640 -0.191983 -0.128679 -20.422447 16.986858 7.569700 0.001147 -0.048713 -0.006655 -0.000001 -0.000000 0.000003 0.011701 -0.029588 -0.016302 -0.000004 -0.000002 0.000000 0.018464 -0.075698 -0.024375 -0.000002 0.000004 0.000000 0.000000 -0.061697 0.207353 -0.000002 0.000000 -0.000000 0.000000 -0.018035 0.048318 -0.000003 0.000000 -0.000000 0.000000 -0.018035 0.048318 -0.000002 0.000000 -0.000000 -0.022776 -0.072500 0.132876 0.000001 -0.000000 0.000000 -0.163716 0.004516 -0.030142 -0.522852 -27.323214 8.756569 -0.165715 0.002195 -0.189845 5.220011 -5.584096 6.860060 -0.134640 -0.191983 -0.128679 -14.431765 -3.399414 -9.908349 -0.011509 -0.048713 0.001674 -0.000002 0.000000 0.000000 -0.011701 -0.029588 -0.016302 -0.000001 0.000003 -0.000001 -0.018463 -0.075698 -0.024375 -0.000004 0.000003 -0.000000 -0.000000 -0.000000 -0.000000 -0.000001 -0.000000 0.000001 -0.108498 0.010680 -0.004987 -8.950229 -6.381049 1.215893 -0.042813 -0.034513 -0.413943 27.175482 -2.238431 -2.406865 -0.057838 0.011271 -0.433514 -28.096943 7.245561 2.043135 -0.014582 -0.140202 -0.044665 -0.000002 0.000001 -0.000000 0.352207 -0.331174 0.370911 -0.000000 0.000000 -0.000000 0.253490 -0.139412 0.043517 38.570300 51.595071 -0.000012 -0.275499 -0.250273 0.370911 -0.000000 0.000000 -0.000000 -0.232716 -0.461183 0.053609 -0.000001 -38.791356 0.000007 0.125668 -0.265692 -0.313595 -0.000000 0.000000 -0.000000 0.130146 -0.534334 -0.668620 -12.382659 0.000001 -9.258735 -0.113330 -0.268834 -0.313595 -0.000000 0.000000 -0.000000 -0.095191 -0.015211 -0.747160 -0.000001 -0.000001 -0.000000 
0.000000 -0.210014 0.052218 9.577158 0.000000 -0.000000 0.000000 -0.000000 -0.000000 -0.000001 0.000000 -0.000001 0.108498 0.010680 -0.004987 -51.910513 3.233828 -2.754348 0.042686 -0.033397 -0.412863 36.706249 4.702672 2.347132 0.051757 0.026022 -0.434841 -6.906977 -5.816532 -8.145475 0.014582 -0.140203 -0.041002 -0.000002 0.000001 0.000000 0.000000 0.031892 0.087417 -0.000003 0.000000 -0.000000 0.000000 -0.000295 0.129738 -0.000000 0.000000 -0.000000 0.000000 0.021603 0.135532 0.000003 0.000000 -0.000000 0.022776 -0.072500 0.132876 0.000001 0.000000 -0.000000 0.163716 0.004516 -0.030142 29.330304 23.861013 -1.254537 0.165715 0.002195 -0.189845 17.766840 8.169188 -9.106849 0.134640 -0.191983 -0.128679 -20.422447 16.986858 7.569700 0.001147 -0.048713 -0.006655 -0.000001 -0.000000 0.000003 0.011701 -0.029588 -0.016302 -0.000004 -0.000002 0.000000 0.018464 -0.075698 -0.024375 -0.000002 0.000004 0.000000 0.000000 -0.061697 0.207353 -0.000002 0.000000 -0.000000 0.000000 -0.018035 0.048318 -0.000003 0.000000 -0.000000 0.000000 -0.018035 0.048318 -0.000002 0.000000 -0.000000 -0.022776 -0.072500 0.132876 0.000001 -0.000000 0.000000 -0.163716 0.004516 -0.030142 -0.522852 -27.323214 8.756569 -0.165715 0.002195 -0.189845 5.220011 -5.584096 6.860060 -0.134640 -0.191983 -0.128679 -14.431765 -3.399414 -9.908349 -0.011509 -0.048713 0.001674 -0.000002 0.000000 0.000000 -0.011701 -0.029588 -0.016302 -0.000001 0.000003 -0.000001 -0.018463 -0.075698 -0.024375 -0.000004 0.000003 -0.000000 -0.000000 -0.000000 -0.000000 -0.000001 -0.000000 0.000001 -0.108498 0.010680 -0.004987 -8.950229 -6.381049 1.215893 -0.042813 -0.034513 -0.413943 27.175482 -2.238431 -2.406865 -0.057838 0.011271 -0.433514 -28.096943 7.245561 2.043135 -0.014582 -0.140202 -0.044665 -0.000002 0.000001 -0.000000 0.352207 -0.331174 0.370911 -0.000000 0.000000 -0.000000 0.253490 -0.139412 0.043517 38.570300 51.595071 -0.000012 -0.275499 -0.250273 0.370911 -0.000000 0.000000 -0.000000 -0.232716 -0.461183 0.053609 -0.000001 -38.791356 0.000007 0.125668 -0.265692 -0.313595 -0.000000 0.000000 -0.000000 0.130146 -0.534334 -0.668620 -12.382659 0.000001 -9.258735 -0.113330 -0.268834 -0.313595 -0.000000 0.000000 -0.000000 -0.095191 -0.015211 -0.747160 -0.000001 -0.000001 -0.000000 
0.000000 -0.210014 0.052218 9.577158 0.000000 -0.000000 0.000000 -0.000000 -0.000000 -0.000001 0.000000 -0.000001 0.108498 0.010680 -0.004987 -51.910513 3.233828 -2.754348 0.042686 -0.033397 -0.412863 36.706249 4.702672 2.347132 0.051757 0.026022 -0.434841 -6.906977 -5.816532 -8.145475 0.014582 -0.140203 -0.041002 -0.000002 0.000001 0.000000 0.000000 0.031892 0.087417 -0.000003 0.000000 -0.000000 0.000000 -0.000295 0.129738 -0.000000 0.000000 -0.000000 0.000000 0.021603 0.135532 0.000003 0.000000 -0.000000 0.022776 -0.072500 0.132876 0.000001 0.000000 -0.000000 0.163716 0.004516 -0.030142 29.330304 23.861013 -1.254537 0.165715 0.002195 -0.189845 17.766840 8.169188 -9.106849 0.134640 -0.191983 -0.128679 -20.422447 16.986858 7.569700 0.001147 -0.048713 -0.006655 -0.000001 -0.000000 0.000003 0.011701 -0.029588 -0.016302 -0.000004 -0.000002 0.000000 0.018464 -0.075698 -0.024375 -0.000002 0.000004 0.000000 0.000000 -0.061697 0.207353 -0.000002 0.000000 -0.000000 0.000000 -0.018035 0.048318 -0.000003 0.000000 -0.000000 0.000000 -0.018035 0.048318 -0.000002 0.000000 -0.000000 -0.022776 -0.072500 0.132876 0.000001 -0.000000 0.000000 -0.163716 0.004516 -0.030142 -0.522852 -27.323214 8.756569 -0.165715 0.002195 -0.189845 5.220011 -5.584096 6.860060 -0.134640 -0.191983 -0.128679 -14.431765 -3.399414 -9.908349 -0.011509 -0.048713 0.001674 -0.000002 0.000000 0.000000 -0.011701 -0.029588 -0.016302 -0.000001 0.000003 -0.000001 -0.018463 -0.075698 -0.024375 -0.000004 0.000003 -0.000000 -0.000000 -0.000000 -0.000000 -0.000001 -0.000000 0.000001 -0.108498 0.010680 -0.004987 -8.950229 -6.381049 1.215893 -0.042813 -0.034513 -0.413943 27.175482 -2.238431 -2.406865 -0.057838 0.011271 -0.433514 -28.096943 7.245561 2.043135 -0.014582 -0.140202 -0.044665 -0.000002 0.000001 -0.000000 0.352207 -0.331174 0.370911 -0.000000 0.000000 -0.000000 0.253490 -0.139412 0.043517 38.570300 51.595071 -0.000012 -0.275499 -0.250273 0.370911 -0.000000 0.000000 -0.000000 -0.232716 -0.461183 0.053609 -0.000001 -38.791356 0.000007 0.125668 -0.265692 -0.313595 -0.000000 0.000000 -0.000000 0.130146 -0.534334 -0.668620 -12.382659 0.000001 -9.258735 -0.113330 -0.268834 -0.313595 -0.000000 0.000000 -0.000000 -0.095191 -0.015211 -0.747160 -0.000001 -0.000001 -0.000000 
0.000000 -0.210014 0.052218 9.577158 0.000000 -0.000000 0.000000 -0.000000 -0.000000 -0.000001 0.000000 -0.000001 0.108498 0.010680 -0.004987 -51.910513 3.233828 -2.754348 0.042686 -0.033397 -0.412863 36.706249 4.702672 2.347132 0.051757 0.026022 -0.434841 -6.906977 -5.816532 -8.145475 0.014582 -0.140203 -0.041002 -0.000002 0.000001 0.000000 0.000000 0.031892 0.087417 -0.000003 0.000000 -0.000000 0.000000 -0.000295 0.129738 -0.000000 0.000000 -0.000000 0.000000 0.021603 0.135532 0.000003 0.000000 -0.000000 0.022776 -0.072500 0.132876 0.000001 0.000000 -0.000000 0.163716 0.004516 -0.030142 29.330304 23.861013 -1.254537 0.165715 0.002195 -0.189845 17.766840 8.169188 -9.106849 0.134640 -0.191983 -0.128679 -20.422447 16.986858 7.569700 0.001147 -0.048713 -0.006655 -0.000001 -0.000000 0.000003 0.011701 -0.029588 -0.016302 -0.000004 -0.000002 0.000000 0.018464 -0.075698 -0.024375 -0.000002 0.000004 0.000000 0.000000 -0.061697 0.207353 -0.000002 0.000000 -0.000000 0.000000 -0.018035 0.048318 -0.000003 0.000000 -0.000000 0.000000 -0.018035 0.048318 -0.000002 0.000000 -0.000000 -0.022776 -0.072500 0.132876 0.000001 -0.000000 0.000000 -0.163716 0.004516 -0.030142 -0.522852 -27.323214 8.756569 -0.165715 0.002195 -0.189845 5.220011 -5.584096 6.860060 -0.134640 -0.191983 -0.128679 -14.431765 -3.399414 -9.908349 -0.011509 -0.048713 0.001674 -0.000002 0.000000 0.000000 -0.011701 -0.029588 -0.016302 -0.000001 0.000003 -0.000001 -0.018463 -0.075698 -0.024375 -0.000004 0.000003 -0.000000 -0.000000 -0.000000 -0.000000 -0.000001 -0.000000 0.000001 -0.108498 0.010680 -0.004987 -8.950229 -6.381049 1.215893 -0.042813 -0.034513 -0.413943 27.175482 -2.238431 -2.406865 -0.057838 0.011271 -0.433514 -28.096943 7.245561 2.043135 -0.014582 -0.140202 -0.044665 -0.000002 0.000001 -0.000000 0.352207 -0.331174 0.370911 -0.000000 0.000000 -0.000000 0.253490 -0.139412 0.043517 38.570300 51.595071 -0.000012 -0.275499 -0.250273 0.370911 -0.000000 0.000000 -0.000000 -0.232716 -0.461183 0.053609 -0.000001 -38.791356 0.000007 0.125668 -0.265692 -0.313595 -0.000000 0.000000 -0.000000 0.130146 -0.534334 -0.668620 -12.382659 0.000001 -9.258735 -0.113330 -0.268834 -0.313595 -0.000000 0.000000 -0.000000 -0.095191 -0.015211 -0.747160 -0.000001 -0.000001 -0.000000 
0.000000 -0.210014 0.052218 9.577158 0.000000 -0.000000 0.000000 -0.000000 -0.000000 -0.000001 0.000000 -0.000001 0.108498 0.010680 -0.004987 -51.910513 3.233828 -2.754348 0.042686 -0.033397 -0.412863 36.706249 4.702672 2.347132 0.051757 0.026022 -0.434841 -6.906977 -5.816532 -8.145475 0.014582 -0.140203 -0.041002 -0.000002 0.000001 0.000000 0.000000 0.031892 0.087417 -0.000003 0.000000 -0.000000 0.000000 -0.000295 0.129738 -0.000000 0.000000 -0.000000 0.000000 0.021603 0.135532 0.000003 0.000000 -0.000000 0.022776 -0.072500 0.132876 0.000001 0.000000 -0.000000 0.163716 0.004516 -0.030142 29.330304 23.861013 -1.254537 0.165715 0.002195 -0.189845 17.766840 8.169188 -9.106849 0.134640 -0.191983 -0.128679 -20.422447 16.986858 7.569700 0.001147 -0.048713 -0.006655 -0.000001 -0.000000 0.000003 0.011701 -0.029588 -0.016302 -0.000004 -0.000002 0.000000 0.018464 -0.075698 -0.024375 -0.000002 0.000004 0.000000 0.000000 -0.061697 0.207353 -0.000002 0.000000 -0.000000 0.000000 -0.018035 0.048318 -0.000003 0.000000 -0.000000 0.000000 -0.018035 0.048318 -0.000002 0.000000 -0.000000 -0.022776 -0.072500 0.132876 0.000001 -0.000000 0.000000 -0.163716 0.004516 -0.030142 -0.522852 -27.323214 8.756569 -0.165715 0.002195 -0.189845 5.220011 -5.584096 6.860060 -0.134640 -0.191983 -0.128679 -14.431765 -3.399414 -9.908349 -0.011509 -0.048713 0.001674 -0.000002 0.000000 0.000000 -0.011701 -0.029588 -0.016302 -0.000001 0.000003 -0.000001 -0.018463 -0.075698 -0.024375 -0.000004 0.000003 -0.000000 -0.000000 -0.000000 -0.000000 -0.000001 -0.000000 0.000001 -0.108498 0.010680 -0.004987 -8.950229 -6.381049 1.215893 -0.042813 -0.034513 -0.413943 27.175482 -2.238431 -2.406865 -0.057838 0.011271 -0.433514 -28.096943 7.245561 2.043135 -0.014582 -0.140202 -0.044665 -0.000002 0.000001 -0.000000 0.352207 -0.331174 0.370911 -0.000000 0.000000 -0.000000 0.253490 -0.139412 0.043517 38.570300 51.595071 -0.000012 -0.275499 -0.250273 0.370911 -0.000000 0.000000 -0.000000 -0.232716 -0.461183 0.053609 -0.000001 -38.791356 0.000007 0.125668 -0.265692 -0.313595 -0.000000 0.000000 -0.000000 0.130146 -0.534334 -0.668620 -12.382659 0.000001 -9.258735 -0.113330 -0.268834 -0.313595 -0.000000 0.000000 -0.000000 -0.095191 -0.015211 -0.747160 -0.000001 -0.000001 -0.000000 
0.000000 -0.210014 0.052218 9.577158 0.000000 -0.000000 0.000000 -0.000000 -0.000000 -0.000001 0.000000 -0.000001 0.108498 0.010680 -0.004987 -51.910513 3.233828 -2.754348 0.042686 -0.033397 -0.412863 36.706249 4.702672 2.347132 0.051757 0.026022 -0.434841 -6.906977 -5.816532 -8.145475 0.014582 -0.140203 -0.041002 -0.000002 0.000001 0.000000 0.000000 0.031892 0.087417 -0.000003 0.000000 -0.000000 0.000000 -0.000295 0.129738 -0.000000 0.000000 -0.000000 0.000000 0.021603 0.135532 0.000003 0.000000 -0.000000 0.022776 -0.072500 0.132876 0.000001 0.000000 -0.000000 0.163716 0.004516 -0.030142 29.330304 23.861013 -1.254537 0.165715 0.002195 -0.189845 17.766840 8.169188 -9.106849 0.134640 -0.191983 -0.128679 -20.422447 16.986858 7.569700 0.001147 -0.048713 -0.006655 -0.000001 -0.000000 0.000003 0.011701 -0.029588 -0.016302 -0.000004 -0.000002 0.000000 0.018464 -0.075698 -0.024375 -0.000002 0.000004 0.000000 0.000000 -0.061697 0.207353 -0.000002 0.000000 -0.000000 0.000000 -0.018035 0.048318 -0.000003 0.000000 -0.000000 0.000000 -0.018035 0.048318 -0.000002 0.000000 -0.000000 -0.022776 -0.072500 0.132876 0.000001 -0.000000 0.000000 -0.163716 0.004516 -0.030142 -0.522852 -27.323214 8.756569 -0.165715 0.002195 -0.189845 5.220011 -5.584096 6.860060 -0.134640 -0.191983 -0.128679 -14.431765 -3.399414 -9.908349 -0.011509 -0.048713 0.001674 -0.000002 0.000000 0.000000 -0.011701 -0.029588 -0.016302 -0.000001 0.000003 -0.000001 -0.018463 -0.075698 -0.024375 -0.000004 0.000003 -0.000000 -0.000000 -0.000000 -0.000000 -0.000001 -0.000000 0.000001 -0.108498 0.010680 -0.004987 -8.950229 -6.381049 1.215893 -0.042813 -0.034513 -0.413943 27.175482 -2.238431 -2.406865 -0.057838 0.011271 -0.433514 -28.096943 7.245561 2.043135 -0.014582 -0.140202 -0.044665 -0.000002 0.000001 -0.000000 0.352207 -0.331174 0.370911 -0.000000 0.000000 -0.000000 0.253490 -0.139412 0.043517 38.570300 51.595071 -0.000012 -0.275499 -0.250273 0.370911 -0.000000 0.000000 -0.000000 -0.232716 -0.461183 0.053609 -0.000001 -38.791356 0.000007 0.125668 -0.265692 -0.313595 -0.000000 0.000000 -0.000000 0.130146 -0.534334 -0.668620 -12.382659 0.000001 -9.258735 -0.113330 -0.268834 -0.313595 -0.000000 0.000000 -0.000000 -0.095191 -0.015211 -0.747160 -0.000001 -0.000001 -0.000000 
0.000000 -0.210014 0.052218 9.577158 0.000000 -0.000000 0.000000 -0.000000 -0.000000 -0.000001 0.000000 -0.000001 0.108498 0.010680 -0.004987 -51.910513 3.233828 -2.754348 0.042686 -0.033397 -0.412863 36.706249 4.702672 2.347132 0.051757 0.026022 -0.434841 -6.906977 -5.816532 -8.145475 0.014582 -0.140203 -0.041002 -0.000002 0.000001 0.000000 0.000000 0.031892 0.087417 -0.000003 0.000000 -0.000000 0.000000 -0.000295 0.129738 -0.000000 0.000000 -0.000000 0.000000 0.021603 0.135532 0.000003 0.000000 -0.000000 0.022776 -0.072500 0.132876 0.000001 0.000000 -0.000000 0.163716 0.004516 -0.030142 29.330304 23.861013 -1.254537 0.165715 0.002195 -0.189845 17.766840 8.169188 -9.106849 0.134640 -0.191983 -0.128679 -20.422447 16.986858 7.569700 0.001147 -0.048713 -0.006655 -0.000001 -0.000000 0.000003 0.011701 -0.029588 -0.016302 -0.000004 -0.000002 0.000000 0.018464 -0.075698 -0.024375 -0.000002 0.000004 0.000000 0.000000 -0.061697 0.207353 -0.000002 0.000000 -0.000000 0.000000 -0.018035 0.048318 -0.000003 0.000000 -0.000000 0.000000 -0.018035 0.048318 -0.000002 0.000000 -0.000000 -0.022776 -0.072500 0.132876 0.000001 -0.000000 0.000000 -0.163716 0.004516 -0.030142 -0.522852 -27.323214 8.756569 -0.165715 0.002195 -0.189845 5.220011 -5.584096 6.860060 -0.134640 -0.191983 -0.128679 -14.431765 -3.399414 -9.908349 -0.011509 -0.048713 0.001674 -0.000002 0.000000 0.000000 -0.011701 -0.029588 -0.016302 -0.000001 0.000003 -0.000001 -0.018463 -0.075698 -0.024375 -0.000004 0.000003 -0.000000 -0.000000 -0.000000 -0.000000 -0.000001 -0.000000 0.000001 -0.108498 0.010680 -0.004987 -8.950229 -6.381049 1.215893 -0.042813 -0.034513 -0.413943 27.175482 -2.238431 -2.406865 -0.057838 0.011271 -0.433514 -28.096943 7.245561 2.043135 -0.014582 -0.140202 -0.044665 -0.000002 0.000001 -0.000000 0.352207 -0.331174 0.370911 -0.000000 0.000000 -0.000000 0.253490 -0.139412 0.043517 38.570300 51.595071 -0.000012 -0.275499 -0.250273 0.370911 -0.000000 0.000000 -0.000000 -0.232716 -0.461183 0.053609 -0.000001 -38.791356 0.000007 0.125668 -0.265692 -0.313595 -0.000000 0.000000 -0.000000 0.130146 -0.534334 -0.668620 -12.382659 0.000001 -9.258735 -0.113330 -0.268834 -0.313595 -0.000000 0.000000 -0.000000 -0.095191 -0.015211 -0.747160 -0.000001 -0.000001 -0.000000 
0.000000 -0.210014 0.052218 9.577158 0.000000 -0.000000 0.000000 -0.000000 -0.000000 -0.000001 0.000000 -0.000001 0.108498 0.010680 -0.004987 -51.910513 3.233828 -2.754348 0.042686 -0.033397 -0.412863 36.706249 4.702672 2.347132 0.051757 0.026022 -0.434841 -6.906977 -5.816532 -8.145475 0.014582 -0.140203 -0.041002 -0.000002 0.000001 0.000000 0.000000 0.031892 0.087417 -0.000003 0.000000 -0.000000 0.000000 -0.000295 0.129738 -0.000000 0.000000 -0.000000 0.000000 0.021603 0.135532 0.000003 0.000000 -0.000000 0.022776 -0.072500 0.132876 0.000001 0.000000 -0.000000 0.163716 0.004516 -0.030142 29.330304 23.861013 -1.254537 0.165715 0.002195 -0.189845 17.766840 8.169188 -9.106849 0.134640 -0.191983 -0.128679 -20.422447 16.986858 7.569700 0.001147 -0.048713 -0.006655 -0.000001 -0.000000 0.000003 0.011701 -0.029588 -0.016302 -0.000004 -0.000002 0.000000 0.018464 -0.075698 -0.024375 -0.000002 0.000004 0.000000 0.000000 -0.061697 0.207353 -0.000002 0.000000 -0.000000 0.000000 -0.018035 0.048318 -0.000003 0.000000 -0.000000 0.000000 -0.018035 0.048318 -0.000002 0.000000 -0.000000 -0.022776 -0.072500 0.132876 0.000001 -0.000000 0.000000 -0.163716 0.004516 -0.030142 -0.522852 -27.323214 8.756569 -0.165715 0.002195 -0.189845 5.220011 -5.584096 6.860060 -0.134640 -0.191983 -0.128679 -14.431765 -3.399414 -9.908349 -0.011509 -0.048713 0.001674 -0.000002 0.000000 0.000000 -0.011701 -0.029588 -0.016302 -0.000001 0.000003 -0.000001 -0.018463 -0.075698 -0.024375 -0.000004 0.000003 -0.000000 -0.000000 -0.000000 -0.000000 -0.000001 -0.000000 0.000001 -0.108498 0.010680 -0.004987 -8.950229 -6.381049 1.215893 -0.042813 -0.034513 -0.413943 27.175482 -2.238431 -2.406865 -0.057838 0.011271 -0.433514 -28.096943 7.245561 2.043135 -0.014582 -0.140202 -0.044665 -0.000002 0.000001 -0.000000 0.352207 -0.331174 0.370911 -0.000000 0.000000 -0.000000 0.253490 -0.139412 0.043517 38.570300 51.595071 -0.000012 -0.275499 -0.250273 0.370911 -0.000000 0.000000 -0.000000 -0.232716 -0.461183 0.053609 -0.000001 -38.791356 0.000007 0.125668 -0.265692 -0.313595 -0.000000 0.000000 -0.000000 0.130146 -0.534334 -0.668620 -12.382659 0.000001 -9.258735 -0.113330 -0.268834 -0.313595 -0.000000 0.000000 -0.000000 -0.095191 -0.015211 -0.747160 -0.000001 -0.000001 -0.000000 
0.000000 -0.210014 0.052218 9.577158 0.000000 -0.000000 0.000000 -0.000000 -0.000000 -0.000001 0.000000 -0.000001 0.108498 0.010680 -0.004987 -51.910513 3.233828 -2.754348 0.042686 -0.033397 -0.412863 36.706249 4.702672 2.347132 0.051757 0.026022 -0.434841 -6.906977 -5.816532 -8.145475 0.014582 -0.140203 -0.041002 -0.000002 0.000001 0.000000 0.000000 0.031892 0.087417 -0.000003 0.000000 -0.000000 0.000000 -0.000295 0.129738 -0.000000 0.000000 -0.000000 0.000000 0.021603 0.135532 0.000003 0.000000 -0.000000 0.022776 -0.072500 0.132876 0.000001 0.000000 -0.000000 0.163716 0.004516 -0.030142 29.330304 23.861013 -1.254537 0.165715 0.002195 -0.189845 17.766840 8.169188 -9.106849 0.134640 -0.191983 -0.128679 -20.422447 16.986858 7.569700 0.001147 -0.048713 -0.006655 -0.000001 -0.000000 0.000003 0.011701 -0.029588 -0.016302 -0.000004 -0.000002 0.000000 0.018464 -0.075698 -0.024375 -0.000002 0.000004 0.000000 0.000000 -0.061697 0.207353 -0.000002 0.000000 -0.000000 0.000000 -0.018035 0.048318 -0.000003 0.000000 -0.000000 0.000000 -0.018035 0.048318 -0.000002 0.000000 -0.000000 -0.022776 -0.072500 0.132876 0.000001 -0.000000 0.000000 -0.163716 0.004516 -0.030142 -0.522852 -27.323214 8.756569 -0.165715 0.002195 -0.189845 5.220011 -5.584096 6.860060 -0.134640 -0.191983 -0.128679 -14.431765 -3.399414 -9.908349 -0.011509 -0.048713 0.001674 -0.000002 0.000000 0.000000 -0.011701 -0.029588 -0.016302 -0.000001 0.000003 -0.000001 -0.018463 -0.075698 -0.024375 -0.000004 0.000003 -0.000000 -0.000000 -0.000000 -0.000000 -0.000001 -0.000000 0.000001 -0.108498 0.010680 -0.004987 -8.950229 -6.381049 1.215893 -0.042813 -0.034513 -0.413943 27.175482 -2.238431 -2.406865 -0.057838 0.011271 -0.433514 -28.096943 7.245561 2.043135 -0.014582 -0.140202 -0.044665 -0.000002 0.000001 -0.000000 0.352207 -0.331174 0.370911 -0.000000 0.000000 -0.000000 0.253490 -0.139412 0.043517 38.570300 51.595071 -0.000012 -0.275499 -0.250273 0.370911 -0.000000 0.000000 -0.000000 -0.232716 -0.461183 0.053609 -0.000001 -38.791356 0.000007 0.125668 -0.265692 -0.313595 -0.000000 0.000000 -0.000000 0.130146 -0.534334 -0.668620 -12.382659 0.000001 -9.258735 -0.113330 -0.268834 -0.313595 -0.000000 0.000000 -0.000000 -0.095191 -0.015211 -0.747160 -0.000001 -0.000001 -0.000000 
0.000000 -0.210014 0.052218 9.577158 0.000000 -0.000000 0.000000 -0.000000 -0.000000 -0.000001 0.000000 -0.000001 0.108498 0.010680 -0.004987 -51.910513 3.233828 -2.754348 0.042686 -0.033397 -0.412863 36.706249 4.702672 2.347132 0.051757 0.026022 -0.434841 -6.906977 -5.816532 -8.145475 0.014582 -0.140203 -0.041002 -0.000002 0.000001 0.000000 0.000000 0.031892 0.087417 -0.000003 0.000000 -0.000000 0.000000 -0.000295 0.129738 -0.000000 0.000000 -0.000000 0.000000 0.021603 0.135532 0.000003 0.000000 -0.000000 0.022776 -0.072500 0.132876 0.000001 0.000000 -0.000000 0.163716 0.004516 -0.030142 29.330304 23.861013 -1.254537 0.165715 0.002195 -0.189845 17.766840 8.169188 -9.106849 0.134640 -0.191983 -0.128679 -20.422447 16.986858 7.569700 0.001147 -0.048713 -0.006655 -0.000001 -0.000000 0.000003 0.011701 -0.029588 -0.016302 -0.000004 -0.000002 0.000000 0.018464 -0.075698 -0.024375 -0.000002 0.000004 0.000000 0.000000 -0.061697 0.207353 -0.000002 0.000000 -0.000000 0.000000 -0.018035 0.048318 -0.000003 0.000000 -0.000000 0.000000 -0.018035 0.048318 -0.000002 0.000000 -0.000000 -0.022776 -0.072500 0.132876 0.000001 -0.000000 0.000000 -0.163716 0.004516 -0.030142 -0.522852 -27.323214 8.756569 -0.165715 0.002195 -0.189845 5.220011 -5.584096 6.860060 -0.134640 -0.191983 -0.128679 -14.431765 -3.399414 -9.908349 -0.011509 -0.048713 0.001674 -0.000002 0.000000 0.000000 -0.011701 -0.029588 -0.016302 -0.000001 0.000003 -0.000001 -0.018463 -0.075698 -0.024375 -0.000004 0.000003 -0.000000 -0.000000 -0.000000 -0.000000 -0.000001 -0.000000 0.000001 -0.108498 0.010680 -0.004987 -8.950229 -6.381049 1.215893 -0.042813 -0.034513 -0.413943 27.175482 -2.238431 -2.406865 -0.057838 0.011271 -0.433514 -28.096943 7.245561 2.043135 -0.014582 -0.140202 -0.044665 -0.000002 0.000001 -0.000000 0.352207 -0.331174 0.370911 -0.000000 0.000000 -0.000000 0.253490 -0.139412 0.043517 38.570300 51.595071 -0.000012 -0.275499 -0.250273 0.370911 -0.000000 0.000000 -0.000000 -0.232716 -0.461183 0.053609 -0.000001 -38.791356 0.000007 0.125668 -0.265692 -0.313595 -0.000000 0.000000 -0.000000 0.130146 -0.534334 -0.668620 -12.382659 0.000001 -9.258735 -0.113330 -0.268834 -0.313595 -0.000000 0.000000 -0.000000 -0.095191 -0.015211 -0.747160 -0.000001 -0.000001 -0.000000 
0.000000 -0.210014 0.052218 9.577158 0.000000 -0.000000 0.000000 -0.000000 -0.000000 -0.000001 0.000000 -0.000001 0.108498 0.010680 -0.004987 -51.910513 3.233828 -2.754348 0.042686 -0.033397 -0.412863 36.706249 4.702672 2.347132 0.051757 0.026022 -0.434841 -6.906977 -5.816532 -8.145475 0.014582 -0.140203 -0.041002 -0.000002 0.000001 0.000000 0.000000 0.031892 0.087417 -0.000003 0.000000 -0.000000 0.000000 -0.000295 0.129738 -0.000000 0.000000 -0.000000 0.000000 0.021603 0.135532 0.000003 0.000000 -0.000000 0.022776 -0.072500 0.132876 0.000001 0.000000 -0.000000 0.163716 0.004516 -0.030142 29.330304 23.861013 -1.254537 0.165715 0.002195 -0.189845 17.766840 8.169188 -9.106849 0.134640 -0.191983 -0.128679 -20.422447 16.986858 7.569700 0.001147 -0.048713 -0.006655 -0.000001 -0.000000 0.000003 0.011701 -0.029588 -0.016302 -0.000004 -0.000002 0.000000 0.018464 -0.075698 -0.024375 -0.000002 0.000004 0.000000 0.000000 -0.061697 0.207353 -0.000002 0.000000 -0.000000 0.000000 -0.018035 0.048318 -0.000003 0.000000 -0.000000 0.000000 -0.018035 0.048318 -0.000002 0.000000 -0.000000 -0.022776 -0.072500 0.132876 0.000001 -0.000000 0.000000 -0.163716 0.004516 -0.030142 -0.522852 -27.323214 8.756569 -0.165715 0.002195 -0.189845 5.220011 -5.584096 6.860060 -0.134640 -0.191983 -0.128679 -14.431765 -3.399414 -9.908349 -0.011509 -0.048713 0.001674 -0.000002 0.000000 0.000000 -0.011701 -0.029588 -0.016302 -0.000001 0.000003 -0.000001 -0.018463 -0.075698 -0.024375 -0.000004 0.000003 -0.000000 -0.000000 -0.000000 -0.000000 -0.000001 -0.000000 0.000001 -0.108498 0.010680 -0.004987 -8.950229 -6.381049 1.215893 -0.042813 -0.034513 -0.413943 27.175482 -2.238431 -2.406865 -0.057838 0.011271 -0.433514 -28.096943 7.245561 2.043135 -0.014582 -0.140202 -0.044665 -0.000002 0.000001 -0.000000 0.352207 -0.331174 0.370911 -0.000000 0.000000 -0.000000 0.253490 -0.139412 0.043517 38.570300 51.595071 -0.000012 -0.275499 -0.250273 0.370911 -0.000000 0.000000 -0.000000 -0.232716 -0.461183 0.053609 -0.000001 -38.791356 0.000007 0.125668 -0.265692 -0.313595 -0.000000 0.000000 -0.000000 0.130146 -0.534334 -0.668620 -12.382659 0.000001 -9.258735 -0.113330 -0.268834 -0.313595 -0.000000 0.000000 -0.000000 -0.095191 -0.015211 -0.747160 -0.000001 -0.000001 -0.000000 
0.000000 -0.210014 0.052218 9.577158 0.000000 -0.000000 0.000000 -0.000000 -0.000000 -0.000001 0.000000 -0.000001 0.108498 0.010680 -0.004987 -51.910513 3.233828 -2.754348 0.042686 -0.033397 -0.412863 36.706249 4.702672 2.347132 0.051757 0.026022 -0.434841 -6.906977 -5.816532 -8.145475 0.014582 -0.140203 -0.041002 -0.000002 0.000001 0.000000 0.000000 0.031892 0.087417 -0.000003 0.000000 -0.000000 0.000000 -0.000295 0.129738 -0.000000 0.000000 -0.000000 0.000000 0.021603 0.135532 0.000003 0.000000 -0.000000 0.022776 -0.072500 0.132876 0.000001 0.000000 -0.000000 0.163716 0.004516 -0.030142 29.330304 23.861013 -1.254537 0.165715 0.002195 -0.189845 17.766840 8.169188 -9.106849 0.134640 -0.191983 -0.128679 -20.422447 16.986858 7.569700 0.001147 -0.048713 -0.006655 -0.000001 -0.000000 0.000003 0.011701 -0.029588 -0.016302 -0.000004 -0.000002 0.000000 0.018464 -0.075698 -0.024375 -0.000002 0.000004 0.000000 0.000000 -0.061697 0.207353 -0.000002 0.000000 -0.000000 0.000000 -0.018035 0.048318 -0.000003 0.000000 -0.000000 0.000000 -0.018035 0.048318 -0.000002 0.000000 -0.000000 -0.022776 -0.072500 0.132876 0.000001 -0.000000 0.000000 -0.163716 0.004516 -0.030142 -0.522852 -27.323214 8.756569 -0.165715 0.002195 -0.189845 5.220011 -5.584096 6.860060 -0.134640 -0.191983 -0.128679 -14.431765 -3.399414 -9.908349 -0.011509 -0.048713 0.001674 -0.000002 0.000000 0.000000 -0.011701 -0.029588 -0.016302 -0.000001 0.000003 -0.000001 -0.018463 -0.075698 -0.024375 -0.000004 0.000003 -0.000000 -0.000000 -0.000000 -0.000000 -0.000001 -0.000000 0.000001 -0.108498 0.010680 -0.004987 -8.950229 -6.381049 1.215893 -0.042813 -0.034513 -0.413943 27.175482 -2.238431 -2.406865 -0.057838 0.011271 -0.433514 -28.096943 7.245561 2.043135 -0.014582 -0.140202 -0.044665 -0.000002 0.000001 -0.000000 0.352207 -0.331174 0.370911 -0.000000 0.000000 -0.000000 0.253490 -0.139412 0.043517 38.570300 51.595071 -0.000012 -0.275499 -0.250273 0.370911 -0.000000 0.000000 -0.000000 -0.232716 -0.461183 0.053609 -0.000001 -38.791356 0.000007 0.125668 -0.265692 -0.313595 -0.000000 0.000000 -0.000000 0.130146 -0.534334 -0.668620 -12.382659 0.000001 -9.258735 -0.113330 -0.268834 -0.313595 -0.000000 0.000000 -0.000000 -0.095191 -0.015211 -0.747160 -0.000001 -0.000001 -0.000000 
0.000000 -0.210014 0.052218 9.577158 0.000000 -0.000000 0.000000 -0.000000 -0.000000 -0.000001 0.000000 -0.000001 0.108498 0.010680 -0.004987 -51.910513 3.233828 -2.754348 0.042686 -0.033397 -0.412863 36.706249 4.702672 2.347132 0.051757 0.026022 -0.434841 -6.906977 -5.816532 -8.145475 0.014582 -0.140203 -0.041002 -0.000002 0.000001 0.000000 0.000000 0.031892 0.087417 -0.000003 0.000000 -0.000000 0.000000 -0.000295 0.129738 -0.000000 0.000000 -0.000000 0.000000 0.021603 0.135532 0.000003 0.000000 -0.000000 0.022776 -0.072500 0.132876 0.000001 0.000000 -0.000000 0.163716 0.004516 -0.030142 29.330304 23.861013 -1.254537 0.165715 0.002195 -0.189845 17.766840 8.169188 -9.106849 0.134640 -0.191983 -0.128679 -20.422447 16.986858 7.569700 0.001147 -0.048713 -0.006655 -0.000001 -0.000000 0.000003 0.011701 -0.029588 -0.016302 -0.000004 -0.000002 0.000000 0.018464 -0.075698 -0.024375 -0.000002 0.000004 0.000000 0.000000 -0.061697 0.207353 -0.000002 0.000000 -0.000000 0.000000 -0.018035 0.048318 -0.000003 0.000000 -0.000000 0.000000 -0.018035 0.048318 -0.000002 0.000000 -0.000000 -0.022776 -0.072500 0.132876 0.000001 -0.000000 0.000000 -0.163716 0.004516 -0.030142 -0.522852 -27.323214 8.756569 -0.165715 0.002195 -0.189845 5.220011 -5.584096 6.860060 -0.134640 -0.191983 -0.128679 -14.431765 -3.399414 -9.908349 -0.011509 -0.048713 0.001674 -0.000002 0.000000 0.000000 -0.011701 -0.029588 -0.016302 -0.000001 0.000003 -0.000001 -0.018463 -0.075698 -0.024375 -0.000004 0.000003 -0.000000 -0.000000 -0.000000 -0.000000 -0.000001 -0.000000 0.000001 -0.108498 0.010680 -0.004987 -8.950229 -6.381049 1.215893 -0.042813 -0.034513 -0.413943 27.175482 -2.238431 -2.406865 -0.057838 0.011271 -0.433514 -28.096943 7.245561 2.043135 -0.014582 -0.140202 -0.044665 -0.000002 0.000001 -0.000000 0.352207 -0.331174 0.370911 -0.000000 0.000000 -0.000000 0.253490 -0.139412 0.043517 38.570300 51.595071 -0.000012 -0.275499 -0.250273 0.370911 -0.000000 0.000000 -0.000000 -0.232716 -0.461183 0.053609 -0.000001 -38.791356 0.000007 0.125668 -0.265692 -0.313595 -0.000000 0.000000 -0.000000 0.130146 -0.534334 -0.668620 -12.382659 0.000001 -9.258735 -0.113330 -0.268834 -0.313595 -0.000000 0.000000 -0.000000 -0.095191 -0.015211 -0.747160 -0.000001 -0.000001 -0.000000 
0.000000 -0.210014 0.052218 9.577158 0.000000 -0.000000 0.000000 -0.000000 -0.000000 -0.000001 0.000000 -0.000001 0.108498 0.010680 -0.004987 -51.910513 3.233828 -2.754348 0.042686 -0.033397 -0.412863 36.706249 4.702672 2.347132 0.051757 0.026022 -0.434841 -6.906977 -5.816532 -8.145475 0.014582 -0.140203 -0.041002 -0.000002 0.000001 0.000000 0.000000 0.031892 0.087417 -0.000003 0.000000 -0.000000 0.000000 -0.000295 0.129738 -0.000000 0.000000 -0.000000 0.000000 0.021603 0.135532 0.000003 0.000000 -0.000000 0.022776 -0.072500 0.132876 0.000001 0.000000 -0.000000 0.163716 0.004516 -0.030142 29.330304 23.861013 -1.254537 0.165715 0.002195 -0.189845 17.766840 8.169188 -9.106849 0.134640 -0.191983 -0.128679 -20.422447 16.986858 7.569700 0.001147 -0.048713 -0.006655 -0.000001 -0.000000 0.000003 0.011701 -0.029588 -0.016302 -0.000004 -0.000002 0.000000 0.018464 -0.075698 -0.024375 -0.000002 0.000004 0.000000 0.000000 -0.061697 0.207353 -0.000002 0.000000 -0.000000 0.000000 -0.018035 0.048318 -0.000003 0.000000 -0.000000 0.000000 -0.018035 0.048318 -0.000002 0.000000 -0.000000 -0.022776 -0.072500 0.132876 0.000001 -0.000000 0.000000 -0.163716 0.004516 -0.030142 -0.522852 -27.323214 8.756569 -0.165715 0.002195 -0.189845 5.220011 -5.584096 6.860060 -0.134640 -0.191983 -0.128679 -14.431765 -3.399414 -9.908349 -0.011509 -0.048713 0.001674 -0.000002 0.000000 0.000000 -0.011701 -0.029588 -0.016302 -0.000001 0.000003 -0.000001 -0.018463 -0.075698 -0.024375 -0.000004 0.000003 -0.000000 -0.000000 -0.000000 -0.000000 -0.000001 -0.000000 0.000001 -0.108498 0.010680 -0.004987 -8.950229 -6.381049 1.215893 -0.042813 -0.034513 -0.413943 27.175482 -2.238431 -2.406865 -0.057838 0.011271 -0.433514 -28.096943 7.245561 2.043135 -0.014582 -0.140202 -0.044665 -0.000002 0.000001 -0.000000 0.352207 -0.331174 0.370911 -0.000000 0.000000 -0.000000 0.253490 -0.139412 0.043517 38.570300 51.595071 -0.000012 -0.275499 -0.250273 0.370911 -0.000000 0.000000 -0.000000 -0.232716 -0.461183 0.053609 -0.000001 -38.791356 0.000007 0.125668 -0.265692 -0.313595 -0.000000 0.000000 -0.000000 0.130146 -0.534334 -0.668620 -12.382659 0.000001 -9.258735 -0.113330 -0.268834 -0.313595 -0.000000 0.000000 -0.000000 -0.095191 -0.015211 -0.747160 -0.000001 -0.000001 -0.000000 
0.000000 -0.210014 0.052218 9.577158 0.000000 -0.000000 0.000000 -0.000000 -0.000000 -0.000001 0.000000 -0.000001 0.108498 0.010680 -0.004987 -51.910513 3.233828 -2.754348 0.042686 -0.033397 -0.412863 36.706249 4.702672 2.347132 0.051757 0.026022 -0.434841 -6.906977 -5.816532 -8.145475 0.014582 -0.140203 -0.041002 -0.000002 0.000001 0.000000 0.000000 0.031892 0.087417 -0.000003 0.000000 -0.000000 0.000000 -0.000295 0.129738 -0.000000 0.000000 -0.000000 0.000000 0.021603 0.135532 0.000003 0.000000 -0.000000 0.022776 -0.072500 0.132876 0.000001 0.000000 -0.000000 0.163716 0.004516 -0.030142 29.330304 23.861013 -1.254537 0.165715 0.002195 -0.189845 17.766840 8.169188 -9.106849 0.134640 -0.191983 -0.128679 -20.422447 16.986858 7.569700 0.001147 -0.048713 -0.006655 -0.000001 -0.000000 0.000003 0.011701 -0.029588 -0.016302 -0.000004 -0.000002 0.000000 0.018464 -0.075698 -0.024375 -0.000002 0.000004 0.000000 0.000000 -0.061697 0.207353 -0.000002 0.000000 -0.000000 0.000000 -0.018035 0.048318 -0.000003 0.000000 -0.000000 0.000000 -0.018035 0.048318 -0.000002 0.000000 -0.000000 -0.022776 -0.072500 0.132876 0.000001 -0.000000 0.000000 -0.163716 0.004516 -0.030142 -0.522852 -27.323214 8.756569 -0.165715 0.002195 -0.189845 5.220011 -5.584096 6.860060 -0.134640 -0.191983 -0.128679 -14.431765 -3.399414 -9.908349 -0.011509 -0.048713 0.001674 -0.000002 0.000000 0.000000 -0.011701 -0.029588 -0.016302 -0.000001 0.000003 -0.000001 -0.018463 -0.075698 -0.024375 -0.000004 0.000003 -0.000000 -0.000000 -0.000000 -0.000000 -0.000001 -0.000000 0.000001 -0.108498 0.010680 -0.004987 -8.950229 -6.381049 1.215893 -0.042813 -0.034513 -0.413943 27.175482 -2.238431 -2.406865 -0.057838 0.011271 -0.433514 -28.096943 7.245561 2.043135 -0.014582 -0.140202 -0.044665 -0.000002 0.000001 -0.000000 0.352207 -0.331174 0.370911 -0.000000 0.000000 -0.000000 0.253490 -0.139412 0.043517 38.570300 51.595071 -0.000012 -0.275499 -0.250273 0.370911 -0.000000 0.000000 -0.000000 -0.232716 -0.461183 0.053609 -0.000001 -38.791356 0.000007 0.125668 -0.265692 -0.313595 -0.000000 0.000000 -0.000000 0.130146 -0.534334 -0.668620 -12.382659 0.000001 -9.258735 -0.113330 -0.268834 -0.313595 -0.000000 0.000000 -0.000000 -0.095191 -0.015211 -0.747160 -0.000001 -0.000001 -0.000000 
0.000000 -0.210014 0.052218 9.577158 0.000000 -0.000000 0.000000 -0.000000 -0.000000 -0.000001 0.000000 -0.000001 0.108498 0.010680 -0.004987 -51.910513 3.233828 -2.754348 0.042686 -0.033397 -0.412863 36.706249 4.702672 2.347132 0.051757 0.026022 -0.434841 -6.906977 -5.816532 -8.145475 0.014582 -0.140203 -0.041002 -0.000002 0.000001 0.000000 0.000000 0.031892 0.087417 -0.000003 0.000000 -0.000000 0.000000 -0.000295 0.129738 -0.000000 0.000000 -0.000000 0.000000 0.021603 0.135532 0.000003 0.000000 -0.000000 0.022776 -0.072500 0.132876 0.000001 0.000000 -0.000000 0.163716 0.004516 -0.030142 29.330304 23.861013 -1.254537 0.165715 0.002195 -0.189845 17.766840 8.169188 -9.106849 0.134640 -0.191983 -0.128679 -20.422447 16.986858 7.569700 0.001147 -0.048713 -0.006655 -0.000001 -0.000000 0.000003 0.011701 -0.029588 -0.016302 -0.000004 -0.000002 0.000000 0.018464 -0.075698 -0.024375 -0.000002 0.000004 0.000000 0.000000 -0.061697 0.207353 -0.000002 0.000000 -0.000000 0.000000 -0.018035 0.048318 -0.000003 0.000000 -0.000000 0.000000 -0.018035 0.048318 -0.000002 0.000000 -0.000000 -0.022776 -0.072500 0.132876 0.000001 -0.000000 0.000000 -0.163716 0.004516 -0.030142 -0.522852 -27.323214 8.756569 -0.165715 0.002195 -0.189845 5.220011 -5.584096 6.860060 -0.134640 -0.191983 -0.128679 -14.431765 -3.399414 -9.908349 -0.011509 -0.048713 0.001674 -0.000002 0.000000 0.000000 -0.011701 -0.029588 -0.016302 -0.000001 0.000003 -0.000001 -0.018463 -0.075698 -0.024375 -0.000004 0.000003 -0.000000 -0.000000 -0.000000 -0.000000 -0.000001 -0.000000 0.000001 -0.108498 0.010680 -0.004987 -8.950229 -6.381049 1.215893 -0.042813 -0.034513 -0.413943 27.175482 -2.238431 -2.406865 -0.057838 0.011271 -0.433514 -28.096943 7.245561 2.043135 -0.014582 -0.140202 -0.044665 -0.000002 0.000001 -0.000000 0.352207 -0.331174 0.370911 -0.000000 0.000000 -0.000000 0.253490 -0.139412 0.043517 38.570300 51.595071 -0.000012 -0.275499 -0.250273 0.370911 -0.000000 0.000000 -0.000000 -0.232716 -0.461183 0.053609 -0.000001 -38.791356 0.000007 0.125668 -0.265692 -0.313595 -0.000000 0.000000 -0.000000 0.130146 -0.534334 -0.668620 -12.382659 0.000001 -9.258735 -0.113330 -0.268834 -0.313595 -0.000000 0.000000 -0.000000 -0.095191 -0.015211 -0.747160 -0.000001 -0.000001 -0.000000 
0.000000 -0.210014 0.052218 9.577158 0.000000 -0.000000 0.000000 -0.000000 -0.000000 -0.000001 0.000000 -0.000001 0.108498 0.010680 -0.004987 -51.910513 3.233828 -2.754348 0.042686 -0.033397 -0.412863 36.706249 4.702672 2.347132 0.051757 0.026022 -0.434841 -6.906977 -5.816532 -8.145475 0.014582 -0.140203 -0.041002 -0.000002 0.000001 0.000000 0.000000 0.031892 0.087417 -0.000003 0.000000 -0.000000 0.000000 -0.000295 0.129738 -0.000000 0.000000 -0.000000 0.000000 0.021603 0.135532 0.000003 0.000000 -0.000000 0.022776 -0.072500 0.132876 0.000001 0.000000 -0.000000 0.163716 0.004516 -0.030142 29.330304 23.861013 -1.254537 0.165715 0.002195 -0.189845 17.766840 8.169188 -9.106849 0.134640 -0.191983 -0.128679 -20.422447 16.986858 7.569700 0.001147 -0.048713 -0.006655 -0.000001 -0.000000 0.000003 0.011701 -0.029588 -0.016302 -0.000004 -0.000002 0.000000 0.018464 -0.075698 -0.024375 -0.000002 0.000004 0.000000 0.000000 -0.061697 0.207353 -0.000002 0.000000 -0.000000 0.000000 -0.018035 0.048318 -0.000003 0.000000 -0.000000 0.000000 -0.018035 0.048318 -0.000002 0.000000 -0.000000 -0.022776 -0.072500 0.132876 0.000001 -0.000000 0.000000 -0.163716 0.004516 -0.030142 -0.522852 -27.323214 8.756569 -0.165715 0.002195 -0.189845 5.220011 -5.584096 6.860060 -0.134640 -0.191983 -0.128679 -14.431765 -3.399414 -9.908349 -0.011509 -0.048713 0.001674 -0.000002 0.000000 0.000000 -0.011701 -0.029588 -0.016302 -0.000001 0.000003 -0.000001 -0.018463 -0.075698 -0.024375 -0.000004 0.000003 -0.000000 -0.000000 -0.000000 -0.000000 -0.000001 -0.000000 0.000001 -0.108498 0.010680 -0.004987 -8.950229 -6.381049 1.215893 -0.042813 -0.034513 -0.413943 27.175482 -2.238431 -2.406865 -0.057838 0.011271 -0.433514 -28.096943 7.245561 2.043135 -0.014582 -0.140202 -0.044665 -0.000002 0.000001 -0.000000 0.352207 -0.331174 0.370911 -0.000000 0.000000 -0.000000 0.253490 -0.139412 0.043517 38.570300 51.595071 -0.000012 -0.275499 -0.250273 0.370911 -0.000000 0.000000 -0.000000 -0.232716 -0.461183 0.053609 -0.000001 -38.791356 0.000007 0.125668 -0.265692 -0.313595 -0.000000 0.000000 -0.000000 0.130146 -0.534334 -0.668620 -12.382659 0.000001 -9.258735 -0.113330 -0.268834 -0.313595 -0.000000 0.000000 -0.000000 -0.095191 -0.015211 -0.747160 -0.000001 -0.000001 -0.000000 
0.000000 -0.210014 0.052218 9.577158 0.000000 -0.000000 0.000000 -0.000000 -0.000000 -0.000001 0.000000 -0.000001 0.108498 0.010680 -0.004987 -51.910513 3.233828 -2.754348 0.042686 -0.033397 -0.412863 36.706249 4.702672 2.347132 0.051757 0.026022 -0.434841 -6.906977 -5.816532 -8.145475 0.014582 -0.140203 -0.041002 -0.000002 0.000001 0.000000 0.000000 0.031892 0.087417 -0.000003 0.000000 -0.000000 0.000000 -0.000295 0.129738 -0.000000 0.000000 -0.000000 0.000000 0.021603 0.135532 0.000003 0.000000 -0.000000 0.022776 -0.072500 0.132876 0.000001 0.000000 -0.000000 0.163716 0.004516 -0.030142 29.330304 23.861013 -1.254537 0.165715 0.002195 -0.189845 17.766840 8.169188 -9.106849 0.134640 -0.191983 -0.128679 -20.422447 16.986858 7.569700 0.001147 -0.048713 -0.006655 -0.000001 -0.000000 0.000003 0.011701 -0.029588 -0.016302 -0.000004 -0.000002 0.000000 0.018464 -0.075698 -0.024375 -0.000002 0.000004 0.000000 0.000000 -0.061697 0.207353 -0.000002 0.000000 -0.000000 0.000000 -0.018035 0.048318 -0.000003 0.000000 -0.000000 0.000000 -0.018035 0.048318 -0.000002 0.000000 -0.000000 -0.022776 -0.072500 0.132876 0.000001 -0.000000 0.000000 -0.163716 0.004516 -0.030142 -0.522852 -27.323214 8.756569 -0.165715 0.002195 -0.189845 5.220011 -5.584096 6.860060 -0.134640 -0.191983 -0.128679 -14.431765 -3.399414 -9.908349 -0.011509 -0.048713 0.001674 -0.000002 0.000000 0.000000 -0.011701 -0.029588 -0.016302 -0.000001 0.000003 -0.000001 -0.018463 -0.075698 -0.024375 -0.000004 0.000003 -0.000000 -0.000000 -0.000000 -0.000000 -0.000001 -0.000000 0.000001 -0.108498 0.010680 -0.004987 -8.950229 -6.381049 1.215893 -0.042813 -0.034513 -0.413943 27.175482 -2.238431 -2.406865 -0.057838 0.011271 -0.433514 -28.096943 7.245561 2.043135 -0.014582 -0.140202 -0.044665 -0.000002 0.000001 -0.000000 0.352207 -0.331174 0.370911 -0.000000 0.000000 -0.000000 0.253490 -0.139412 0.043517 38.570300 51.595071 -0.000012 -0.275499 -0.250273 0.370911 -0.000000 0.000000 -0.000000 -0.232716 -0.461183 0.053609 -0.000001 -38.791356 0.000007 0.125668 -0.265692 -0.313595 -0.000000 0.000000 -0.000000 0.130146 -0.534334 -0.668620 -12.382659 0.000001 -9.258735 -0.113330 -0.268834 -0.313595 -0.000000 0.000000 -0.000000 -0.095191 -0.015211 -0.747160 -0.000001 -0.000001 -0.000000 
0.000000 -0.210014 0.052218 9.577158 0.000000 -0.000000 0.000000 -0.000000 -0.000000 -0.000001 0.000000 -0.000001 0.108498 0.010680 -0.004987 -51.910513 3.233828 -2.754348 0.042686 -0.033397 -0.412863 36.706249 4.702672 2.347132 0.051757 0.026022 -0.434841 -6.906977 -5.816532 -8.145475 0.014582 -0.140203 -0.041002 -0.000002 0.000001 0.000000 0.000000 0.031892 0.087417 -0.000003 0.000000 -0.000000 0.000000 -0.000295 0.129738 -0.000000 0.000000 -0.000000 0.000000 0.021603 0.135532 0.000003 0.000000 -0.000000 0.022776 -0.072500 0.132876 0.000001 0.000000 -0.000000 0.163716 0.004516 -0.030142 29.330304 23.861013 -1.254537 0.165715 0.002195 -0.189845 17.766840 8.169188 -9.106849 0.134640 -0.191983 -0.128679 -20.422447 16.986858 7.569700 0.001147 -0.048713 -0.006655 -0.000001 -0.000000 0.000003 0.011701 -0.029588 -0.016302 -0.000004 -0.000002 0.000000 0.018464 -0.075698 -0.024375 -0.000002 0.000004 0.000000 0.000000 -0.061697 0.207353 -0.000002 0.000000 -0.000000 0.000000 -0.018035 0.048318 -0.000003 0.000000 -0.000000 0.000000 -0.018035 0.048318 -0.000002 0.000000 -0.000000 -0.022776 -0.072500 0.132876 0.000001 -0.000000 0.000000 -0.163716 0.004516 -0.030142 -0.522852 -27.323214 8.756569 -0.165715 0.002195 -0.189845 5.220011 -5.584096 6.860060 -0.134640 -0.191983 -0.128679 -14.431765 -3.399414 -9.908349 -0.011509 -0.048713 0.001674 -0.000002 0.000000 0.000000 -0.011701 -0.029588 -0.016302 -0.000001 0.000003 -0.000001 -0.018463 -0.075698 -0.024375 -0.000004 0.000003 -0.000000 -0.000000 -0.000000 -0.000000 -0.000001 -0.000000 0.000001 -0.108498 0.010680 -0.004987 -8.950229 -6.381049 1.215893 -0.042813 -0.034513 -0.413943 27.175482 -2.238431 -2.406865 -0.057838 0.011271 -0.433514 -28.096943 7.245561 2.043135 -0.014582 -0.140202 -0.044665 -0.000002 0.000001 -0.000000 0.352207 -0.331174 0.370911 -0.000000 0.000000 -0.000000 0.253490 -0.139412 0.043517 38.570300 51.595071 -0.000012 -0.275499 -0.250273 0.370911 -0.000000 0.000000 -0.000000 -0.232716 -0.461183 0.053609 -0.000001 -38.791356 0.000007 0.125668 -0.265692 -0.313595 -0.000000 0.000000 -0.000000 0.130146 -0.534334 -0.668620 -12.382659 0.000001 -9.258735 -0.113330 -0.268834 -0.313595 -0.000000 0.000000 -0.000000 -0.095191 -0.015211 -0.747160 -0.000001 -0.000001 -0.000000 
0.000000 -0.210014 0.052218 9.577158 0.000000 -0.000000 0.000000 -0.000000 -0.000000 -0.000001 0.000000 -0.000001 0.108498 0.010680 -0.004987 -51.910513 3.233828 -2.754348 0.042686 -0.033397 -0.412863 36.706249 4.702672 2.347132 0.051757 0.026022 -0.434841 -6.906977 -5.816532 -8.145475 0.014582 -0.140203 -0.041002 -0.000002 0.000001 0.000000 0.000000 0.031892 0.087417 -0.000003 0.000000 -0.000000 0.000000 -0.000295 0.129738 -0.000000 0.000000 -0.000000 0.000000 0.021603 0.135532 0.000003 0.000000 -0.000000 0.022776 -0.072500 0.132876 0.000001 0.000000 -0.000000 0.163716 0.004516 -0.030142 29.330304 23.861013 -1.254537 0.165715 0.002195 -0.189845 17.766840 8.169188 -9.106849 0.134640 -0.191983 -0.128679 -20.422447 16.986858 7.569700 0.001147 -0.048713 -0.006655 -0.000001 -0.000000 0.000003 0.011701 -0.029588 -0.016302 -0.000004 -0.000002 0.000000 0.018464 -0.075698 -0.024375 -0.000002 0.000004 0.000000 0.000000 -0.061697 0.207353 -0.000002 0.000000 -0.000000 0.000000 -0.018035 0.048318 -0.000003 0.000000 -0.000000 0.000000 -0.018035 0.048318 -0.000002 0.000000 -0.000000 -0.022776 -0.072500 0.132876 0.000001 -0.000000 0.000000 -0.163716 0.004516 -0.030142 -0.522852 -27.323214 8.756569 -0.165715 0.002195 -0.189845 5.220011 -5.584096 6.860060 -0.134640 -0.191983 -0.128679 -14.431765 -3.399414 -9.908349 -0.011509 -0.048713 0.001674 -0.000002 0.000000 0.000000 -0.011701 -0.029588 -0.016302 -0.000001 0.000003 -0.000001 -0.018463 -0.075698 -0.024375 -0.000004 0.000003 -0.000000 -0.000000 -0.000000 -0.000000 -0.000001 -0.000000 0.000001 -0.108498 0.010680 -0.004987 -8.950229 -6.381049 1.215893 -0.042813 -0.034513 -0.413943 27.175482 -2.238431 -2.406865 -0.057838 0.011271 -0.433514 -28.096943 7.245561 2.043135 -0.014582 -0.140202 -0.044665 -0.000002 0.000001 -0.000000 0.352207 -0.331174 0.370911 -0.000000 0.000000 -0.000000 0.253490 -0.139412 0.043517 38.570300 51.595071 -0.000012 -0.275499 -0.250273 0.370911 -0.000000 0.000000 -0.000000 -0.232716 -0.461183 0.053609 -0.000001 -38.791356 0.000007 0.125668 -0.265692 -0.313595 -0.000000 0.000000 -0.000000 0.130146 -0.534334 -0.668620 -12.382659 0.000001 -9.258735 -0.113330 -0.268834 -0.313595 -0.000000 0.000000 -0.000000 -0.095191 -0.015211 -0.747160 -0.000001 -0.000001 -0.000000 
0.000000 -0.210014 0.052218 9.577158 0.000000 -0.000000 0.000000 -0.000000 -0.000000 -0.000001 0.000000 -0.000001 0.108498 0.010680 -0.004987 -51.910513 3.233828 -2.754348 0.042686 -0.033397 -0.412863 36.706249 4.702672 2.347132 0.051757 0.026022 -0.434841 -6.906977 -5.816532 -8.145475 0.014582 -0.140203 -0.041002 -0.000002 0.000001 0.000000 0.000000 0.031892 0.087417 -0.000003 0.000000 -0.000000 0.000000 -0.000295 0.129738 -0.000000 0.000000 -0.000000 0.000000 0.021603 0.135532 0.000003 0.000000 -0.000000 0.022776 -0.072500 0.132876 0.000001 0.000000 -0.000000 0.163716 0.004516 -0.030142 29.330304 23.861013 -1.254537 0.165715 0.002195 -0.189845 17.766840 8.169188 -9.106849 0.134640 -0.191983 -0.128679 -20.422447 16.986858 7.569700 0.001147 -0.048713 -0.006655 -0.000001 -0.000000 0.000003 0.011701 -0.029588 -0.016302 -0.000004 -0.000002 0.000000 0.018464 -0.075698 -0.024375 -0.000002 0.000004 0.000000 0.000000 -0.061697 0.207353 -0.000002 0.000000 -0.000000 0.000000 -0.018035 0.048318 -0.000003 0.000000 -0.000000 0.000000 -0.018035 0.048318 -0.000002 0.000000 -0.000000 -0.022776 -0.072500 0.132876 0.000001 -0.000000 0.000000 -0.163716 0.004516 -0.030142 -0.522852 -27.323214 8.756569 -0.165715 0.002195 -0.189845 5.220011 -5.584096 6.860060 -0.134640 -0.191983 -0.128679 -14.431765 -3.399414 -9.908349 -0.011509 -0.048713 0.001674 -0.000002 0.000000 0.000000 -0.011701 -0.029588 -0.016302 -0.000001 0.000003 -0.000001 -0.018463 -0.075698 -0.024375 -0.000004 0.000003 -0.000000 -0.000000 -0.000000 -0.000000 -0.000001 -0.000000 0.000001 -0.108498 0.010680 -0.004987 -8.950229 -6.381049 1.215893 -0.042813 -0.034513 -0.413943 27.175482 -2.238431 -2.406865 -0.057838 0.011271 -0.433514 -28.096943 7.245561 2.043135 -0.014582 -0.140202 -0.044665 -0.000002 0.000001 -0.000000 0.352207 -0.331174 0.370911 -0.000000 0.000000 -0.000000 0.253490 -0.139412 0.043517 38.570300 51.595071 -0.000012 -0.275499 -0.250273 0.370911 -0.000000 0.000000 -0.000000 -0.232716 -0.461183 0.053609 -0.000001 -38.791356 0.000007 0.125668 -0.265692 -0.313595 -0.000000 0.000000 -0.000000 0.130146 -0.534334 -0.668620 -12.382659 0.000001 -9.258735 -0.113330 -0.268834 -0.313595 -0.000000 0.000000 -0.000000 -0.095191 -0.015211 -0.747160 -0.000001 -0.000001 -0.000000 
0.000000 -0.210014 0.052218 9.577158 0.000000 -0.000000 0.000000 -0.000000 -0.000000 -0.000001 0.000000 -0.000001 0.108498 0.010680 -0.004987 -51.910513 3.233828 -2.754348 0.042686 -0.033397 -0.412863 36.706249 4.702672 2.347132 0.051757 0.026022 -0.434841 -6.906977 -5.816532 -8.145475 0.014582 -0.140203 -0.041002 -0.000002 0.000001 0.000000 0.000000 0.031892 0.087417 -0.000003 0.000000 -0.000000 0.000000 -0.000295 0.129738 -0.000000 0.000000 -0.000000 0.000000 0.021603 0.135532 0.000003 0.000000 -0.000000 0.022776 -0.072500 0.132876 0.000001 0.000000 -0.000000 0.163716 0.004516 -0.030142 29.330304 23.861013 -1.254537 0.165715 0.002195 -0.189845 17.766840 8.169188 -9.106849 0.134640 -0.191983 -0.128679 -20.422447 16.986858 7.569700 0.001147 -0.048713 -0.006655 -0.000001 -0.000000 0.000003 0.011701 -0.029588 -0.016302 -0.000004 -0.000002 0.000000 0.018464 -0.075698 -0.024375 -0.000002 0.000004 0.000000 0.000000 -0.061697 0.207353 -0.000002 0.000000 -0.000000 0.000000 -0.018035 0.048318 -0.000003 0.000000 -0.000000 0.000000 -0.018035 0.048318 -0.000002 0.000000 -0.000000 -0.022776 -0.072500 0.132876 0.000001 -0.000000 0.000000 -0.163716 0.004516 -0.030142 -0.522852 -27.323214 8.756569 -0.165715 0.002195 -0.189845 5.220011 -5.584096 6.860060 -0.134640 -0.191983 -0.128679 -14.431765 -3.399414 -9.908349 -0.011509 -0.048713 0.001674 -0.000002 0.000000 0.000000 -0.011701 -0.029588 -0.016302 -0.000001 0.000003 -0.000001 -0.018463 -0.075698 -0.024375 -0.000004 0.000003 -0.000000 -0.000000 -0.000000 -0.000000 -0.000001 -0.000000 0.000001 -0.108498 0.010680 -0.004987 -8.950229 -6.381049 1.215893 -0.042813 -0.034513 -0.413943 27.175482 -2.238431 -2.406865 -0.057838 0.011271 -0.433514 -28.096943 7.245561 2.043135 -0.014582 -0.140202 -0.044665 -0.000002 0.000001 -0.000000 0.352207 -0.331174 0.370911 -0.000000 0.000000 -0.000000 0.253490 -0.139412 0.043517 38.570300 51.595071 -0.000012 -0.275499 -0.250273 0.370911 -0.000000 0.000000 -0.000000 -0.232716 -0.461183 0.053609 -0.000001 -38.791356 0.000007 0.125668 -0.265692 -0.313595 -0.000000 0.000000 -0.000000 0.130146 -0.534334 -0.668620 -12.382659 0.000001 -9.258735 -0.113330 -0.268834 -0.313595 -0.000000 0.000000 -0.000000 -0.095191 -0.015211 -0.747160 -0.000001 -0.000001 -0.000000 
0.000000 -0.210014 0.052218 9.577158 0.000000 -0.000000 0.000000 -0.000000 -0.000000 -0.000001 0.000000 -0.000001 0.108498 0.010680 -0.004987 -51.910513 3.233828 -2.754348 0.042686 -0.033397 -0.412863 36.706249 4.702672 2.347132 0.051757 0.026022 -0.434841 -6.906977 -5.816532 -8.145475 0.014582 -0.140203 -0.041002 -0.000002 0.000001 0.000000 0.000000 0.031892 0.087417 -0.000003 0.000000 -0.000000 0.000000 -0.000295 0.129738 -0.000000 0.000000 -0.000000 0.000000 0.021603 0.135532 0.000003 0.000000 -0.000000 0.022776 -0.072500 0.132876 0.000001 0.000000 -0.000000 0.163716 0.004516 -0.030142 29.330304 23.861013 -1.254537 0.165715 0.002195 -0.189845 17.766840 8.169188 -9.106849 0.134640 -0.191983 -0.128679 -20.422447 16.986858 7.569700 0.001147 -0.048713 -0.006655 -0.000001 -0.000000 0.000003 0.011701 -0.029588 -0.016302 -0.000004 -0.000002 0.000000 0.018464 -0.075698 -0.024375 -0.000002 0.000004 0.000000 0.000000 -0.061697 0.207353 -0.000002 0.000000 -0.000000 0.000000 -0.018035 0.048318 -0.000003 0.000000 -0.000000 0.000000 -0.018035 0.048318 -0.000002 0.000000 -0.000000 -0.022776 -0.072500 0.132876 0.000001 -0.000000 0.000000 -0.163716 0.004516 -0.030142 -0.522852 -27.323214 8.756569 -0.165715 0.002195 -0.189845 5.220011 -5.584096 6.860060 -0.134640 -0.191983 -0.128679 -14.431765 -3.399414 -9.908349 -0.011509 -0.048713 0.001674 -0.000002 0.000000 0.000000 -0.011701 -0.029588 -0.016302 -0.000001 0.000003 -0.000001 -0.018463 -0.075698 -0.024375 -0.000004 0.000003 -0.000000 -0.000000 -0.000000 -0.000000 -0.000001 -0.000000 0.000001 -0.108498 0.010680 -0.004987 -8.950229 -6.381049 1.215893 -0.042813 -0.034513 -0.413943 27.175482 -2.238431 -2.406865 -0.057838 0.011271 -0.433514 -28.096943 7.245561 2.043135 -0.014582 -0.140202 -0.044665 -0.000002 0.000001 -0.000000 0.352207 -0.331174 0.370911 -0.000000 0.000000 -0.000000 0.253490 -0.139412 0.043517 38.570300 51.595071 -0.000012 -0.275499 -0.250273 0.370911 -0.000000 0.000000 -0.000000 -0.232716 -0.461183 0.053609 -0.000001 -38.791356 0.000007 0.125668 -0.265692 -0.313595 -0.000000 0.000000 -0.000000 0.130146 -0.534334 -0.668620 -12.382659 0.000001 -9.258735 -0.113330 -0.268834 -0.313595 -0.000000 0.000000 -0.000000 -0.095191 -0.015211 -0.747160 -0.000001 -0.000001 -0.000000 
0.000000 -0.210014 0.052218 9.577158 0.000000 -0.000000 0.000000 -0.000000 -0.000000 -0.000001 0.000000 -0.000001 0.108498 0.010680 -0.004987 -51.910513 3.233828 -2.754348 0.042686 -0.033397 -0.412863 36.706249 4.702672 2.347132 0.051757 0.026022 -0.434841 -6.906977 -5.816532 -8.145475 0.014582 -0.140203 -0.041002 -0.000002 0.000001 0.000000 0.000000 0.031892 0.087417 -0.000003 0.000000 -0.000000 0.000000 -0.000295 0.129738 -0.000000 0.000000 -0.000000 0.000000 0.021603 0.135532 0.000003 0.000000 -0.000000 0.022776 -0.072500 0.132876 0.000001 0.000000 -0.000000 0.163716 0.004516 -0.030142 29.330304 23.861013 -1.254537 0.165715 0.002195 -0.189845 17.766840 8.169188 -9.106849 0.134640 -0.191983 -0.128679 -20.422447 16.986858 7.569700 0.001147 -0.048713 -0.006655 -0.000001 -0.000000 0.000003 0.011701 -0.029588 -0.016302 -0.000004 -0.000002 0.000000 0.018464 -0.075698 -0.024375 -0.000002 0.000004 0.000000 0.000000 -0.061697 0.207353 -0.000002 0.000000 -0.000000 0.000000 -0.018035 0.048318 -0.000003 0.000000 -0.000000 0.000000 -0.018035 0.048318 -0.000002 0.000000 -0.000000 -0.022776 -0.072500 0.132876 0.000001 -0.000000 0.000000 -0.163716 0.004516 -0.030142 -0.522852 -27.323214 8.756569 -0.165715 0.002195 -0.189845 5.220011 -5.584096 6.860060 -0.134640 -0.191983 -0.128679 -14.431765 -3.399414 -9.908349 -0.011509 -0.048713 0.001674 -0.000002 0.000000 0.000000 -0.011701 -0.029588 -0.016302 -0.000001 0.000003 -0.000001 -0.018463 -0.075698 -0.024375 -0.000004 0.000003 -0.000000 -0.000000 -0.000000 -0.000000 -0.000001 -0.000000 0.000001 -0.108498 0.010680 -0.004987 -8.950229 -6.381049 1.215893 -0.042813 -0.034513 -0.413943 27.175482 -2.238431 -2.406865 -0.057838 0.011271 -0.433514 -28.096943 7.245561 2.043135 -0.014582 -0.140202 -0.044665 -0.000002 0.000001 -0.000000 0.352207 -0.331174 0.370911 -0.000000 0.000000 -0.000000 0.253490 -0.139412 0.043517 38.570300 51.595071 -0.000012 -0.275499 -0.250273 0.370911 -0.000000 0.000000 -0.000000 -0.232716 -0.461183 0.053609 -0.000001 -38.791356 0.000007 0.125668 -0.265692 -0.313595 -0.000000 0.000000 -0.000000 0.130146 -0.534334 -0.668620 -12.382659 0.000001 -9.258735 -0.113330 -0.268834 -0.313595 -0.000000 0.000000 -0.000000 -0.095191 -0.015211 -0.747160 -0.000001 -0.000001 -0.000000 
0.000000 -0.210014 0.052218 9.577158 0.000000 -0.000000 0.000000 -0.000000 -0.000000 -0.000001 0.000000 -0.000001 0.108498 0.010680 -0.004987 -51.910513 3.233828 -2.754348 0.042686 -0.033397 -0.412863 36.706249 4.702672 2.347132 0.051757 0.026022 -0.434841 -6.906977 -5.816532 -8.145475 0.014582 -0.140203 -0.041002 -0.000002 0.000001 0.000000 0.000000 0.031892 0.087417 -0.000003 0.000000 -0.000000 0.000000 -0.000295 0.129738 -0.000000 0.000000 -0.000000 0.000000 0.021603 0.135532 0.000003 0.000000 -0.000000 0.022776 -0.072500 0.132876 0.000001 0.000000 -0.000000 0.163716 0.004516 -0.030142 29.330304 23.861013 -1.254537 0.165715 0.002195 -0.189845 17.766840 8.169188 -9.106849 0.134640 -0.191983 -0.128679 -20.422447 16.986858 7.569700 0.001147 -0.048713 -0.006655 -0.000001 -0.000000 0.000003 0.011701 -0.029588 -0.016302 -0.000004 -0.000002 0.000000 0.018464 -0.075698 -0.024375 -0.000002 0.000004 0.000000 0.000000 -0.061697 0.207353 -0.000002 0.000000 -0.000000 0.000000 -0.018035 0.048318 -0.000003 0.000000 -0.000000 0.000000 -0.018035 0.048318 -0.000002 0.000000 -0.000000 -0.022776 -0.072500 0.132876 0.000001 -0.000000 0.000000 -0.163716 0.004516 -0.030142 -0.522852 -27.323214 8.756569 -0.165715 0.002195 -0.189845 5.220011 -5.584096 6.860060 -0.134640 -0.191983 -0.128679 -14.431765 -3.399414 -9.908349 -0.011509 -0.048713 0.001674 -0.000002 0.000000 0.000000 -0.011701 -0.029588 -0.016302 -0.000001 0.000003 -0.000001 -0.018463 -0.075698 -0.024375 -0.000004 0.000003 -0.000000 -0.000000 -0.000000 -0.000000 -0.000001 -0.000000 0.000001 -0.108498 0.010680 -0.004987 -8.950229 -6.381049 1.215893 -0.042813 -0.034513 -0.413943 27.175482 -2.238431 -2.406865 -0.057838 0.011271 -0.433514 -28.096943 7.245561 2.043135 -0.014582 -0.140202 -0.044665 -0.000002 0.000001 -0.000000 0.352207 -0.331174 0.370911 -0.000000 0.000000 -0.000000 0.253490 -0.139412 0.043517 38.570300 51.595071 -0.000012 -0.275499 -0.250273 0.370911 -0.000000 0.000000 -0.000000 -0.232716 -0.461183 0.053609 -0.000001 -38.791356 0.000007 0.125668 -0.265692 -0.313595 -0.000000 0.000000 -0.000000 0.130146 -0.534334 -0.668620 -12.382659 0.000001 -9.258735 -0.113330 -0.268834 -0.313595 -0.000000 0.000000 -0.000000 -0.095191 -0.015211 -0.747160 -0.000001 -0.000001 -0.000000 
0.000000 -0.210014 0.052218 9.577158 0.000000 -0.000000 0.000000 -0.000000 -0.000000 -0.000001 0.000000 -0.000001 0.108498 0.010680 -0.004987 -51.910513 3.233828 -2.754348 0.042686 -0.033397 -0.412863 36.706249 4.702672 2.347132 0.051757 0.026022 -0.434841 -6.906977 -5.816532 -8.145475 0.014582 -0.140203 -0.041002 -0.000002 0.000001 0.000000 0.000000 0.031892 0.087417 -0.000003 0.000000 -0.000000 0.000000 -0.000295 0.129738 -0.000000 0.000000 -0.000000 0.000000 0.021603 0.135532 0.000003 0.000000 -0.000000 0.022776 -0.072500 0.132876 0.000001 0.000000 -0.000000 0.163716 0.004516 -0.030142 29.330304 23.861013 -1.254537 0.165715 0.002195 -0.189845 17.766840 8.169188 -9.106849 0.134640 -0.191983 -0.128679 -20.422447 16.986858 7.569700 0.001147 -0.048713 -0.006655 -0.000001 -0.000000 0.000003 0.011701 -0.029588 -0.016302 -0.000004 -0.000002 0.000000 0.018464 -0.075698 -0.024375 -0.000002 0.000004 0.000000 0.000000 -0.061697 0.207353 -0.000002 0.000000 -0.000000 0.000000 -0.018035 0.048318 -0.000003 0.000000 -0.000000 0.000000 -0.018035 0.048318 -0.000002 0.000000 -0.000000 -0.022776 -0.072500 0.132876 0.000001 -0.000000 0.000000 -0.163716 0.004516 -0.030142 -0.522852 -27.323214 8.756569 -0.165715 0.002195 -0.189845 5.220011 -5.584096 6.860060 -0.134640 -0.191983 -0.128679 -14.431765 -3.399414 -9.908349 -0.011509 -0.048713 0.001674 -0.000002 0.000000 0.000000 -0.011701 -0.029588 -0.016302 -0.000001 0.000003 -0.000001 -0.018463 -0.075698 -0.024375 -0.000004 0.000003 -0.000000 -0.000000 -0.000000 -0.000000 -0.000001 -0.000000 0.000001 -0.108498 0.010680 -0.004987 -8.950229 -6.381049 1.215893 -0.042813 -0.034513 -0.413943 27.175482 -2.238431 -2.406865 -0.057838 0.011271 -0.433514 -28.096943 7.245561 2.043135 -0.014582 -0.140202 -0.044665 -0.000002 0.000001 -0.000000 0.352207 -0.331174 0.370911 -0.000000 0.000000 -0.000000 0.253490 -0.139412 0.043517 38.570300 51.595071 -0.000012 -0.275499 -0.250273 0.370911 -0.000000 0.000000 -0.000000 -0.232716 -0.461183 0.053609 -0.000001 -38.791356 0.000007 0.125668 -0.265692 -0.313595 -0.000000 0.000000 -0.000000 0.130146 -0.534334 -0.668620 -12.382659 0.000001 -9.258735 -0.113330 -0.268834 -0.313595 -0.000000 0.000000 -0.000000 -0.095191 -0.015211 -0.747160 -0.000001 -0.000001 -0.000000 
0.000000 -0.210014 0.052218 9.577158 0.000000 -0.000000 0.000000 -0.000000 -0.000000 -0.000001 0.000000 -0.000001 0.108498 0.010680 -0.004987 -51.910513 3.233828 -2.754348 0.042686 -0.033397 -0.412863 36.706249 4.702672 2.347132 0.051757 0.026022 -0.434841 -6.906977 -5.816532 -8.145475 0.014582 -0.140203 -0.041002 -0.000002 0.000001 0.000000 0.000000 0.031892 0.087417 -0.000003 0.000000 -0.000000 0.000000 -0.000295 0.129738 -0.000000 0.000000 -0.000000 0.000000 0.021603 0.135532 0.000003 0.000000 -0.000000 0.022776 -0.072500 0.132876 0.000001 0.000000 -0.000000 0.163716 0.004516 -0.030142 29.330304 23.861013 -1.254537 0.165715 0.002195 -0.189845 17.766840 8.169188 -9.106849 0.134640 -0.191983 -0.128679 -20.422447 16.986858 7.569700 0.001147 -0.048713 -0.006655 -0.000001 -0.000000 0.000003 0.011701 -0.029588 -0.016302 -0.000004 -0.000002 0.000000 0.018464 -0.075698 -0.024375 -0.000002 0.000004 0.000000 0.000000 -0.061697 0.207353 -0.000002 0.000000 -0.000000 0.000000 -0.018035 0.048318 -0.000003 0.000000 -0.000000 0.000000 -0.018035 0.048318 -0.000002 0.000000 -0.000000 -0.022776 -0.072500 0.132876 0.000001 -0.000000 0.000000 -0.163716 0.004516 -0.030142 -0.522852 -27.323214 8.756569 -0.165715 0.002195 -0.189845 5.220011 -5.584096 6.860060 -0.134640 -0.191983 -0.128679 -14.431765 -3.399414 -9.908349 -0.011509 -0.048713 0.001674 -0.000002 0.000000 0.000000 -0.011701 -0.029588 -0.016302 -0.000001 0.000003 -0.000001 -0.018463 -0.075698 -0.024375 -0.000004 0.000003 -0.000000 -0.000000 -0.000000 -0.000000 -0.000001 -0.000000 0.000001 -0.108498 0.010680 -0.004987 -8.950229 -6.381049 1.215893 -0.042813 -0.034513 -0.413943 27.175482 -2.238431 -2.406865 -0.057838 0.011271 -0.433514 -28.096943 7.245561 2.043135 -0.014582 -0.140202 -0.044665 -0.000002 0.000001 -0.000000 0.352207 -0.331174 0.370911 -0.000000 0.000000 -0.000000 0.253490 -0.139412 0.043517 38.570300 51.595071 -0.000012 -0.275499 -0.250273 0.370911 -0.000000 0.000000 -0.000000 -0.232716 -0.461183 0.053609 -0.000001 -38.791356 0.000007 0.125668 -0.265692 -0.313595 -0.000000 0.000000 -0.000000 0.130146 -0.534334 -0.668620 -12.382659 0.000001 -9.258735 -0.113330 -0.268834 -0.313595 -0.000000 0.000000 -0.000000 -0.095191 -0.015211 -0.747160 -0.000001 -0.000001 -0.000000 
0.000000 -0.210014 0.052218 9.577158 0.000000 -0.000000 0.000000 -0.000000 -0.000000 -0.000001 0.000000 -0.000001 0.108498 0.010680 -0.004987 -51.910513 3.233828 -2.754348 0.042686 -0.033397 -0.412863 36.706249 4.702672 2.347132 0.051757 0.026022 -0.434841 -6.906977 -5.816532 -8.145475 0.014582 -0.140203 -0.041002 -0.000002 0.000001 0.000000 0.000000 0.031892 0.087417 -0.000003 0.000000 -0.000000 0.000000 -0.000295 0.129738 -0.000000 0.000000 -0.000000 0.000000 0.021603 0.135532 0.000003 0.000000 -0.000000 0.022776 -0.072500 0.132876 0.000001 0.000000 -0.000000 0.163716 0.004516 -0.030142 29.330304 23.861013 -1.254537 0.165715 0.002195 -0.189845 17.766840 8.169188 -9.106849 0.134640 -0.191983 -0.128679 -20.422447 16.986858 7.569700 0.001147 -0.048713 -0.006655 -0.000001 -0.000000 0.000003 0.011701 -0.029588 -0.016302 -0.000004 -0.000002 0.000000 0.018464 -0.075698 -0.024375 -0.000002 0.000004 0.000000 0.000000 -0.061697 0.207353 -0.000002 0.000000 -0.000000 0.000000 -0.018035 0.048318 -0.000003 0.000000 -0.000000 0.000000 -0.018035 0.048318 -0.000002 0.000000 -0.000000 -0.022776 -0.072500 0.132876 0.000001 -0.000000 0.000000 -0.163716 0.004516 -0.030142 -0.522852 -27.323214 8.756569 -0.165715 0.002195 -0.189845 5.220011 -5.584096 6.860060 -0.134640 -0.191983 -0.128679 -14.431765 -3.399414 -9.908349 -0.011509 -0.048713 0.001674 -0.000002 0.000000 0.000000 -0.011701 -0.029588 -0.016302 -0.000001 0.000003 -0.000001 -0.018463 -0.075698 -0.024375 -0.000004 0.000003 -0.000000 -0.000000 -0.000000 -0.000000 -0.000001 -0.000000 0.000001 -0.108498 0.010680 -0.004987 -8.950229 -6.381049 1.215893 -0.042813 -0.034513 -0.413943 27.175482 -2.238431 -2.406865 -0.057838 0.011271 -0.433514 -28.096943 7.245561 2.043135 -0.014582 -0.140202 -0.044665 -0.000002 0.000001 -0.000000 0.352207 -0.331174 0.370911 -0.000000 0.000000 -0.000000 0.253490 -0.139412 0.043517 38.570300 51.595071 -0.000012 -0.275499 -0.250273 0.370911 -0.000000 0.000000 -0.000000 -0.232716 -0.461183 0.053609 -0.000001 -38.791356 0.000007 0.125668 -0.265692 -0.313595 -0.000000 0.000000 -0.000000 0.130146 -0.534334 -0.668620 -12.382659 0.000001 -9.258735 -0.113330 -0.268834 -0.313595 -0.000000 0.000000 -0.000000 -0.095191 -0.015211 -0.747160 -0.000001 -0.000001 -0.000000 
0.000000 -0.210014 0.052218 9.577158 0.000000 -0.000000 0.000000 -0.000000 -0.000000 -0.000001 0.000000 -0.000001 0.108498 0.010680 -0.004987 -51.910513 3.233828 -2.754348 0.042686 -0.033397 -0.412863 36.706249 4.702672 2.347132 0.051757 0.026022 -0.434841 -6.906977 -5.816532 -8.145475 0.014582 -0.140203 -0.041002 -0.000002 0.000001 0.000000 0.000000 0.031892 0.087417 -0.000003 0.000000 -0.000000 0.000000 -0.000295 0.129738 -0.000000 0.000000 -0.000000 0.000000 0.021603 0.135532 0.000003 0.000000 -0.000000 0.022776 -0.072500 0.132876 0.000001 0.000000 -0.000000 0.163716 0.004516 -0.030142 29.330304 23.861013 -1.254537 0.165715 0.002195 -0.189845 17.766840 8.169188 -9.106849 0.134640 -0.191983 -0.128679 -20.422447 16.986858 7.569700 0.001147 -0.048713 -0.006655 -0.000001 -0.000000 0.000003 0.011701 -0.029588 -0.016302 -0.000004 -0.000002 0.000000 0.018464 -0.075698 -0.024375 -0.000002 0.000004 0.000000 0.000000 -0.061697 0.207353 -0.000002 0.000000 -0.000000 0.000000 -0.018035 0.048318 -0.000003 0.000000 -0.000000 0.000000 -0.018035 0.048318 -0.000002 0.000000 -0.000000 -0.022776 -0.072500 0.132876 0.000001 -0.000000 0.000000 -0.163716 0.004516 -0.030142 -0.522852 -27.323214 8.756569 -0.165715 0.002195 -0.189845 5.220011 -5.584096 6.860060 -0.134640 -0.191983 -0.128679 -14.431765 -3.399414 -9.908349 -0.011509 -0.048713 0.001674 -0.000002 0.000000 0.000000 -0.011701 -0.029588 -0.016302 -0.000001 0.000003 -0.000001 -0.018463 -0.075698 -0.024375 -0.000004 0.000003 -0.000000 -0.000000 -0.000000 -0.000000 -0.000001 -0.000000 0.000001 -0.108498 0.010680 -0.004987 -8.950229 -6.381049 1.215893 -0.042813 -0.034513 -0.413943 27.175482 -2.238431 -2.406865 -0.057838 0.011271 -0.433514 -28.096943 7.245561 2.043135 -0.014582 -0.140202 -0.044665 -0.000002 0.000001 -0.000000 0.352207 -0.331174 0.370911 -0.000000 0.000000 -0.000000 0.253490 -0.139412 0.043517 38.570300 51.595071 -0.000012 -0.275499 -0.250273 0.370911 -0.000000 0.000000 -0.000000 -0.232716 -0.461183 0.053609 -0.000001 -38.791356 0.000007 0.125668 -0.265692 -0.313595 -0.000000 0.000000 -0.000000 0.130146 -0.534334 -0.668620 -12.382659 0.000001 -9.258735 -0.113330 -0.268834 -0.313595 -0.000000 0.000000 -0.000000 -0.095191 -0.015211 -0.747160 -0.000001 -0.000001 -0.000000 
0.000000 -0.210014 0.052218 9.577158 0.000000 -0.000000 0.000000 -0.000000 -0.000000 -0.000001 0.000000 -0.000001 0.108498 0.010680 -0.004987 -51.910513 3.233828 -2.754348 0.042686 -0.033397 -0.412863 36.706249 4.702672 2.347132 0.051757 0.026022 -0.434841 -6.906977 -5.816532 -8.145475 0.014582 -0.140203 -0.041002 -0.000002 0.000001 0.000000 0.000000 0.031892 0.087417 -0.000003 0.000000 -0.000000 0.000000 -0.000295 0.129738 -0.000000 0.000000 -0.000000 0.000000 0.021603 0.135532 0.000003 0.000000 -0.000000 0.022776 -0.072500 0.132876 0.000001 0.000000 -0.000000 0.163716 0.004516 -0.030142 29.330304 23.861013 -1.254537 0.165715 0.002195 -0.189845 17.766840 8.169188 -9.106849 0.134640 -0.191983 -0.128679 -20.422447 16.986858 7.569700 0.001147 -0.048713 -0.006655 -0.000001 -0.000000 0.000003 0.011701 -0.029588 -0.016302 -0.000004 -0.000002 0.000000 0.018464 -0.075698 -0.024375 -0.000002 0.000004 0.000000 0.000000 -0.061697 0.207353 -0.000002 0.000000 -0.000000 0.000000 -0.018035 0.048318 -0.000003 0.000000 -0.000000 0.000000 -0.018035 0.048318 -0.000002 0.000000 -0.000000 -0.022776 -0.072500 0.132876 0.000001 -0.000000 0.000000 -0.163716 0.004516 -0.030142 -0.522852 -27.323214 8.756569 -0.165715 0.002195 -0.189845 5.220011 -5.584096 6.860060 -0.134640 -0.191983 -0.128679 -14.431765 -3.399414 -9.908349 -0.011509 -0.048713 0.001674 -0.000002 0.000000 0.000000 -0.011701 -0.029588 -0.016302 -0.000001 0.000003 -0.000001 -0.018463 -0.075698 -0.024375 -0.000004 0.000003 -0.000000 -0.000000 -0.000000 -0.000000 -0.000001 -0.000000 0.000001 -0.108498 0.010680 -0.004987 -8.950229 -6.381049 1.215893 -0.042813 -0.034513 -0.413943 27.175482 -2.238431 -2.406865 -0.057838 0.011271 -0.433514 -28.096943 7.245561 2.043135 -0.014582 -0.140202 -0.044665 -0.000002 0.000001 -0.000000 0.352207 -0.331174 0.370911 -0.000000 0.000000 -0.000000 0.253490 -0.139412 0.043517 38.570300 51.595071 -0.000012 -0.275499 -0.250273 0.370911 -0.000000 0.000000 -0.000000 -0.232716 -0.461183 0.053609 -0.000001 -38.791356 0.000007 0.125668 -0.265692 -0.313595 -0.000000 0.000000 -0.000000 0.130146 -0.534334 -0.668620 -12.382659 0.000001 -9.258735 -0.113330 -0.268834 -0.313595 -0.000000 0.000000 -0.000000 -0.095191 -0.015211 -0.747160 -0.000001 -0.000001 -0.000000 
0.000000 -0.210014 0.052218 9.577158 0.000000 -0.000000 0.000000 -0.000000 -0.000000 -0.000001 0.000000 -0.000001 0.108498 0.010680 -0.004987 -51.910513 3.233828 -2.754348 0.042686 -0.033397 -0.412863 36.706249 4.702672 2.347132 0.051757 0.026022 -0.434841 -6.906977 -5.816532 -8.145475 0.014582 -0.140203 -0.041002 -0.000002 0.000001 0.000000 0.000000 0.031892 0.087417 -0.000003 0.000000 -0.000000 0.000000 -0.000295 0.129738 -0.000000 0.000000 -0.000000 0.000000 0.021603 0.135532 0.000003 0.000000 -0.000000 0.022776 -0.072500 0.132876 0.000001 0.000000 -0.000000 0.163716 0.004516 -0.030142 29.330304 23.861013 -1.254537 0.165715 0.002195 -0.189845 17.766840 8.169188 -9.106849 0.134640 -0.191983 -0.128679 -20.422447 16.986858 7.569700 0.001147 -0.048713 -0.006655 -0.000001 -0.000000 0.000003 0.011701 -0.029588 -0.016302 -0.000004 -0.000002 0.000000 0.018464 -0.075698 -0.024375 -0.000002 0.000004 0.000000 0.000000 -0.061697 0.207353 -0.000002 0.000000 -0.000000 0.000000 -0.018035 0.048318 -0.000003 0.000000 -0.000000 0.000000 -0.018035 0.048318 -0.000002 0.000000 -0.000000 -0.022776 -0.072500 0.132876 0.000001 -0.000000 0.000000 -0.163716 0.004516 -0.030142 -0.522852 -27.323214 8.756569 -0.165715 0.002195 -0.189845 5.220011 -5.584096 6.860060 -0.134640 -0.191983 -0.128679 -14.431765 -3.399414 -9.908349 -0.011509 -0.048713 0.001674 -0.000002 0.000000 0.000000 -0.011701 -0.029588 -0.016302 -0.000001 0.000003 -0.000001 -0.018463 -0.075698 -0.024375 -0.000004 0.000003 -0.000000 -0.000000 -0.000000 -0.000000 -0.000001 -0.000000 0.000001 -0.108498 0.010680 -0.004987 -8.950229 -6.381049 1.215893 -0.042813 -0.034513 -0.413943 27.175482 -2.238431 -2.406865 -0.057838 0.011271 -0.433514 -28.096943 7.245561 2.043135 -0.014582 -0.140202 -0.044665 -0.000002 0.000001 -0.000000 0.352207 -0.331174 0.370911 -0.000000 0.000000 -0.000000 0.253490 -0.139412 0.043517 38.570300 51.595071 -0.000012 -0.275499 -0.250273 0.370911 -0.000000 0.000000 -0.000000 -0.232716 -0.461183 0.053609 -0.000001 -38.791356 0.000007 0.125668 -0.265692 -0.313595 -0.000000 0.000000 -0.000000 0.130146 -0.534334 -0.668620 -12.382659 0.000001 -9.258735 -0.113330 -0.268834 -0.313595 -0.000000 0.000000 -0.000000 -0.095191 -0.015211 -0.747160 -0.000001 -0.000001 -0.000000 
0.000000 -0.210014 0.052218 9.577158 0.000000 -0.000000 0.000000 -0.000000 -0.000000 -0.000001 0.000000 -0.000001 0.108498 0.010680 -0.004987 -51.910513 3.233828 -2.754348 0.042686 -0.033397 -0.412863 36.706249 4.702672 2.347132 0.051757 0.026022 -0.434841 -6.906977 -5.816532 -8.145475 0.014582 -0.140203 -0.041002 -0.000002 0.000001 0.000000 0.000000 0.031892 0.087417 -0.000003 0.000000 -0.000000 0.000000 -0.000295 0.129738 -0.000000 0.000000 -0.000000 0.000000 0.021603 0.135532 0.000003 0.000000 -0.000000 0.022776 -0.072500 0.132876 0.000001 0.000000 -0.000000 0.163716 0.004516 -0.030142 29.330304 23.861013 -1.254537 0.165715 0.002195 -0.189845 17.766840 8.169188 -9.106849 0.134640 -0.191983 -0.128679 -20.422447 16.986858 7.569700 0.001147 -0.048713 -0.006655 -0.000001 -0.000000 0.000003 0.011701 -0.029588 -0.016302 -0.000004 -0.000002 0.000000 0.018464 -0.075698 -0.024375 -0.000002 0.000004 0.000000 0.000000 -0.061697 0.207353 -0.000002 0.000000 -0.000000 0.000000 -0.018035 0.048318 -0.000003 0.000000 -0.000000 0.000000 -0.018035 0.048318 -0.000002 0.000000 -0.000000 -0.022776 -0.072500 0.132876 0.000001 -0.000000 0.000000 -0.163716 0.004516 -0.030142 -0.522852 -27.323214 8.756569 -0.165715 0.002195 -0.189845 5.220011 -5.584096 6.860060 -0.134640 -0.191983 -0.128679 -14.431765 -3.399414 -9.908349 -0.011509 -0.048713 0.001674 -0.000002 0.000000 0.000000 -0.011701 -0.029588 -0.016302 -0.000001 0.000003 -0.000001 -0.018463 -0.075698 -0.024375 -0.000004 0.000003 -0.000000 -0.000000 -0.000000 -0.000000 -0.000001 -0.000000 0.000001 -0.108498 0.010680 -0.004987 -8.950229 -6.381049 1.215893 -0.042813 -0.034513 -0.413943 27.175482 -2.238431 -2.406865 -0.057838 0.011271 -0.433514 -28.096943 7.245561 2.043135 -0.014582 -0.140202 -0.044665 -0.000002 0.000001 -0.000000 0.352207 -0.331174 0.370911 -0.000000 0.000000 -0.000000 0.253490 -0.139412 0.043517 38.570300 51.595071 -0.000012 -0.275499 -0.250273 0.370911 -0.000000 0.000000 -0.000000 -0.232716 -0.461183 0.053609 -0.000001 -38.791356 0.000007 0.125668 -0.265692 -0.313595 -0.000000 0.000000 -0.000000 0.130146 -0.534334 -0.668620 -12.382659 0.000001 -9.258735 -0.113330 -0.268834 -0.313595 -0.000000 0.000000 -0.000000 -0.095191 -0.015211 -0.747160 -0.000001 -0.000001 -0.000000 
0.000000 -0.210014 0.052218 9.577158 0.000000 -0.000000 0.000000 -0.000000 -0.000000 -0.000001 0.000000 -0.000001 0.108498 0.010680 -0.004987 -51.910513 3.233828 -2.754348 0.042686 -0.033397 -0.412863 36.706249 4.702672 2.347132 0.051757 0.026022 -0.434841 -6.906977 -5.816532 -8.145475 0.014582 -0.140203 -0.041002 -0.000002 0.000001 0.000000 0.000000 0.031892 0.087417 -0.000003 0.000000 -0.000000 0.000000 -0.000295 0.129738 -0.000000 0.000000 -0.000000 0.000000 0.021603 0.135532 0.000003 0.000000 -0.000000 0.022776 -0.072500 0.132876 0.000001 0.000000 -0.000000 0.163716 0.004516 -0.030142 29.330304 23.861013 -1.254537 0.165715 0.002195 -0.189845 17.766840 8.169188 -9.106849 0.134640 -0.191983 -0.128679 -20.422447 16.986858 7.569700 0.001147 -0.048713 -0.006655 -0.000001 -0.000000 0.000003 0.011701 -0.029588 -0.016302 -0.000004 -0.000002 0.000000 0.018464 -0.075698 -0.024375 -0.000002 0.000004 0.000000 0.000000 -0.061697 0.207353 -0.000002 0.000000 -0.000000 0.000000 -0.018035 0.048318 -0.000003 0.000000 -0.000000 0.000000 -0.018035 0.048318 -0.000002 0.000000 -0.000000 -0.022776 -0.072500 0.132876 0.000001 -0.000000 0.000000 -0.163716 0.004516 -0.030142 -0.522852 -27.323214 8.756569 -0.165715 0.002195 -0.189845 5.220011 -5.584096 6.860060 -0.134640 -0.191983 -0.128679 -14.431765 -3.399414 -9.908349 -0.011509 -0.048713 0.001674 -0.000002 0.000000 0.000000 -0.011701 -0.029588 -0.016302 -0.000001 0.000003 -0.000001 -0.018463 -0.075698 -0.024375 -0.000004 0.000003 -0.000000 -0.000000 -0.000000 -0.000000 -0.000001 -0.000000 0.000001 -0.108498 0.010680 -0.004987 -8.950229 -6.381049 1.215893 -0.042813 -0.034513 -0.413943 27.175482 -2.238431 -2.406865 -0.057838 0.011271 -0.433514 -28.096943 7.245561 2.043135 -0.014582 -0.140202 -0.044665 -0.000002 0.000001 -0.000000 0.352207 -0.331174 0.370911 -0.000000 0.000000 -0.000000 0.253490 -0.139412 0.043517 38.570300 51.595071 -0.000012 -0.275499 -0.250273 0.370911 -0.000000 0.000000 -0.000000 -0.232716 -0.461183 0.053609 -0.000001 -38.791356 0.000007 0.125668 -0.265692 -0.313595 -0.000000 0.000000 -0.000000 0.130146 -0.534334 -0.668620 -12.382659 0.000001 -9.258735 -0.113330 -0.268834 -0.313595 -0.000000 0.000000 -0.000000 -0.095191 -0.015211 -0.747160 -0.000001 -0.000001 -0.000000 
0.000000 -0.210014 0.052218 9.577158 0.000000 -0.000000 0.000000 -0.000000 -0.000000 -0.000001 0.000000 -0.000001 0.108498 0.010680 -0.004987 -51.910513 3.233828 -2.754348 0.042686 -0.033397 -0.412863 36.706249 4.702672 2.347132 0.051757 0.026022 -0.434841 -6.906977 -5.816532 -8.145475 0.014582 -0.140203 -0.041002 -0.000002 0.000001 0.000000 0.000000 0.031892 0.087417 -0.000003 0.000000 -0.000000 0.000000 -0.000295 0.129738 -0.000000 0.000000 -0.000000 0.000000 0.021603 0.135532 0.000003 0.000000 -0.000000 0.022776 -0.072500 0.132876 0.000001 0.000000 -0.000000 0.163716 0.004516 -0.030142 29.330304 23.861013 -1.254537 0.165715 0.002195 -0.189845 17.766840 8.169188 -9.106849 0.134640 -0.191983 -0.128679 -20.422447 16.986858 7.569700 0.001147 -0.048713 -0.006655 -0.000001 -0.000000 0.000003 0.011701 -0.029588 -0.016302 -0.000004 -0.000002 0.000000 0.018464 -0.075698 -0.024375 -0.000002 0.000004 0.000000 0.000000 -0.061697 0.207353 -0.000002 0.000000 -0.000000 0.000000 -0.018035 0.048318 -0.000003 0.000000 -0.000000 0.000000 -0.018035 0.048318 -0.000002 0.000000 -0.000000 -0.022776 -0.072500 0.132876 0.000001 -0.000000 0.000000 -0.163716 0.004516 -0.030142 -0.522852 -27.323214 8.756569 -0.165715 0.002195 -0.189845 5.220011 -5.584096 6.860060 -0.134640 -0.191983 -0.128679 -14.431765 -3.399414 -9.908349 -0.011509 -0.048713 0.001674 -0.000002 0.000000 0.000000 -0.011701 -0.029588 -0.016302 -0.000001 0.000003 -0.000001 -0.018463 -0.075698 -0.024375 -0.000004 0.000003 -0.000000 -0.000000 -0.000000 -0.000000 -0.000001 -0.000000 0.000001 -0.108498 0.010680 -0.004987 -8.950229 -6.381049 1.215893 -0.042813 -0.034513 -0.413943 27.175482 -2.238431 -2.406865 -0.057838 0.011271 -0.433514 -28.096943 7.245561 2.043135 -0.014582 -0.140202 -0.044665 -0.000002 0.000001 -0.000000 0.352207 -0.331174 0.370911 -0.000000 0.000000 -0.000000 0.253490 -0.139412 0.043517 38.570300 51.595071 -0.000012 -0.275499 -0.250273 0.370911 -0.000000 0.000000 -0.000000 -0.232716 -0.461183 0.053609 -0.000001 -38.791356 0.000007 0.125668 -0.265692 -0.313595 -0.000000 0.000000 -0.000000 0.130146 -0.534334 -0.668620 -12.382659 0.000001 -9.258735 -0.113330 -0.268834 -0.313595 -0.000000 0.000000 -0.000000 -0.095191 -0.015211 -0.747160 -0.000001 -0.000001 -0.000000 
0.000000 -0.210014 0.052218 9.577158 0.000000 -0.000000 0.000000 -0.000000 -0.000000 -0.000001 0.000000 -0.000001 0.108498 0.010680 -0.004987 -51.910513 3.233828 -2.754348 0.042686 -0.033397 -0.412863 36.706249 4.702672 2.347132 0.051757 0.026022 -0.434841 -6.906977 -5.816532 -8.145475 0.014582 -0.140203 -0.041002 -0.000002 0.000001 0.000000 0.000000 0.031892 0.087417 -0.000003 0.000000 -0.000000 0.000000 -0.000295 0.129738 -0.000000 0.000000 -0.000000 0.000000 0.021603 0.135532 0.000003 0.000000 -0.000000 0.022776 -0.072500 0.132876 0.000001 0.000000 -0.000000 0.163716 0.004516 -0.030142 29.330304 23.861013 -1.254537 0.165715 0.002195 -0.189845 17.766840 8.169188 -9.106849 0.134640 -0.191983 -0.128679 -20.422447 16.986858 7.569700 0.001147 -0.048713 -0.006655 -0.000001 -0.000000 0.000003 0.011701 -0.029588 -0.016302 -0.000004 -0.000002 0.000000 0.018464 -0.075698 -0.024375 -0.000002 0.000004 0.000000 0.000000 -0.061697 0.207353 -0.000002 0.000000 -0.000000 0.000000 -0.018035 0.048318 -0.000003 0.000000 -0.000000 0.000000 -0.018035 0.048318 -0.000002 0.000000 -0.000000 -0.022776 -0.072500 0.132876 0.000001 -0.000000 0.000000 -0.163716 0.004516 -0.030142 -0.522852 -27.323214 8.756569 -0.165715 0.002195 -0.189845 5.220011 -5.584096 6.860060 -0.134640 -0.191983 -0.128679 -14.431765 -3.399414 -9.908349 -0.011509 -0.048713 0.001674 -0.000002 0.000000 0.000000 -0.011701 -0.029588 -0.016302 -0.000001 0.000003 -0.000001 -0.018463 -0.075698 -0.024375 -0.000004 0.000003 -0.000000 -0.000000 -0.000000 -0.000000 -0.000001 -0.000000 0.000001 -0.108498 0.010680 -0.004987 -8.950229 -6.381049 1.215893 -0.042813 -0.034513 -0.413943 27.175482 -2.238431 -2.406865 -0.057838 0.011271 -0.433514 -28.096943 7.245561 2.043135 -0.014582 -0.140202 -0.044665 -0.000002 0.000001 -0.000000 0.352207 -0.331174 0.370911 -0.000000 0.000000 -0.000000 0.253490 -0.139412 0.043517 38.570300 51.595071 -0.000012 -0.275499 -0.250273 0.370911 -0.000000 0.000000 -0.000000 -0.232716 -0.461183 0.053609 -0.000001 -38.791356 0.000007 0.125668 -0.265692 -0.313595 -0.000000 0.000000 -0.000000 0.130146 -0.534334 -0.668620 -12.382659 0.000001 -9.258735 -0.113330 -0.268834 -0.313595 -0.000000 0.000000 -0.000000 -0.095191 -0.015211 -0.747160 -0.000001 -0.000001 -0.000000 
0.000000 -0.210014 0.052218 9.577158 0.000000 -0.000000 0.000000 -0.000000 -0.000000 -0.000001 0.000000 -0.000001 0.108498 0.010680 -0.004987 -51.910513 3.233828 -2.754348 0.042686 -0.033397 -0.412863 36.706249 4.702672 2.347132 0.051757 0.026022 -0.434841 -6.906977 -5.816532 -8.145475 0.014582 -0.140203 -0.041002 -0.000002 0.000001 0.000000 0.000000 0.031892 0.087417 -0.000003 0.000000 -0.000000 0.000000 -0.000295 0.129738 -0.000000 0.000000 -0.000000 0.000000 0.021603 0.135532 0.000003 0.000000 -0.000000 0.022776 -0.072500 0.132876 0.000001 0.000000 -0.000000 0.163716 0.004516 -0.030142 29.330304 23.861013 -1.254537 0.165715 0.002195 -0.189845 17.766840 8.169188 -9.106849 0.134640 -0.191983 -0.128679 -20.422447 16.986858 7.569700 0.001147 -0.048713 -0.006655 -0.000001 -0.000000 0.000003 0.011701 -0.029588 -0.016302 -0.000004 -0.000002 0.000000 0.018464 -0.075698 -0.024375 -0.000002 0.000004 0.000000 0.000000 -0.061697 0.207353 -0.000002 0.000000 -0.000000 0.000000 -0.018035 0.048318 -0.000003 0.000000 -0.000000 0.000000 -0.018035 0.048318 -0.000002 0.000000 -0.000000 -0.022776 -0.072500 0.132876 0.000001 -0.000000 0.000000 -0.163716 0.004516 -0.030142 -0.522852 -27.323214 8.756569 -0.165715 0.002195 -0.189845 5.220011 -5.584096 6.860060 -0.134640 -0.191983 -0.128679 -14.431765 -3.399414 -9.908349 -0.011509 -0.048713 0.001674 -0.000002 0.000000 0.000000 -0.011701 -0.029588 -0.016302 -0.000001 0.000003 -0.000001 -0.018463 -0.075698 -0.024375 -0.000004 0.000003 -0.000000 -0.000000 -0.000000 -0.000000 -0.000001 -0.000000 0.000001 -0.108498 0.010680 -0.004987 -8.950229 -6.381049 1.215893 -0.042813 -0.034513 -0.413943 27.175482 -2.238431 -2.406865 -0.057838 0.011271 -0.433514 -28.096943 7.245561 2.043135 -0.014582 -0.140202 -0.044665 -0.000002 0.000001 -0.000000 0.352207 -0.331174 0.370911 -0.000000 0.000000 -0.000000 0.253490 -0.139412 0.043517 38.570300 51.595071 -0.000012 -0.275499 -0.250273 0.370911 -0.000000 0.000000 -0.000000 -0.232716 -0.461183 0.053609 -0.000001 -38.791356 0.000007 0.125668 -0.265692 -0.313595 -0.000000 0.000000 -0.000000 0.130146 -0.534334 -0.668620 -12.382659 0.000001 -9.258735 -0.113330 -0.268834 -0.313595 -0.000000 0.000000 -0.000000 -0.095191 -0.015211 -0.747160 -0.000001 -0.000001 -0.000000 
0.000000 -0.210014 0.052218 9.577158 0.000000 -0.000000 0.000000 -0.000000 -0.000000 -0.000001 0.000000 -0.000001 0.108498 0.010680 -0.004987 -51.910513 3.233828 -2.754348 0.042686 -0.033397 -0.412863 36.706249 4.702672 2.347132 0.051757 0.026022 -0.434841 -6.906977 -5.816532 -8.145475 0.014582 -0.140203 -0.041002 -0.000002 0.000001 0.000000 0.000000 0.031892 0.087417 -0.000003 0.000000 -0.000000 0.000000 -0.000295 0.129738 -0.000000 0.000000 -0.000000 0.000000 0.021603 0.135532 0.000003 0.000000 -0.000000 0.022776 -0.072500 0.132876 0.000001 0.000000 -0.000000 0.163716 0.004516 -0.030142 29.330304 23.861013 -1.254537 0.165715 0.002195 -0.189845 17.766840 8.169188 -9.106849 0.134640 -0.191983 -0.128679 -20.422447 16.986858 7.569700 0.001147 -0.048713 -0.006655 -0.000001 -0.000000 0.000003 0.011701 -0.029588 -0.016302 -0.000004 -0.000002 0.000000 0.018464 -0.075698 -0.024375 -0.000002 0.000004 0.000000 0.000000 -0.061697 0.207353 -0.000002 0.000000 -0.000000 0.000000 -0.018035 0.048318 -0.000003 0.000000 -0.000000 0.000000 -0.018035 0.048318 -0.000002 0.000000 -0.000000 -0.022776 -0.072500 0.132876 0.000001 -0.000000 0.000000 -0.163716 0.004516 -0.030142 -0.522852 -27.323214 8.756569 -0.165715 0.002195 -0.189845 5.220011 -5.584096 6.860060 -0.134640 -0.191983 -0.128679 -14.431765 -3.399414 -9.908349 -0.011509 -0.048713 0.001674 -0.000002 0.000000 0.000000 -0.011701 -0.029588 -0.016302 -0.000001 0.000003 -0.000001 -0.018463 -0.075698 -0.024375 -0.000004 0.000003 -0.000000 -0.000000 -0.000000 -0.000000 -0.000001 -0.000000 0.000001 -0.108498 0.010680 -0.004987 -8.950229 -6.381049 1.215893 -0.042813 -0.034513 -0.413943 27.175482 -2.238431 -2.406865 -0.057838 0.011271 -0.433514 -28.096943 7.245561 2.043135 -0.014582 -0.140202 -0.044665 -0.000002 0.000001 -0.000000 0.352207 -0.331174 0.370911 -0.000000 0.000000 -0.000000 0.253490 -0.139412 0.043517 38.570300 51.595071 -0.000012 -0.275499 -0.250273 0.370911 -0.000000 0.000000 -0.000000 -0.232716 -0.461183 0.053609 -0.000001 -38.791356 0.000007 0.125668 -0.265692 -0.313595 -0.000000 0.000000 -0.000000 0.130146 -0.534334 -0.668620 -12.382659 0.000001 -9.258735 -0.113330 -0.268834 -0.313595 -0.000000 0.000000 -0.000000 -0.095191 -0.015211 -0.747160 -0.000001 -0.000001 -0.000000 
0.000000 -0.210014 0.052218 9.577158 0.000000 -0.000000 0.000000 -0.000000 -0.000000 -0.000001 0.000000 -0.000001 0.108498 0.010680 -0.004987 -51.910513 3.233828 -2.754348 0.042686 -0.033397 -0.412863 36.706249 4.702672 2.347132 0.051757 0.026022 -0.434841 -6.906977 -5.816532 -8.145475 0.014582 -0.140203 -0.041002 -0.000002 0.000001 0.000000 0.000000 0.031892 0.087417 -0.000003 0.000000 -0.000000 0.000000 -0.000295 0.129738 -0.000000 0.000000 -0.000000 0.000000 0.021603 0.135532 0.000003 0.000000 -0.000000 0.022776 -0.072500 0.132876 0.000001 0.000000 -0.000000 0.163716 0.004516 -0.030142 29.330304 23.861013 -1.254537 0.165715 0.002195 -0.189845 17.766840 8.169188 -9.106849 0.134640 -0.191983 -0.128679 -20.422447 16.986858 7.569700 0.001147 -0.048713 -0.006655 -0.000001 -0.000000 0.000003 0.011701 -0.029588 -0.016302 -0.000004 -0.000002 0.000000 0.018464 -0.075698 -0.024375 -0.000002 0.000004 0.000000 0.000000 -0.061697 0.207353 -0.000002 0.000000 -0.000000 0.000000 -0.018035 0.048318 -0.000003 0.000000 -0.000000 0.000000 -0.018035 0.048318 -0.000002 0.000000 -0.000000 -0.022776 -0.072500 0.132876 0.000001 -0.000000 0.000000 -0.163716 0.004516 -0.030142 -0.522852 -27.323214 8.756569 -0.165715 0.002195 -0.189845 5.220011 -5.584096 6.860060 -0.134640 -0.191983 -0.128679 -14.431765 -3.399414 -9.908349 -0.011509 -0.048713 0.001674 -0.000002 0.000000 0.000000 -0.011701 -0.029588 -0.016302 -0.000001 0.000003 -0.000001 -0.018463 -0.075698 -0.024375 -0.000004 0.000003 -0.000000 -0.000000 -0.000000 -0.000000 -0.000001 -0.000000 0.000001 -0.108498 0.010680 -0.004987 -8.950229 -6.381049 1.215893 -0.042813 -0.034513 -0.413943 27.175482 -2.238431 -2.406865 -0.057838 0.011271 -0.433514 -28.096943 7.245561 2.043135 -0.014582 -0.140202 -0.044665 -0.000002 0.000001 -0.000000 0.352207 -0.331174 0.370911 -0.000000 0.000000 -0.000000 0.253490 -0.139412 0.043517 38.570300 51.595071 -0.000012 -0.275499 -0.250273 0.370911 -0.000000 0.000000 -0.000000 -0.232716 -0.461183 0.053609 -0.000001 -38.791356 0.000007 0.125668 -0.265692 -0.313595 -0.000000 0.000000 -0.000000 0.130146 -0.534334 -0.668620 -12.382659 0.000001 -9.258735 -0.113330 -0.268834 -0.313595 -0.000000 0.000000 -0.000000 -0.095191 -0.015211 -0.747160 -0.000001 -0.000001 -0.000000 
0.000000 -0.210014 0.052218 9.577158 0.000000 -0.000000 0.000000 -0.000000 -0.000000 -0.000001 0.000000 -0.000001 0.108498 0.010680 -0.004987 -51.910513 3.233828 -2.754348 0.042686 -0.033397 -0.412863 36.706249 4.702672 2.347132 0.051757 0.026022 -0.434841 -6.906977 -5.816532 -8.145475 0.014582 -0.140203 -0.041002 -0.000002 0.000001 0.000000 0.000000 0.031892 0.087417 -0.000003 0.000000 -0.000000 0.000000 -0.000295 0.129738 -0.000000 0.000000 -0.000000 0.000000 0.021603 0.135532 0.000003 0.000000 -0.000000 0.022776 -0.072500 0.132876 0.000001 0.000000 -0.000000 0.163716 0.004516 -0.030142 29.330304 23.861013 -1.254537 0.165715 0.002195 -0.189845 17.766840 8.169188 -9.106849 0.134640 -0.191983 -0.128679 -20.422447 16.986858 7.569700 0.001147 -0.048713 -0.006655 -0.000001 -0.000000 0.000003 0.011701 -0.029588 -0.016302 -0.000004 -0.000002 0.000000 0.018464 -0.075698 -0.024375 -0.000002 0.000004 0.000000 0.000000 -0.061697 0.207353 -0.000002 0.000000 -0.000000 0.000000 -0.018035 0.048318 -0.000003 0.000000 -0.000000 0.000000 -0.018035 0.048318 -0.000002 0.000000 -0.000000 -0.022776 -0.072500 0.132876 0.000001 -0.000000 0.000000 -0.163716 0.004516 -0.030142 -0.522852 -27.323214 8.756569 -0.165715 0.002195 -0.189845 5.220011 -5.584096 6.860060 -0.134640 -0.191983 -0.128679 -14.431765 -3.399414 -9.908349 -0.011509 -0.048713 0.001674 -0.000002 0.000000 0.000000 -0.011701 -0.029588 -0.016302 -0.000001 0.000003 -0.000001 -0.018463 -0.075698 -0.024375 -0.000004 0.000003 -0.000000 -0.000000 -0.000000 -0.000000 -0.000001 -0.000000 0.000001 -0.108498 0.010680 -0.004987 -8.950229 -6.381049 1.215893 -0.042813 -0.034513 -0.413943 27.175482 -2.238431 -2.406865 -0.057838 0.011271 -0.433514 -28.096943 7.245561 2.043135 -0.014582 -0.140202 -0.044665 -0.000002 0.000001 -0.000000 0.352207 -0.331174 0.370911 -0.000000 0.000000 -0.000000 0.253490 -0.139412 0.043517 38.570300 51.595071 -0.000012 -0.275499 -0.250273 0.370911 -0.000000 0.000000 -0.000000 -0.232716 -0.461183 0.053609 -0.000001 -38.791356 0.000007 0.125668 -0.265692 -0.313595 -0.000000 0.000000 -0.000000 0.130146 -0.534334 -0.668620 -12.382659 0.000001 -9.258735 -0.113330 -0.268834 -0.313595 -0.000000 0.000000 -0.000000 -0.095191 -0.015211 -0.747160 -0.000001 -0.000001 -0.000000 
